drug,concentration,node_id,fitness,n_genotypes,is_peak,contains_wildtype
AMP,12.2,....HT.SKCMQ.,3.4495653668079695,1,1,0
AMP,12.2,....N.....MQ.,3.435701203678297,1,1,0
AMP,12.2,....S....S...,3.4673052849225003,1,1,0
AMP,12.2,..L.NTT...M.D,3.4465086433036443,1,1,0
AMP,12.2,..LKN..S....D,3.3175234740023622,21141,0,1
AMP,12.2,..LKN.TSK.ML.,3.2407245211893816,1,0,0
AMP,12.2,..V.STT....LD,3.1885730076596457,1,0,0
AMP,12.2,..VK..T.K..L.,3.557216311117187,1,1,0
AMP,12.2,.K....T.K.M..,3.579302497962217,1,1,0
AMP,12.2,.K..HTT..SM..,3.5164921167510537,1,1,0
AMP,12.2,.K.KN.TSK.MLD,3.5307249347536187,1,1,0
AMP,12.2,.KL.S..S..M..,3.6061982979351614,1,1,0
AMP,12.2,.KV.N..S.CML.,2.9684990871153287,34126,0,0
AMP,12.2,P....TT.K.MQ.,3.4797664131575203,1,1,0
AMP,12.2,P...HTTS.S.L.,2.3974010186260677,1,0,0
AMP,12.2,P..K..T.K..Q.,3.430556611651061,1,1,0
AMP,12.2,P..KHTTS.SML.,2.1157378878579185,1,0,0
AMP,12.2,P.V..TT..SMQD,1.8432099298148246,1,0,0
AMP,12.2,P.VKN..SK.M..,3.575082188368869,1,1,0
AMP,12.2,PK...TT.KSMQ.,2.1320030430181975,1,0,0
AMP,12.2,PK..HTT.K.M.D,3.8783915732986562,1,1,0
AMP,12.2,PK.K.T...SM..,3.8154453629079654,1,1,0
AMP,12.2,PKL..T.S.S.LD,2.165462491490066,1,0,0
AMP,12.2,PKL.S.T..CML.,3.6680916010223923,1,1,0
AMP,12.2,PKL.STT....QD,3.907484217752258,1,1,0
AMP,12.2,PKLK.TT.KCMLD,2.0803099581199183,1,0,0
AMP,12.2,PKV.HT..KSMQ.,2.4578029077612076,1,0,0
AMP,12.2,PKV.N..S..ML.,3.775890729106883,1,1,0
AMP,48.8,.....T.....LD,3.701480619804342,1,1,0
AMP,48.8,....HT..K....,3.712416051748465,1,1,0
AMP,48.8,....N.....MQD,3.6100101616562617,1,1,0
AMP,48.8,...KS.TSK..LD,3.3885488544652036,1,0,0
AMP,48.8,..L.H...K....,3.407203303113588,1,0,0
AMP,48.8,..L.N......L.,3.406899010403107,1,0,0
AMP,48.8,..LKST......D,3.3262710454242295,1,0,0
AMP,48.8,..V.N.T....L.,3.6018834640330724,1,1,0
AMP,48.8,.K.KN..S..MLD,3.4208905880441765,1,0,0
AMP,48.8,.KL.N....C...,3.6238394224366006,1,1,0
AMP,48.8,.KL.S...K.M..,3.62639558459222,1,1,0
AMP,48.8,.KV.H......Q.,3.5661490050746285,1,1,0
AMP,48.8,.KV.S..SK.M.D,3.4200549399799174,1,0,0
AMP,48.8,.KVKNT.....Q.,3.790561800387662,1,1,0
AMP,48.8,P......S.CM..,3.4519468145183505,18505,0,1
AMP,48.8,P....T.....L.,3.853912108616636,1,1,0
AMP,48.8,P...H..S..MQD,3.8196937145876917,1,1,0
AMP,48.8,P..K.TT..CMQ.,1.7609939398618066,1,0,0
AMP,48.8,P..KNT...S.LD,2.2955981465889943,1,0,0
AMP,48.8,P.L..TT..SM.D,1.3305422946128593,1,0,0
AMP,48.8,P.LK.TT..CMQ.,3.480876815215906,1,1,0
AMP,48.8,P.V...T..SMQ.,2.126182601716773,1,0,0
AMP,48.8,P.V.H.TS....D,2.32963374198503,1,0,0
AMP,48.8,P.V.H.TS...L.,2.1258364566354753,1,0,0
AMP,48.8,P.VK..TS..M..,2.458257797617013,1,0,0
AMP,48.8,P.VKST..KCM..,2.0657849206925776,1,0,0
AMP,48.8,PK...TTSKCMQ.,1.3095677653327347,1,0,0
AMP,48.8,PK..HTTSKS.L.,2.006633854339787,1,0,0
AMP,48.8,PK.K.T.S.SML.,1.7944846751594408,1,0,0
AMP,48.8,PKL..TT.KCM.D,1.7378052306211784,1,0,0
AMP,48.8,PKL.H...KCM.D,2.2668950805743715,1,0,0
AMP,48.8,PKL.HTT.KC.LD,2.011668307170904,1,0,0
AMP,48.8,PKL.HTT.KCML.,0.17609125905568124,1,0,0
AMP,48.8,PKL.STT..CMLD,1.3409906791304844,1,0,0
AMP,48.8,PKLK.T..KSML.,1.4857835587313248,1,0,0
AMP,48.8,PKLK.T.S.C..D,2.756678770159798,36740,0,0
AMP,48.8,PKLK.TT..CM.D,0.17609125905568124,1,0,0
AMP,48.8,PKLK.TT..CML.,1.9126843550988442,2,0,0
AMP,48.8,PKLK.TTSKCML.,1.8890752147003853,1,0,0
AMP,48.8,PKV.H.T.KCMQD,3.300321850455758,1,1,0
AMP,48.8,PKV.N..S..ML.,3.9930066580389982,1,1,0
AMP,48.8,PKV.NTT..SM.D,1.9824596606758857,1,0,0
AMP,48.8,PKV.ST.SKC.L.,1.9813005336510772,1,0,0
AMP,48.8,PKV.STTSKSMQ.,1.9158266571851659,1,0,0
AMP,48.8,PKVK.TT..SML.,1.7370618333129035,1,0,0
AMP,48.8,PKVK.TTS..MLD,1.6959255621516827,1,0,0
AMP,48.8,PKVK.TTS.CMQ.,1.92016440976545,1,0,0
AMP,48.8,PKVKHTTS.S..D,1.7713163420546596,1,0,0
AMP,48.8,PKVKSTTSKCMLD,1.6501663397047042,1,0,0
AMP,195.0,....NT.S.SM.D,2.086813389119666,1,0,0
AMP,195.0,..L.STTSKC.L.,3.236092934039653,1,1,0
AMP,195.0,..V.N...K.M..,3.8230024223508887,1,1,0
AMP,195.0,..VKHT.....QD,3.4299371365112297,1,0,0
AMP,195.0,.KL.HT..K.MQD,3.569133443498207,1,0,0
AMP,195.0,.KL.N.TS.S.LD,1.945787109911762,1,0,0
AMP,195.0,.KLK.TTS.S.QD,3.259518185794761,1,1,0
AMP,195.0,.KLKH.TSKCM.D,3.2161899138748593,1,1,0
AMP,195.0,.KV..T...S.QD,1.9776977416310892,1,0,0
AMP,195.0,.KV.S.TS.C.L.,1.5246282340726869,1,0,0
AMP,195.0,.KV.STTS.S.LD,3.2353344742811867,1,1,0
AMP,195.0,.KVKH.TS.CM.D,3.3344904093249053,1,1,0
AMP,195.0,.KVKN...K..LD,3.657196008207577,10573,0,1
AMP,195.0,.KVKNTTSKC..D,3.0348113080631873,1,1,0
AMP,195.0,.KVKS....C.Q.,1.690299567021555,1,0,0
AMP,195.0,P....T.....L.,4.270718126025763,1,1,0
AMP,195.0,P....T.SKS.L.,1.707675523993304,3,0,0
AMP,195.0,P....TT..SM.D,1.8072348178896263,1,0,0
AMP,195.0,P...NTTS...QD,1.7475925420392513,1,0,0
AMP,195.0,P..K.TT.KS.L.,1.7645740879574,1,0,0
AMP,195.0,P.L..T..KCML.,1.6676604641900048,2,0,0
AMP,195.0,P.L..TT..SM.D,1.0487450678999235,1,0,0
AMP,195.0,P.L.NTTS.SM..,1.4753308512668726,1,0,0
AMP,195.0,P.LK.T.SKSMQ.,1.3125293607895603,1,0,0
AMP,195.0,P.LKHT.SKC.L.,1.7305594484392313,1,0,0
AMP,195.0,P.LKNT...CMQ.,1.8794350937368798,1,0,0
AMP,195.0,P.LKNT.S.CML.,1.8199970135548384,1,0,0
AMP,195.0,P.LKNTT.KCMQ.,3.264093659785994,1,1,0
AMP,195.0,P.LKNTTS.CMLD,1.8173790334453714,1,0,0
AMP,195.0,P.LKSTT.KSML.,2.6194077185755984,44555,0,0
AMP,195.0,P.V..T...CMQD,1.604779248062691,1,0,0
AMP,195.0,P.V..T...S.L.,1.8589448110601443,1,0,0
AMP,195.0,P.V..TT..S...,1.7192919128062094,1,0,0
AMP,195.0,P.V..TTS..MQ.,1.1710136561457667,1,0,0
AMP,195.0,P.V.HTTS..M.D,3.46845290398316,1,1,0
AMP,195.0,P.V.NTTS.C.Q.,1.8815589782017754,1,0,0
AMP,195.0,P.VKH..SK....,2.1967666736463483,1,0,0
AMP,195.0,P.VKH.TSKC...,1.570617076804329,1,0,0
AMP,195.0,P.VKN.T.KC...,1.8556296469585798,1,0,0
AMP,195.0,P.VKNTT...MQ.,1.9807268770103443,1,0,0
AMP,195.0,P.VKS...K.MQ.,2.039418086127239,1,0,0
AMP,195.0,P.VKS.TS.....,1.6842615315264864,1,0,0
AMP,195.0,P.VKST..KSMLD,1.5468241834213674,1,0,0
AMP,195.0,P.VKSTTS.SM.D,1.3548196227915137,1,0,0
AMP,195.0,PK...T..KC..D,1.2296983081308428,1,0,0
AMP,195.0,PK...T.S.SMLD,3.611411744340915,2,1,0
AMP,195.0,PK...TT.KC.L.,1.19288398442636,1,0,0
AMP,195.0,PK...TTS.CM.D,1.374920778245097,1,0,0
AMP,195.0,PK...TTSKS.Q.,3.5044711306739096,1,1,0
AMP,195.0,PK..HTT..SMQD,1.3548196227915137,1,0,0
AMP,195.0,PK..NT.S.S.L.,1.5261571014361863,1,0,0
AMP,195.0,PK..ST..KCM.D,1.4477458475362854,1,0,0
AMP,195.0,PK..ST.SKS.Q.,1.668028020887657,1,0,0
AMP,195.0,PK.K...S.CML.,1.2304615772754492,1,0,0
AMP,195.0,PK.K.T..KCML.,1.481559100038437,2,0,0
AMP,195.0,PK.K.T.S.CM..,0.17609125905568124,1,0,0
AMP,195.0,PK.K.TTSKC.L.,1.0421153538770478,1,0,0
AMP,195.0,PK.KHTT..CM.D,1.8527165877934124,1,0,0
AMP,195.0,PK.KHTTS.SMQD,1.7036648914733319,2,0,0
AMP,195.0,PK.KNT.S.CM..,1.7353406165494034,2,0,0
AMP,195.0,PK.KNTT..CM..,3.23275034735653,1,1,0
AMP,195.0,PKL..T..KS.LD,0.17609125905568124,1,0,0
AMP,195.0,PKL..T..KSMQ.,0.802356658152991,1,0,0
AMP,195.0,PKL..T.SKCML.,1.2590454996501974,1,0,0
AMP,195.0,PKL..TT.KC.QD,3.4513576770230663,1,1,0
AMP,195.0,PKL..TTS.CM.D,0.17609125905568124,1,0,0
AMP,195.0,PKL..TTS.CMQD,0.9008333899652654,1,0,0
AMP,195.0,PKL.HTTS.CM.D,1.6720385612514082,1,0,0
AMP,195.0,PKL.HTTS.CMLD,0.775506018650389,1,0,0
AMP,195.0,PKL.HTTS.SMQD,1.728084997593943,1,0,0
AMP,195.0,PKL.NTT.KCMLD,0.17609125905568124,1,0,0
AMP,195.0,PKL.NTTSKCM.D,0.17609125905568124,1,0,0
AMP,195.0,PKL.ST...C.L.,0.17609125905568124,1,0,0
AMP,195.0,PKLK...S.SMQ.,0.9317466126197781,1,0,0
AMP,195.0,PKLK..TS.SML.,0.17609125905568124,1,0,0
AMP,195.0,PKLK..TSK...D,2.103691277516744,1,0,0
AMP,195.0,PKLK.T...CMQ.,1.3485918205414678,2,0,0
AMP,195.0,PKLK.TT..CMQ.,0.17609125905568124,2,0,0
AMP,195.0,PKLK.TT..S...,3.550191958044242,1,1,0
AMP,195.0,PKLK.TT..S.QD,1.749215132422948,1,0,0
AMP,195.0,PKLK.TT.KCM.D,0.17609125905568124,2,0,0
AMP,195.0,PKLK.TT.KS...,1.0487450678999235,1,0,0
AMP,195.0,PKLK.TTS.SML.,3.389647399363485,1,1,0
AMP,195.0,PKLK.TTSKS.L.,0.9890305643886628,1,0,0
AMP,195.0,PKLKH.TS.S.LD,3.4289876844946647,1,1,0
AMP,195.0,PKLKHT.S.SML.,1.2590454996501974,1,0,0
AMP,195.0,PKLKHTT..C.L.,1.6396479489959357,1,0,0
AMP,195.0,PKLKN..SKC.Q.,1.727036493607095,1,0,0
AMP,195.0,PKLKN..SKSMQ.,1.5272125830266168,1,0,0
AMP,195.0,PKLKNT..KC.Q.,1.4644711317497388,1,0,0
AMP,195.0,PKLKNT..KS.LD,1.5443358304758126,1,0,0
AMP,195.0,PKLKNT.S.CM..,1.4125960796506796,2,0,0
AMP,195.0,PKLKNTTSKCMQ.,1.2932482873637308,1,0,0
AMP,195.0,PKLKSTT..SMLD,1.2590454996501974,1,0,0
AMP,195.0,PKLKSTT.KCMQ.,1.4803570482387238,2,0,0
AMP,195.0,PKLKSTTSKC.LD,3.2600987339921104,1,1,0
AMP,195.0,PKV...TSKSMQ.,1.3734670454256543,1,0,0
AMP,195.0,PKV..T...C...,1.2304615772754492,1,0,0
AMP,195.0,PKV..T..KCMQ.,1.419179425886141,1,0,0
AMP,195.0,PKV..T..KS.L.,0.17609125905568124,2,0,0
AMP,195.0,PKV..T..KS.LD,1.3928018239017341,1,0,0
AMP,195.0,PKV..TT...MQD,1.0993968565881191,1,0,0
AMP,195.0,PKV..TT..C..D,1.2304615772754492,1,0,0
AMP,195.0,PKV..TT..C.L.,0.9008333899652654,1,0,0
AMP,195.0,PKV..TT..SMLD,1.7395275951924696,1,0,0
AMP,195.0,PKV..TT.K..LD,2.1003312557631975,1,0,0
AMP,195.0,PKV..TT.KCML.,0.17609125905568124,1,0,0
AMP,195.0,PKV..TTSK..Q.,1.540521514454251,1,0,0
AMP,195.0,PKV.H...KCMQD,1.7044424164383543,1,0,0
AMP,195.0,PKV.H.TS.SM..,2.1090065598147545,1,0,0
AMP,195.0,PKV.HT...C.QD,1.4355137159971127,1,0,0
AMP,195.0,PKV.HT.S.SM..,1.2590454996501974,1,0,0
AMP,195.0,PKV.HTT..CM.D,0.17609125905568124,1,0,0
AMP,195.0,PKV.HTT..SM.D,1.2296983081308428,1,0,0
AMP,195.0,PKV.HTTS.CMQ.,1.8019698697216442,1,0,0
AMP,195.0,PKV.HTTS.SMQD,3.2504714805458192,1,1,0
AMP,195.0,PKV.HTTSKC.L.,1.2296983081308428,1,0,0
AMP,195.0,PKV.HTTSKCM.D,1.158877293515063,1,0,0
AMP,195.0,PKV.HTTSKSMQD,1.1422804009978669,1,0,0
AMP,195.0,PKV.N..SKCM..,1.0015402010085557,1,0,0
AMP,195.0,PKV.NTTS.C...,0.17609125905568124,1,0,0
AMP,195.0,PKV.S..SKSMQ.,3.4031061458676417,1,1,0
AMP,195.0,PKV.ST..KS.LD,0.17609125905568124,1,0,0
AMP,195.0,PKV.ST.SK.MQ.,1.1768623317644007,1,0,0
AMP,195.0,PKV.ST.SKS.LD,1.803037052529992,1,0,0
AMP,195.0,PKV.STTS.C.LD,1.3737129581075558,1,0,0
AMP,195.0,PKV.STTS.SM..,0.7638540796421855,1,0,0
AMP,195.0,PKV.STTS.SML.,1.8019698697216442,1,0,0
AMP,195.0,PKV.STTS.SMQD,1.541755391639997,1,0,0
AMP,195.0,PKV.STTSKC.QD,1.6720385612514082,1,0,0
AMP,195.0,PKV.STTSKCM.D,0.17609125905568124,1,0,0
AMP,195.0,PKV.STTSKSM.D,1.8644386509909734,1,0,0
AMP,195.0,PKVK.T.S.S..D,1.2828652526061486,1,0,0
AMP,195.0,PKVK.TT.KCMLD,0.17609125905568124,1,0,0
AMP,195.0,PKVKH.T..CM.D,1.7953300110201156,1,0,0
AMP,195.0,PKVKHT.SKSMLD,1.541755391639997,1,0,0
AMP,195.0,PKVKHTT.KS.Q.,0.17609125905568124,1,0,0
AMP,195.0,PKVKN..SKS.LD,1.7890875722057247,1,0,0
AMP,195.0,PKVKN.TS.CMQ.,3.498148371340083,1,1,0
AMP,195.0,PKVKNT..KS.Q.,1.6770634601138479,1,0,0
AMP,195.0,PKVKNT.S.S...,1.6873965986598733,1,0,0
AMP,195.0,PKVKNTTS...Q.,1.6391986526125586,1,0,0
AMP,195.0,PKVKNTTSKC.L.,0.17609125905568124,1,0,0
AMP,195.0,PKVKS..S..MLD,1.9007810745347067,2,0,0
AMP,195.0,PKVKST..KCM..,1.2828652526061486,1,0,0
AMP,195.0,PKVKST..KS.L.,1.7124519998029573,1,0,0
AMP,195.0,PKVKST.S.CM..,0.17609125905568124,1,0,0
AMP,195.0,PKVKST.S.SM.D,1.508565226875671,1,0,0
AMP,195.0,PKVKSTT....QD,1.8421964734845,1,0,0
AMP,195.0,PKVKSTT.KC..D,1.449498363261689,1,0,0
AMP,195.0,PKVKSTT.KS...,1.9751004855456615,1,0,0
AMP,195.0,PKVKSTT.KSM..,1.4367057165748647,1,0,0
AMP,195.0,PKVKSTTSKCMLD,0.17609125905568124,1,0,0
AZT,12.0,...........Q.,3.225370792469991,1,1,0
AZT,12.0,..........MLD,3.0246065789343763,1,1,0
AZT,12.0,......T..S.Q.,1.954086189612765,1,0,0
AZT,12.0,.....TT.KC...,3.3349762122584368,1,1,0
AZT,12.0,....H...KS...,3.5615365879042877,1,0,0
AZT,12.0,....H.TS...LD,3.436884816469422,1,1,0
AZT,12.0,....H.TS...Q.,3.553377284451702,1,1,0
AZT,12.0,....H.TS..MQ.,3.0359933941041715,1,0,0
AZT,12.0,....HT.S....D,3.233641236549817,1,0,0
AZT,12.0,....S....C...,3.388321632997724,1,1,0
AZT,12.0,....S.TS.CM.D,3.272333402026134,1,1,0
AZT,12.0,....ST...SM.D,3.257353772121497,1,1,0
AZT,12.0,....STTS.S..D,3.4138725093661257,1,1,0
AZT,12.0,...K..TSKS.LD,3.249077146316594,1,1,0
AZT,12.0,...K.TT..C...,3.3720521605197553,1,1,0
AZT,12.0,...KH.TSKC...,3.9803138441899573,1,1,0
AZT,12.0,...KNT...CM..,3.3238404056138555,1,0,0
AZT,12.0,...KST..KS..D,3.321646331388952,1,0,0
AZT,12.0,..L....SKC.QD,3.042067148777803,1,0,0
AZT,12.0,..L...T..C..D,3.0681241942192634,1,1,0
AZT,12.0,..L.H.TSKSM..,3.1366658101351335,1,1,0
AZT,12.0,..L.HTTSKC..D,3.135510606526445,1,1,0
AZT,12.0,..LK...SKSMQD,3.5143443942922383,2,1,0
AZT,12.0,..LK..T.....D,3.3440827434380918,2,1,0
AZT,12.0,..LK..TS.CMLD,3.2792058244033835,1,1,0
AZT,12.0,..LK.T...S...,3.26394196945353,1,1,0
AZT,12.0,..LK.TT.KCMLD,3.1897626401626473,1,1,0
AZT,12.0,..LK.TTS...Q.,3.4032538041744926,1,1,0
AZT,12.0,..LK.TTSKCMQ.,3.299271649286836,1,1,0
AZT,12.0,..LKHT.S....D,3.290194605828173,1,1,0
AZT,12.0,..LKN.TS.C.L.,3.195616000163905,1,1,0
AZT,12.0,..LKNT..K..LD,3.190599549409389,1,0,0
AZT,12.0,..LKST..KC..D,3.1144031306831184,1,0,0
AZT,12.0,..V...T.KS.L.,3.093385079031506,1,1,0
AZT,12.0,..V..TT..CMQ.,1.9388138434040034,1,0,0
AZT,12.0,..V..TT.KC.QD,3.2120187683021153,1,1,0
AZT,12.0,..V..TTS...L.,3.4410250142982237,1,1,0
AZT,12.0,..V.H.TS.C.Q.,3.4009357744858137,1,1,0
AZT,12.0,..V.NTT.KSMQ.,3.043648043434416,1,1,0
AZT,12.0,..V.S.TS.SMQD,3.0975960512425353,1,1,0
AZT,12.0,..V.S.TSKS...,3.264740133898585,1,1,0
AZT,12.0,..V.STTS.CM.D,3.385535362553759,1,1,0
AZT,12.0,..VK...S.SMLD,3.2822056737739183,1,1,0
AZT,12.0,..VK.T.SKSML.,3.527911214360376,1,1,0
AZT,12.0,..VKH....CMLD,3.3406609706998838,1,1,0
AZT,12.0,..VKHT..KC.L.,3.4322505458501213,1,1,0
AZT,12.0,..VKN....C...,3.1157098267765826,1,0,0
AZT,12.0,..VKN.T.KS.LD,3.4763362626766403,1,1,0
AZT,12.0,..VKSTTSK..LD,3.5265829572954495,1,1,0
AZT,12.0,.K.....S.C.L.,3.2722323201543646,1,1,0
AZT,12.0,.K....T.KCML.,3.198151921527536,1,1,0
AZT,12.0,.K...TTS..MQ.,3.6321359739084973,1,1,0
AZT,12.0,.K...TTSK...D,3.447993054077758,1,0,0
AZT,12.0,.K...TTSKC.L.,3.3241245344148247,1,1,0
AZT,12.0,.K...TTSKSM.D,1.8850518505574436,1,0,0
AZT,12.0,.K..H.TS.CM..,3.383552543376314,1,1,0
AZT,12.0,.K..N...KCM.D,3.3015943276641906,1,0,0
AZT,12.0,.K..N.T.KS.QD,3.309618004017129,1,1,0
AZT,12.0,.K..NTT..SM..,3.19355041015795,1,1,0
AZT,12.0,.K..S..S...L.,3.216690298680996,1,1,0
AZT,12.0,.K..S..SKCMQD,3.1960491159186644,1,1,0
AZT,12.0,.K..ST.S.S.LD,3.2701124271618682,2,1,0
AZT,12.0,.K.K...S..ML.,3.592573635598074,1,0,0
AZT,12.0,.K.K..T..CMQ.,2.9960829744266233,1,1,0
AZT,12.0,.K.KH..S...LD,3.6340317582443564,2,1,0
AZT,12.0,.K.KH.T.KSMQ.,3.1818316608892987,1,0,0
AZT,12.0,.K.KH.TSKC...,3.5277898470429587,1,0,0
AZT,12.0,.K.KHT...C...,3.1845361956749736,1,0,0
AZT,12.0,.K.KHT..KS..D,2.507447184593103,52957,0,1
AZT,12.0,.K.KN....C..D,3.5095134629658413,1,0,0
AZT,12.0,.K.KS...KCMQ.,3.319793018432786,1,0,0
AZT,12.0,.K.KS.T.KSM..,3.75594090681163,1,0,0
AZT,12.0,.KL.H...KS.LD,3.4597785647160535,1,1,0
AZT,12.0,.KL.H.TS.C.Q.,3.6068742726254426,1,1,0
AZT,12.0,.KL.H.TS.SML.,3.338566100237239,1,1,0
AZT,12.0,.KL.N..SKSML.,3.11827252494896,1,1,0
AZT,12.0,.KL.N.T..S..D,3.3376557785726875,1,1,0
AZT,12.0,.KL.ST...C.QD,3.090886095217247,1,1,0
AZT,12.0,.KLK.T...S.LD,3.2101557631487365,1,1,0
AZT,12.0,.KLKH....C.QD,1.7156083661876675,1,0,0
AZT,12.0,.KLKH..S.CM.D,3.2388857762035608,1,1,0
AZT,12.0,.KLKH..S.SML.,3.3030088789891376,1,1,0
AZT,12.0,.KLKHT...CMQ.,3.3234460204311227,1,1,0
AZT,12.0,.KLKHTT.KS.LD,3.4817665014588166,2,1,0
AZT,12.0,.KLKHTTS..MLD,3.223396282265179,1,1,0
AZT,12.0,.KLKHTTS.C.L.,3.244159614476208,2,1,0
AZT,12.0,.KLKS.TS.S.L.,3.1573001308133093,1,1,0
AZT,12.0,.KLKSTT.KC.L.,3.4458229246041108,1,1,0
AZT,12.0,.KV...T.KSMLD,3.2831283689627306,3,1,0
AZT,12.0,.KV..T.SK..L.,3.5841909684152853,1,0,0
AZT,12.0,.KV..TT.K..Q.,3.5307099515697544,1,1,0
AZT,12.0,.KV.H..S....D,3.4972377048058534,1,1,0
AZT,12.0,.KV.H.T..C.LD,3.1360514281072422,1,1,0
AZT,12.0,.KV.HT.....QD,3.285048532295074,1,1,0
AZT,12.0,.KV.HT..KSMLD,3.5372289467589675,1,1,0
AZT,12.0,.KV.N.TSKS.LD,3.325137218948423,1,1,0
AZT,12.0,.KV.S....C.Q.,3.238611526092503,1,1,0
AZT,12.0,.KV.S.TS.....,1.6659194916572098,1,0,0
AZT,12.0,.KV.STTS.S.LD,3.7408880972517227,1,1,0
AZT,12.0,.KV.STTS.SMLD,3.096800716076903,1,0,0
AZT,12.0,.KVK.....S.LD,3.289873099376451,1,1,0
AZT,12.0,.KVK..T..C.L.,3.3017454318354464,1,1,0
AZT,12.0,.KVK..T..CM..,3.4892737120128894,1,1,0
AZT,12.0,.KVK..TSKCMQD,3.510052570255953,1,1,0
AZT,12.0,.KVK.T.SKC.L.,3.72412159892511,1,1,0
AZT,12.0,.KVK.TTSKCML.,1.7791795500626726,1,0,0
AZT,12.0,.KVKH.TS..MLD,3.118636710142549,1,1,0
AZT,12.0,.KVKH.TS.SM.D,3.500242597256733,1,1,0
AZT,12.0,.KVKHTTS.SML.,3.1156560743429966,1,1,0
AZT,12.0,.KVKN.TSKC.LD,3.055976457203154,1,0,0
AZT,12.0,.KVKS..S.SM.D,3.0997584269182346,1,1,0
AZT,12.0,.KVKST..KCMLD,3.3968108789753972,1,0,0
AZT,12.0,.KVKST.S.C...,3.2595183483348853,1,1,0
AZT,12.0,.KVKST.S.C.LD,3.505916642297964,1,1,0
AZT,12.0,.KVKSTTS..MQD,2.938393675305578,1,0,0
AZT,12.0,P........C.LD,3.3261820598970453,1,1,0
AZT,12.0,P.....TS..M..,3.3863872648505406,1,1,0
AZT,12.0,P....TT..S.L.,1.673119191086597,1,0,0
AZT,12.0,P...H.....M..,3.589237852001322,1,0,0
AZT,12.0,P...H..S.S.L.,3.7288149942176227,1,1,0
AZT,12.0,P...H..SKSM..,3.703682301151203,1,0,0
AZT,12.0,P...HT...S.L.,3.6487007511389082,1,1,0
AZT,12.0,P...HTT...MQD,3.33614477022633,1,1,0
AZT,12.0,P...HTT.KS.Q.,3.584858066926261,1,1,0
AZT,12.0,P...N...K.MQD,3.3908711798476974,1,0,0
AZT,12.0,P...N.T...ML.,3.4121643993237605,1,1,0
AZT,12.0,P...N.TS..ML.,1.8463634264893896,1,0,0
AZT,12.0,P...N.TS..MQD,3.2461726941090063,1,1,0
AZT,12.0,P...NT.SKC.Q.,3.387925426167791,1,1,0
AZT,12.0,P...NTTS.CMQD,1.6773291299910087,1,0,0
AZT,12.0,P...S..S.S...,3.4401147876680924,1,1,0
AZT,12.0,P...ST..K.M.D,3.393281603963881,1,0,0
AZT,12.0,P...STT..CML.,3.457687725829473,1,1,0
AZT,12.0,P..K.........,3.4626489440905046,1,0,0
AZT,12.0,P..K....KCMLD,3.441000127348175,1,1,0
AZT,12.0,P..K..T.KSMQ.,3.190247443290744,1,1,0
AZT,12.0,P..K..TSKS..D,3.452739787501806,1,1,0
AZT,12.0,P..K.T..KSMLD,3.582908062719427,1,1,0
AZT,12.0,P..KHT..KS..D,3.5333162590698,1,0,0
AZT,12.0,P..KHTT.KSMQD,3.1710138120847904,1,1,0
AZT,12.0,P..KHTTSKCMQ.,3.4435843500742225,1,1,0
AZT,12.0,P..KNT.....Q.,3.401232141073448,1,0,0
AZT,12.0,P..KNTT......,3.2947762806235215,1,0,0
AZT,12.0,P..KNTT.K..Q.,3.986518146285004,1,0,0
AZT,12.0,P..KS....SM.D,3.293037648640817,1,0,0
AZT,12.0,P..KST......D,3.3420221332259974,1,0,0
AZT,12.0,P..KSTT.KC..D,3.436309517083587,1,0,0
AZT,12.0,P.L.......MLD,3.2938907768559518,1,1,0
AZT,12.0,P.L......SML.,3.720651361170726,1,1,0
AZT,12.0,P.L....S.C.Q.,3.733278018179507,1,1,0
AZT,12.0,P.L....SKC.QD,3.6262922969276086,1,1,0
AZT,12.0,P.L...T..S...,3.415439627646323,1,1,0
AZT,12.0,P.L...TSK.ML.,3.1025841789035282,1,1,0
AZT,12.0,P.L..T....MQD,3.4363783053721875,1,1,0
AZT,12.0,P.L..T.SKSM.D,3.745822248634772,1,1,0
AZT,12.0,P.L..TT.K..QD,1.7613333692869606,1,0,0
AZT,12.0,P.L.H.TSKS.QD,3.6361011189830283,1,1,0
AZT,12.0,P.L.HT.SKC.Q.,3.2669158166159886,1,1,0
AZT,12.0,P.L.HT.SKCML.,3.565757177580394,2,1,0
AZT,12.0,P.L.HTT..SML.,3.532782657827161,1,1,0
AZT,12.0,P.L.HTTS.S.L.,3.5061885573249985,2,1,0
AZT,12.0,P.L.N...K..Q.,3.4721844470355006,1,0,0
AZT,12.0,P.L.NTTS...L.,3.2725939015623924,1,1,0
AZT,12.0,P.L.NTTS.C.QD,3.3441131352319267,1,1,0
AZT,12.0,P.L.ST..KC..D,1.9371350769783575,1,0,0
AZT,12.0,P.LK..TSK.MQ.,3.301939962021935,1,1,0
AZT,12.0,P.LK.T..K..LD,3.481111253873671,1,1,0
AZT,12.0,P.LK.T.S.C...,3.7666916442760754,1,1,0
AZT,12.0,P.LK.T.SKS.QD,3.384582491183355,1,1,0
AZT,12.0,P.LK.TT.KCM..,3.287934277495903,1,1,0
AZT,12.0,P.LK.TTS.S.L.,3.5114821005311203,1,1,0
AZT,12.0,P.LKHT....MQD,3.47014384503014,2,1,0
AZT,12.0,P.LKHTT.KCMQD,1.6919953523583295,1,0,0
AZT,12.0,P.LKHTTS.CM..,3.3836811374618643,1,1,0
AZT,12.0,P.LKN...K....,4.760665753677523,1917,1,0
AZT,12.0,P.LKN.T....LD,3.305072088471273,1,1,0
AZT,12.0,P.LKN.T.K.MQD,3.1906704990814245,1,0,0
AZT,12.0,P.LKNT..KSMLD,3.4362592557443024,1,1,0
AZT,12.0,P.LKNT.S.C...,3.267168926669318,1,0,0
AZT,12.0,P.LKNTT..C.Q.,3.5098838061925623,1,1,0
AZT,12.0,P.LKS...KS.QD,1.957819407380783,1,0,0
AZT,12.0,P.LKST.S..MQ.,3.3284248936006797,1,1,0
AZT,12.0,P.LKSTT..S.LD,3.1938153333235237,1,1,0
AZT,12.0,P.V......SMQ.,3.4904523905932017,1,1,0
AZT,12.0,P.V....S.....,1.352324036778515,1,0,0
AZT,12.0,P.V....S..M..,4.132690132620358,1,1,0
AZT,12.0,P.V...TSKS.L.,3.118021551712448,1,1,0
AZT,12.0,P.V..T..K.MLD,3.3464726172567483,1,1,0
AZT,12.0,P.V.H.T.KSMLD,3.320928307952359,1,1,0
AZT,12.0,P.V.HTTS..M.D,3.66040946692035,1,1,0
AZT,12.0,P.V.N...KSMLD,3.419397420984569,1,1,0
AZT,12.0,P.V.NTTS..M..,3.325719697462787,1,1,0
AZT,12.0,P.V.NTTSKCM..,3.737948432921193,1,1,0
AZT,12.0,P.V.NTTSKSML.,3.4773517852193403,1,1,0
AZT,12.0,P.V.S....SML.,3.175755029933923,1,1,0
AZT,12.0,P.V.S.T...MQ.,3.459750258389266,1,1,0
AZT,12.0,P.V.ST..KCMLD,3.1103121761835677,1,1,0
AZT,12.0,P.V.ST.S....D,3.305294832710193,1,1,0
AZT,12.0,P.V.ST.SKSMQ.,3.5365224879110424,3,1,0
AZT,12.0,P.VK....KCM.D,3.5938486614100813,1,1,0
AZT,12.0,P.VK..T...MQD,3.5670822580747004,1,1,0
AZT,12.0,P.VK..TS..M..,1.0793139211489802,1,0,0
AZT,12.0,P.VK..TS.SMLD,3.362504203508364,1,1,0
AZT,12.0,P.VK..TSK.M.D,1.5209338635886862,1,0,0
AZT,12.0,P.VK..TSKS.Q.,3.0906274800864857,1,1,0
AZT,12.0,P.VK.T..KS...,3.4157714808966357,2,0,0
AZT,12.0,P.VK.T.S.CM.D,3.729236526145921,1,1,0
AZT,12.0,P.VK.T.S.SMLD,3.4195656095888367,1,1,0
AZT,12.0,P.VK.TTS....D,3.543568114461397,1,1,0
AZT,12.0,P.VKH..S.CMQ.,3.2161520291052663,1,1,0
AZT,12.0,P.VKH..S.SM..,3.7163697201956385,1,1,0
AZT,12.0,P.VKHT...C...,3.1204901215031016,1,1,0
AZT,12.0,P.VKHTTS.SMQ.,3.9334335027633713,2,1,0
AZT,12.0,P.VKN.....MQ.,1.7806388032435054,1,0,0
AZT,12.0,P.VKN..SK.M..,3.925713074274946,1,0,0
AZT,12.0,P.VKNT.SKS..D,3.5769446982013946,1,1,0
AZT,12.0,P.VKNTTSKSM.D,3.6065848380436956,1,1,0
AZT,12.0,P.VKS..S....D,3.3548486317784647,1,1,0
AZT,12.0,P.VKS..SKSM..,3.0304929625242414,1,0,0
AZT,12.0,P.VKS.T.KC.Q.,1.604680189860425,1,0,0
AZT,12.0,P.VKS.T.KSML.,3.206710014633563,1,1,0
AZT,12.0,P.VKST.SKCMQD,3.391328790356521,1,1,0
AZT,12.0,P.VKST.SKS.Q.,3.3474125591624584,4,1,0
AZT,12.0,PK....T...MQ.,4.061685378118667,1,1,0
AZT,12.0,PK....T.K.ML.,3.4082275885641513,1,1,0
AZT,12.0,PK...T...C.LD,3.3074912085343082,1,1,0
AZT,12.0,PK...T.SKSMQ.,3.0182276999272504,1,1,0
AZT,12.0,PK...TTSKS.QD,3.3484842038816987,1,1,0
AZT,12.0,PK..H..S.C..D,3.4118411675339813,1,1,0
AZT,12.0,PK..H..S.S.LD,1.8051817351122705,1,0,0
AZT,12.0,PK..H..S.SMQD,3.240587838788971,1,1,0
AZT,12.0,PK..H..SKSM..,3.3005841405078504,1,0,0
AZT,12.0,PK..H.T....L.,3.2395953651713167,1,1,0
AZT,12.0,PK..N...KC..D,3.5685270672800504,1,0,0
AZT,12.0,PK..N.TSKCMLD,1.6149497570515385,2,0,0
AZT,12.0,PK..NT.S.CML.,3.4587492499206482,1,1,0
AZT,12.0,PK..NT.SKSMLD,3.733310200456069,2,1,0
AZT,12.0,PK..NTTS.CM..,3.6113138560955806,1,1,0
AZT,12.0,PK..S..SKCMLD,3.4171671211834225,1,1,0
AZT,12.0,PK..S.TSKC...,3.3126564928816826,1,1,0
AZT,12.0,PK..STTSK.ML.,3.5958371189007163,1,1,0
AZT,12.0,PK.K...SK.MQ.,3.835914497243168,1,0,0
AZT,12.0,PK.K.T...S...,3.706718733668083,2,1,0
AZT,12.0,PK.K.T.S.CMLD,3.6328820055539857,1,1,0
AZT,12.0,PK.K.T.SK..Q.,3.7840165816968874,1,0,0
AZT,12.0,PK.K.T.SKSMQD,3.2394655120848608,1,1,0
AZT,12.0,PK.K.TT.KC.L.,1.3417327020886327,1,0,0
AZT,12.0,PK.K.TT.KSM..,3.9742276810042436,1,1,0
AZT,12.0,PK.KH..SKCMLD,3.3190721161256556,1,1,0
AZT,12.0,PK.KH..SKSM.D,3.2174054121337674,1,0,0
AZT,12.0,PK.KH.TSKS.Q.,3.090020733241484,1,1,0
AZT,12.0,PK.KH.TSKSMLD,3.2597372262802757,1,1,0
AZT,12.0,PK.KHT...C..D,3.494271632722638,1,1,0
AZT,12.0,PK.KHTT.KC.LD,3.288836148424438,1,1,0
AZT,12.0,PK.KHTTSKCML.,1.509435852772786,1,0,0
AZT,12.0,PK.KN..S.CML.,3.3655016610703905,1,1,0
AZT,12.0,PK.KN..S.SM.D,3.3595123666668387,1,1,0
AZT,12.0,PK.KN.T.KS...,3.6117461018131363,1,0,0
AZT,12.0,PK.KN.TS..MQD,3.4769356132373623,1,1,0
AZT,12.0,PK.KNTT...MQD,3.6093175871930607,1,1,0
AZT,12.0,PK.KNTT..SMQ.,1.573063660985635,1,0,0
AZT,12.0,PK.KNTTSKS.Q.,3.420380889851406,1,1,0
AZT,12.0,PK.KS.TS.CM..,3.3845718451207696,1,1,0
AZT,12.0,PK.KST...C.LD,3.12652358110738,1,1,0
AZT,12.0,PK.KST.S...QD,3.700537711613668,1,1,0
AZT,12.0,PK.KSTT....LD,3.8600188785357514,1,1,0
AZT,12.0,PK.KSTT.KCMLD,3.4567587478259543,1,1,0
AZT,12.0,PK.KSTTSKCMQ.,1.69038984150505,1,0,0
AZT,12.0,PKL...TSKCML.,1.3608625040764315,1,0,0
AZT,12.0,PKL..T.S...LD,3.265831394496316,1,0,0
AZT,12.0,PKL..T.S..ML.,1.434687547836493,1,0,0
AZT,12.0,PKL..T.SKSM..,3.387808938555639,3,1,0
AZT,12.0,PKL..TT....QD,3.478763497641745,1,1,0
AZT,12.0,PKL..TT...M.D,3.5037324680699977,1,1,0
AZT,12.0,PKL..TT...MQ.,1.6971738776352738,1,0,0
AZT,12.0,PKL..TTS.CMLD,3.650668189427912,1,1,0
AZT,12.0,PKL..TTS.SM..,3.6045275113988042,1,1,0
AZT,12.0,PKL.H....CMQ.,1.7383294904088855,1,0,0
AZT,12.0,PKL.H..S..MQD,3.4030478849540735,1,1,0
AZT,12.0,PKL.H..S.CM..,3.1468623144614636,1,1,0
AZT,12.0,PKL.H.TS..MQ.,3.38600364852417,1,1,0
AZT,12.0,PKL.HT..KSM.D,3.7522792787629493,1,1,0
AZT,12.0,PKL.HT.S.CMLD,3.1638501783466366,1,1,0
AZT,12.0,PKL.HTT.KCM..,3.6995699354906413,1,1,0
AZT,12.0,PKL.HTTS..M.D,3.2571748468236064,1,1,0
AZT,12.0,PKL.HTTSK.MQ.,1.5562476959836085,1,0,0
AZT,12.0,PKL.HTTSKCM.D,4.172836884901122,1,1,0
AZT,12.0,PKL.HTTSKSMQ.,3.225212231757225,1,1,0
AZT,12.0,PKL.N..SKSM.D,3.317743350470418,1,1,0
AZT,12.0,PKL.NT.S.C...,3.498791107623708,1,1,0
AZT,12.0,PKL.NT.SKCMLD,3.362978105927416,1,1,0
AZT,12.0,PKL.NTT.KCML.,3.276566702072825,1,1,0
AZT,12.0,PKL.S.T..CM..,3.062610026789269,1,1,0
AZT,12.0,PKL.ST.....Q.,3.347062969467534,2,0,0
AZT,12.0,PKL.ST..K..Q.,3.806094369889134,1,1,0
AZT,12.0,PKL.ST.S...LD,3.800282773846721,1,1,0
AZT,12.0,PKL.ST.SKCMQ.,3.6726515006053537,1,1,0
AZT,12.0,PKL.ST.SKSM.D,3.637632588898116,1,1,0
AZT,12.0,PKL.STT.KSMLD,3.422446291434431,1,1,0
AZT,12.0,PKL.STTS.C.LD,3.400312749273292,1,1,0
AZT,12.0,PKLK...S.CMQ.,3.265065282466859,1,1,0
AZT,12.0,PKLK...SKSMLD,3.4417780106249323,1,1,0
AZT,12.0,PKLK...SKSMQ.,3.52424692548826,1,1,0
AZT,12.0,PKLK..T..SMLD,1.8647342367939728,1,0,0
AZT,12.0,PKLK.T...C.L.,1.5637497366361652,1,0,0
AZT,12.0,PKLK.T..K..Q.,3.913798132719538,1,1,0
AZT,12.0,PKLK.TT...MLD,1.5555974624243412,1,0,0
AZT,12.0,PKLK.TT..SMQ.,1.488841657122473,1,0,0
AZT,12.0,PKLK.TT.K.MQD,3.4989874512227988,1,1,0
AZT,12.0,PKLK.TTS....D,3.340995454237988,1,1,0
AZT,12.0,PKLK.TTS.SML.,3.64869882943361,1,1,0
AZT,12.0,PKLK.TTSKC..D,3.1760570727495407,1,1,0
AZT,12.0,PKLKH...K.MLD,3.1440916983104796,1,0,0
AZT,12.0,PKLKH..S.SMQ.,3.317463143495816,1,1,0
AZT,12.0,PKLKH.T..S.QD,3.4971586944169175,1,1,0
AZT,12.0,PKLKHT.S...LD,3.2455713712567857,1,1,0
AZT,12.0,PKLKN...KSMLD,3.3791727819762296,1,1,0
AZT,12.0,PKLKN.T..C.LD,3.76952577504039,1,1,0
AZT,12.0,PKLKNTT....Q.,3.4139332713025525,1,1,0
AZT,12.0,PKLKNTT...M.D,3.5991998227716704,1,1,0
AZT,12.0,PKLKNTTS.SMQD,1.2473481760656462,1,0,0
AZT,12.0,PKLKS..S.SM.D,3.380442089125061,2,1,0
AZT,12.0,PKLKST.S.C.LD,3.6834522349215515,1,1,0
AZT,12.0,PKLKSTT..SMLD,1.4944212588047219,1,0,0
AZT,12.0,PKLKSTTS..M.D,3.5939738324145214,1,1,0
AZT,12.0,PKLKSTTS.CM..,3.6801743086798124,1,1,0
AZT,12.0,PKV.....K..L.,3.765000137914793,1,1,0
AZT,12.0,PKV..T...S...,1.6256978420002983,1,0,0
AZT,12.0,PKV..T...S.Q.,3.9507651531362713,1,1,0
AZT,12.0,PKV..T..KSMLD,3.136631374975189,1,1,0
AZT,12.0,PKV..T.S.CMQ.,3.4311054093487523,1,1,0
AZT,12.0,PKV..T.SK.MQD,1.523941662625757,1,0,0
AZT,12.0,PKV..TT..CML.,1.2369275420739845,1,0,0
AZT,12.0,PKV..TT..CMQ.,1.687122718397762,1,0,0
AZT,12.0,PKV..TT.K...D,3.5961348871359946,1,1,0
AZT,12.0,PKV..TTS.CM..,1.505166895106086,1,0,0
AZT,12.0,PKV..TTSK..QD,3.957942148834997,1,1,0
AZT,12.0,PKV..TTSKC.QD,3.3005303865367486,1,0,0
AZT,12.0,PKV.HT.....L.,1.5186586743425,1,0,0
AZT,12.0,PKV.HT..KC...,3.1089824256636573,1,1,0
AZT,12.0,PKV.HT.S.SML.,1.5186586743425,1,0,0
AZT,12.0,PKV.HT.SKS.Q.,3.7154821044642,1,1,0
AZT,12.0,PKV.N..SK...D,3.397880038022412,1,0,0
AZT,12.0,PKV.N.TSKS.L.,3.266244801129189,1,1,0
AZT,12.0,PKV.NT.SK.MQD,3.743458594266097,1,1,0
AZT,12.0,PKV.NTTS.S...,3.5821441515542514,1,1,0
AZT,12.0,PKV.NTTSKSM..,3.7790294585570563,1,1,0
AZT,12.0,PKV.S.T.....D,3.263674832531774,1,1,0
AZT,12.0,PKV.S.T..S.LD,1.7579176689113956,1,0,0
AZT,12.0,PKV.S.TS.C.QD,3.4633300117079098,1,1,0
AZT,12.0,PKV.S.TS.CML.,3.6083465455394945,1,1,0
AZT,12.0,PKV.S.TS.S.LD,3.4370431593327178,1,1,0
AZT,12.0,PKV.ST...SM.D,3.1992410237078577,1,1,0
AZT,12.0,PKV.ST.S...LD,1.6428503684024047,1,0,0
AZT,12.0,PKV.ST.SKC.L.,0.8922170734536788,1,0,0
AZT,12.0,PKV.STT..SM..,3.5428112140750914,1,1,0
AZT,12.0,PKV.STT..SMLD,3.1908164130584376,1,1,0
AZT,12.0,PKV.STT.K.MQD,3.774258160929924,1,1,0
AZT,12.0,PKV.STT.KSML.,3.5138060371375825,1,1,0
AZT,12.0,PKV.STTS.C.Q.,3.434170465638894,1,1,0
AZT,12.0,PKV.STTSKSMLD,3.3586626887798925,1,1,0
AZT,12.0,PKVK..T.KC..D,1.6745885842493795,1,0,0
AZT,12.0,PKVK..TSK.M..,0.9018829190715636,1,0,0
AZT,12.0,PKVK.T....ML.,1.6915278989453082,1,0,0
AZT,12.0,PKVK.T...SMQD,3.7687781340629543,1,1,0
AZT,12.0,PKVK.T.S...L.,3.1446249700614075,1,1,0
AZT,12.0,PKVK.T.S.CM..,3.8016750125765686,1,1,0
AZT,12.0,PKVK.T.S.SM.D,3.3137566981649327,2,0,0
AZT,12.0,PKVK.TT.....D,1.8459264984883492,1,0,0
AZT,12.0,PKVK.TTSK.M.D,3.586117182222218,1,1,0
AZT,12.0,PKVKH.TS.C.Q.,3.4579007560686383,1,1,0
AZT,12.0,PKVKHT...S.Q.,3.6176844406678166,1,1,0
AZT,12.0,PKVKHT.S.CM.D,4.022767914487055,1,1,0
AZT,12.0,PKVKHTTS.CM..,3.3335859257276326,1,1,0
AZT,12.0,PKVKHTTSK.MQ.,1.5144282406449578,1,0,0
AZT,12.0,PKVKHTTSKC..D,3.536309258364057,1,1,0
AZT,12.0,PKVKN....SM.D,1.8871859877530166,1,0,0
AZT,12.0,PKVKN...K.MLD,3.583081541076495,1,0,0
AZT,12.0,PKVKN..S.C...,3.3352560580699966,1,1,0
AZT,12.0,PKVKN..S.CM.D,3.2166759139063434,1,1,0
AZT,12.0,PKVKN..S.CMQ.,3.558352814255761,1,1,0
AZT,12.0,PKVKN.TS...LD,3.270325920945987,1,1,0
AZT,12.0,PKVKN.TS..ML.,3.316083316322617,1,1,0
AZT,12.0,PKVKNT.SK.ML.,1.7676876401626491,1,0,0
AZT,12.0,PKVKNTTSKCMQD,3.4621990739168513,1,1,0
AZT,12.0,PKVKS...KSM..,3.2898971561809343,1,0,0
AZT,12.0,PKVKS..S.CMLD,3.3057571043511604,1,1,0
AZT,12.0,PKVKS.T.KS.LD,3.762986532276072,1,1,0
AZT,12.0,PKVKSTT..SMQD,1.5186586743425,1,0,0
AZT,12.0,PKVKSTT.KSMQD,3.290576968308203,1,1,0
AZT,12.0,PKVKSTTS...Q.,3.2398864239882745,1,1,0
AZT,12.0,PKVKSTTS..MQD,3.923990354024,1,1,0
AZT,12.0,PKVKSTTS.C..D,3.4026786166050536,1,1,0
AZT,12.0,PKVKSTTS.CMQ.,3.2187222354973595,1,1,0
AZT,12.0,PKVKSTTSKSMQ.,3.2650920851865775,1,1,0
AZT,36.0,.......S..MQD,1.7127859607343152,1,0,0
AZT,36.0,.....TT.KC.L.,3.2342159934273917,1,1,0
AZT,36.0,.....TTS.CMQD,3.017052984741316,1,1,0
AZT,36.0,....H...KC.L.,3.3601123789496814,1,1,0
AZT,36.0,....H...KS...,3.579459569149231,1,1,0
AZT,36.0,....H.T..C.QD,3.7021502743815966,2,1,0
AZT,36.0,....H.TS...LD,3.1395208800254344,1,1,0
AZT,36.0,....H.TS...Q.,3.0879655325042052,1,1,0
AZT,36.0,....HTT....Q.,3.5427734067729353,1,1,0
AZT,36.0,....N.TS....D,3.3402075609306348,2,1,0
AZT,36.0,....NT.SKSMLD,3.253862233942556,1,1,0
AZT,36.0,....S..S.SMQ.,3.1534101535219117,1,1,0
AZT,36.0,....S.T.K....,3.2168839217933285,1,1,0
AZT,36.0,....STT.KCM..,3.6708632512893344,2,1,0
AZT,36.0,....STTS.S..D,3.163216771820506,1,1,0
AZT,36.0,...K..TS.S.L.,3.3368900769625673,1,1,0
AZT,36.0,...K..TSKSM..,3.5049657069293825,1,1,0
AZT,36.0,...K.TT..C...,3.5658316425442242,1,1,0
AZT,36.0,...K.TTSKC.LD,3.5458338116100654,1,1,0
AZT,36.0,...KH....C.Q.,3.1115769227646126,1,1,0
AZT,36.0,...KH.T.K.M.D,3.5409736730210497,1,1,0
AZT,36.0,...KH.T.KC...,3.523498996613453,1,0,0
AZT,36.0,...KH.T.KCML.,2.941927284764582,1,1,0
AZT,36.0,...KH.T.KSMQ.,3.3615984500717158,1,1,0
AZT,36.0,...KH.TS.C.LD,2.9043955371695716,1,0,0
AZT,36.0,...KH.TSKC...,4.014324810761203,2,1,0
AZT,36.0,...KHT.SKC..D,3.290963395302119,1,1,0
AZT,36.0,...KHTT......,3.0849456848198096,1,0,0
AZT,36.0,...KHTT.K....,3.7024055472858843,3,0,0
AZT,36.0,...KHTTS....D,2.9962268585240888,1,1,0
AZT,36.0,...KN.T..SMQ.,3.026076240372047,1,1,0
AZT,36.0,...KN.TS.CM.D,3.375892131132065,1,1,0
AZT,36.0,...KN.TSKSMLD,3.310328218109775,1,1,0
AZT,36.0,...KNT...CM..,3.3358122156168384,1,1,0
AZT,36.0,...KNT.SKCMLD,3.2277646896819987,1,1,0
AZT,36.0,...KNTT..S...,3.292841668932376,1,1,0
AZT,36.0,...KNTT..S.QD,3.3615582471162324,1,1,0
AZT,36.0,...KNTTSKC.Q.,3.224942871570931,1,1,0
AZT,36.0,...KS...K.MLD,3.337279319332883,1,0,0
AZT,36.0,...KST.SK...D,3.682372641407076,2,1,0
AZT,36.0,...KST.SK..L.,3.2646386169811823,1,1,0
AZT,36.0,...KSTTS.SM.D,3.263436818505865,1,1,0
AZT,36.0,...KSTTS.SMQ.,3.200209408883408,1,1,0
AZT,36.0,..L.....K..QD,3.3521482695399456,1,1,0
AZT,36.0,..L..T.S.C.Q.,3.3131891283226858,1,1,0
AZT,36.0,..L..TT..SM..,3.0780007575253716,1,1,0
AZT,36.0,..L..TTS.C...,3.3772354564951037,1,1,0
AZT,36.0,..L..TTSKSML.,3.247890957036983,1,1,0
AZT,36.0,..L.H.TSKSM..,3.1936508995688992,1,1,0
AZT,36.0,..L.HT.SKSMLD,3.1274798271228827,1,1,0
AZT,36.0,..L.N.T..CMQ.,3.001503300345772,1,0,0
AZT,36.0,..L.N.TS.SM.D,3.2486118475438728,1,1,0
AZT,36.0,..L.NT...SML.,3.2354494664274545,2,1,0
AZT,36.0,..L.NT..KSM..,3.1372605521668797,1,1,0
AZT,36.0,..L.NT.SKS...,3.6655513600049328,1,1,0
AZT,36.0,..L.NT.SKS.Q.,2.9900584091037308,1,0,0
AZT,36.0,..L.S....SM.D,3.1296674159140334,1,1,0
AZT,36.0,..L.S...KSML.,3.187569535342396,1,1,0
AZT,36.0,..L.S.T..C..D,3.2779281219405036,1,1,0
AZT,36.0,..L.S.T..S.QD,3.0839055752924645,1,1,0
AZT,36.0,..L.S.T.KSMQD,3.5013889111772247,1,1,0
AZT,36.0,..L.ST...C.LD,3.236877510649941,1,1,0
AZT,36.0,..L.ST..KCMQD,3.2190240204825837,1,0,0
AZT,36.0,..L.STT....L.,3.1475437032763303,1,1,0
AZT,36.0,..L.STT..SM.D,3.510404205269434,1,1,0
AZT,36.0,..LK.....C.QD,3.172755593788252,1,1,0
AZT,36.0,..LK.....S..D,3.5766019871717187,1,1,0
AZT,36.0,..LK...SKSMQD,3.3251238066410833,1,1,0
AZT,36.0,..LK..T.....D,3.4293919863585236,1,1,0
AZT,36.0,..LK..TSKS.L.,2.9732972251026313,1,1,0
AZT,36.0,..LK.T.SKC.LD,3.2677317305760347,1,1,0
AZT,36.0,..LK.TTS...Q.,3.2457283512782227,1,1,0
AZT,36.0,..LKH....S.L.,2.9613770493918885,1,1,0
AZT,36.0,..LKH..S..MQ.,3.2731006095773525,1,1,0
AZT,36.0,..LKH.TSK..L.,3.3928371810800115,1,1,0
AZT,36.0,..LKHT..KCM..,3.178723556407751,1,1,0
AZT,36.0,..LKHTTS..M..,3.3349978079247276,3,1,0
AZT,36.0,..LKHTTSKS.L.,3.1204898123351392,2,1,0
AZT,36.0,..LKNTTS.C...,3.3139555097792597,2,1,0
AZT,36.0,..LKS..SKC..D,3.4094143728187993,1,1,0
AZT,36.0,..LKS.TS.C.LD,3.5269964648146375,1,1,0
AZT,36.0,..LKS.TSK.MQD,3.229305949713204,1,1,0
AZT,36.0,..LKS.TSKS...,3.315769063643173,1,1,0
AZT,36.0,..LKST..K..Q.,3.320914497664741,1,1,0
AZT,36.0,..LKST.SK.MQ.,2.8040087731421424,1,1,0
AZT,36.0,..LKSTT..C.Q.,3.1973296907778415,1,1,0
AZT,36.0,..LKSTT..S.L.,3.183223321661647,1,1,0
AZT,36.0,..LKSTT.KC...,3.0572173605407134,1,1,0
AZT,36.0,..V......SMQD,3.0430503925781953,1,1,0
AZT,36.0,..V..T...C.QD,3.087168501376052,1,1,0
AZT,36.0,..V..T..KCML.,3.232701347964013,1,1,0
AZT,36.0,..V..TT..S.LD,3.1563519023963167,1,1,0
AZT,36.0,..V..TTS...L.,3.609210820645322,1,1,0
AZT,36.0,..V.H...KSML.,2.9650153637760095,1,1,0
AZT,36.0,..V.H..S.C.L.,3.680935886548775,1,1,0
AZT,36.0,..V.H..S.CMQD,3.2600355515155766,1,1,0
AZT,36.0,..V.H.T...MLD,3.0731873354626753,1,1,0
AZT,36.0,..V.H.TS.C.Q.,3.5589621114481,1,1,0
AZT,36.0,..V.HT..K.MQD,3.319847339482102,1,1,0
AZT,36.0,..V.HT.S.C..D,3.258064620088961,1,1,0
AZT,36.0,..V.HT.S.C.L.,3.2041354158755717,1,0,0
AZT,36.0,..V.HT.S.SM..,3.4407076054953682,3,1,0
AZT,36.0,..V.HTT.K.M.D,3.4096855312496177,1,1,0
AZT,36.0,..V.HTT.KC.LD,3.3786480068160127,1,1,0
AZT,36.0,..V.N.T..S.QD,3.4107257983709207,1,1,0
AZT,36.0,..V.N.T..SM..,3.5920274225933104,2,1,0
AZT,36.0,..V.N.T..SML.,3.124060056544866,3,0,0
AZT,36.0,..V.N.TSK.MQD,3.3150671981168323,1,1,0
AZT,36.0,..V.NT.....LD,3.040658831189767,1,1,0
AZT,36.0,..V.NT..K..QD,3.1964420906798034,1,1,0
AZT,36.0,..V.NT..KS..D,3.4229679836349773,1,1,0
AZT,36.0,..V.NTTSKS.Q.,2.94694884459845,1,1,0
AZT,36.0,..V.S..S.CML.,3.7633680854746347,2,1,0
AZT,36.0,..V.S.TSKS...,3.745037877825861,1,1,0
AZT,36.0,..V.ST..KCMQD,3.6432163409770677,1,1,0
AZT,36.0,..V.STT.KS...,3.2212844376574084,1,1,0
AZT,36.0,..VK.....SM.D,3.3262480978326234,1,1,0
AZT,36.0,..VK...S.SMLD,3.396710270576936,1,1,0
AZT,36.0,..VK...SK....,3.7339501603111556,1,1,0
AZT,36.0,..VK..T....L.,3.063242734041935,1,1,0
AZT,36.0,..VK..T..C.QD,3.0415018755269254,1,1,0
AZT,36.0,..VK..TS.S.Q.,3.377781921861429,1,1,0
AZT,36.0,..VK.T.SK.M..,3.358702049777068,1,1,0
AZT,36.0,..VK.T.SKSML.,3.68144932282403,1,1,0
AZT,36.0,..VK.TTS.C.LD,3.500255619031203,3,1,0
AZT,36.0,..VK.TTSK.ML.,3.2134184150545213,1,1,0
AZT,36.0,..VK.TTSKS.L.,3.5028362603347603,1,1,0
AZT,36.0,..VKHT.SK..Q.,3.0619357275128065,1,1,0
AZT,36.0,..VKHTT.KSMQD,3.5258020448948746,2,1,0
AZT,36.0,..VKHTTS.S...,3.358641534941968,1,1,0
AZT,36.0,..VKN....C...,3.157655138864945,1,1,0
AZT,36.0,..VKN..S..M..,3.676375279348026,1,1,0
AZT,36.0,..VKN.T..C.L.,3.1379068935552477,1,1,0
AZT,36.0,..VKN.T..S...,3.149963648620376,1,1,0
AZT,36.0,..VKN.T.KS.LD,3.3953510948822787,1,1,0
AZT,36.0,..VKNTTS.SML.,3.189250948052454,1,1,0
AZT,36.0,..VKS..S.S.QD,2.9461692716473173,1,1,0
AZT,36.0,..VKS..SKCM.D,2.86905193588714,1,1,0
AZT,36.0,..VKS.TS..M.D,3.4006096180173198,1,1,0
AZT,36.0,..VKS.TSKSM.D,3.066220675803277,1,1,0
AZT,36.0,..VKSTT....QD,3.428562888520282,2,1,0
AZT,36.0,..VKSTTSK..LD,3.5375197462579355,1,1,0
AZT,36.0,.K.....S.C.L.,3.751648066834849,1,1,0
AZT,36.0,.K....T...MQD,3.775351577633078,1,1,0
AZT,36.0,.K....TSKCML.,3.189760151197886,1,1,0
AZT,36.0,.K...T..K....,3.4621025915209493,1,1,0
AZT,36.0,.K...T..KCMQD,3.214010580471842,1,1,0
AZT,36.0,.K...TT.KS...,3.2364965072756817,1,1,0
AZT,36.0,.K...TTS..MQ.,3.410204927250661,1,1,0
AZT,36.0,.K..H....CMQD,3.114674885420191,1,1,0
AZT,36.0,.K..H...KS.QD,3.046492928444763,1,1,0
AZT,36.0,.K..H..SKC.Q.,1.9568008703579012,1,0,0
AZT,36.0,.K..H.TS.C.Q.,2.922038054174144,1,1,0
AZT,36.0,.K..H.TS.CM..,3.5556332409035094,1,1,0
AZT,36.0,.K..H.TSK.M..,3.1484383060017245,1,1,0
AZT,36.0,.K..HT.S..M.D,3.4626621149888233,1,1,0
AZT,36.0,.K..HTT..SMQD,2.9089188831611708,1,1,0
AZT,36.0,.K..HTTSK.MQD,3.1930326013871553,1,1,0
AZT,36.0,.K..N...K.ML.,3.617987679578656,1,1,0
AZT,36.0,.K..N...KCM.D,3.5739657897034767,1,1,0
AZT,36.0,.K..N..S.C..D,3.331263889979352,1,1,0
AZT,36.0,.K..N.TSK.MLD,3.412690416339321,1,1,0
AZT,36.0,.K..NT..KC..D,3.008821810298871,1,1,0
AZT,36.0,.K..NT.SKS.LD,3.001792681094488,1,1,0
AZT,36.0,.K..NTT..C.L.,3.0352318143031467,1,1,0
AZT,36.0,.K..NTT..SM..,3.4627987717551174,1,1,0
AZT,36.0,.K..S.TS.C...,3.264477634757436,1,1,0
AZT,36.0,.K..STT.K..L.,3.648178030865111,1,1,0
AZT,36.0,.K..STTS...LD,2.8635302233217574,1,1,0
AZT,36.0,.K..STTSKS.L.,2.9884590498844923,1,1,0
AZT,36.0,.K.K...SK.MLD,3.3864130301174606,2,1,0
AZT,36.0,.K.K...SKC.Q.,3.3174033302436814,1,1,0
AZT,36.0,.K.K..T...MQ.,2.9524420236564337,1,1,0
AZT,36.0,.K.K.T..K.M..,3.905069114477207,1,1,0
AZT,36.0,.K.K.T.SKSM..,3.4616130833659797,1,1,0
AZT,36.0,.K.K.TT..SML.,3.48409156187561,1,1,0
AZT,36.0,.K.K.TT..SMQ.,3.0481850040110516,1,0,0
AZT,36.0,.K.K.TTSKC.QD,3.3133670251171163,1,1,0
AZT,36.0,.K.KH..SKS...,3.5435669800328067,2,1,0
AZT,36.0,.K.KH.T...ML.,3.386551412351469,1,1,0
AZT,36.0,.K.KHT...C...,3.3259980019053415,1,1,0
AZT,36.0,.K.KHT.S.....,3.876831368700412,1,1,0
AZT,36.0,.K.KHT.S.SM..,3.3496615956406175,1,1,0
AZT,36.0,.K.KHT.SK.ML.,3.5795287207340327,1,1,0
AZT,36.0,.K.KHTT.K....,4.27282959678529,1,1,0
AZT,36.0,.K.KHTT.K.M..,3.5538352178697146,12,0,0
AZT,36.0,.K.KHTTSK...D,3.461236766269399,4,0,0
AZT,36.0,.K.KHTTSK.MLD,3.269786840512725,1,1,0
AZT,36.0,.K.KN....C..D,3.3725049465891273,1,1,0
AZT,36.0,.K.KN...KCM..,3.7319386221836544,4,1,0
AZT,36.0,.K.KN..S..MLD,3.276211253659448,2,1,0
AZT,36.0,.K.KN.T......,3.122524201411089,1,1,0
AZT,36.0,.K.KN.T.K.ML.,3.3481419574370417,1,1,0
AZT,36.0,.K.KN.TSK....,3.892796539720809,2,1,0
AZT,36.0,.K.KNT..K..LD,3.881865979948313,4,1,0
AZT,36.0,.K.KNTT.KC..D,3.35873298489539,1,1,0
AZT,36.0,.K.KS...K.MLD,3.8795794981901275,1,1,0
AZT,36.0,.K.KS...KC.LD,3.8807108362594613,1,1,0
AZT,36.0,.K.KS..S...QD,3.1188026599359637,1,1,0
AZT,36.0,.K.KS..S.S..D,2.994936540967397,1,1,0
AZT,36.0,.K.KS.TS.....,3.556910890687493,1,1,0
AZT,36.0,.K.KS.TS.C.Q.,3.2475964600934253,1,1,0
AZT,36.0,.K.KSTTSK..LD,3.1436763701602297,1,1,0
AZT,36.0,.KL......C.L.,3.383322894216571,2,1,0
AZT,36.0,.KL....S...L.,3.228788050829114,2,1,0
AZT,36.0,.KL..TT.K.M.D,3.427101825053982,1,1,0
AZT,36.0,.KL..TTS..ML.,3.1937727033197056,1,1,0
AZT,36.0,.KL.H.T..S...,3.5163760366308696,1,1,0
AZT,36.0,.KL.H.TSK.ML.,3.241707232882633,1,1,0
AZT,36.0,.KL.HT.SKSMQD,2.895498681678973,1,1,0
AZT,36.0,.KL.N....SMLD,2.87029356316437,1,1,0
AZT,36.0,.KL.N...KCML.,3.1125446597772592,1,1,0
AZT,36.0,.KL.N..S...LD,3.064584589428815,1,1,0
AZT,36.0,.KL.N.T..CMQ.,3.524849100073663,1,1,0
AZT,36.0,.KL.N.T..S..D,3.2593046746164176,2,1,0
AZT,36.0,.KL.NT..KC.L.,3.3501691553895783,2,1,0
AZT,36.0,.KL.NTT...MQ.,3.4802246167675257,1,1,0
AZT,36.0,.KL.S..S..MQD,3.035819886997544,1,1,0
AZT,36.0,.KL.S.T.KS...,3.3976370334586203,2,1,0
AZT,36.0,.KL.S.TS..MLD,3.2088602352838955,1,1,0
AZT,36.0,.KL.S.TS.CMQD,3.210366050177952,1,1,0
AZT,36.0,.KL.ST.S..M..,3.800621444828808,1,1,0
AZT,36.0,.KL.ST.S.CML.,3.08884359063823,1,1,0
AZT,36.0,.KL.STTS.S..D,2.927487999666707,1,1,0
AZT,36.0,.KLK....KC...,3.2552708202458764,1,1,0
AZT,36.0,.KLK...S....D,3.1387497423106634,1,1,0
AZT,36.0,.KLK..TS...Q.,3.0231475194106836,1,1,0
AZT,36.0,.KLK..TS.C.QD,3.4528063309977086,1,1,0
AZT,36.0,.KLK..TS.S.LD,3.27773698696775,1,1,0
AZT,36.0,.KLK..TS.SM.D,3.340792459909671,1,1,0
AZT,36.0,.KLK..TSKC.Q.,3.233150845133609,1,1,0
AZT,36.0,.KLK.T...S.LD,3.529921424485003,1,1,0
AZT,36.0,.KLK.T..K....,3.7616858432685656,1,1,0
AZT,36.0,.KLK.TTS.C.L.,3.246032560465473,1,1,0
AZT,36.0,.KLK.TTS.C.QD,2.935268849063783,1,0,0
AZT,36.0,.KLKH...KCMLD,1.5242364064442329,1,0,0
AZT,36.0,.KLKH..S.SML.,3.3793325747047165,2,1,0
AZT,36.0,.KLKH.T.KS.LD,3.9653439105220283,1,1,0
AZT,36.0,.KLKHT..KSMQD,3.1031943546671177,1,1,0
AZT,36.0,.KLKHT.S.S...,3.506826420719286,1,1,0
AZT,36.0,.KLKHTTS.CM..,3.4154674302292762,1,1,0
AZT,36.0,.KLKN....S...,3.481294569406544,1,1,0
AZT,36.0,.KLKN.T.KCML.,3.0293069596346354,1,1,0
AZT,36.0,.KLKN.TS.S.QD,3.6309606022476215,1,1,0
AZT,36.0,.KLKNT.S.C.QD,3.1902160149297116,1,1,0
AZT,36.0,.KLKNTT..S.LD,3.240460561735611,1,1,0
AZT,36.0,.KLKNTTSKSMQ.,3.4345503432959434,1,1,0
AZT,36.0,.KLKS....CMQ.,2.930812733906912,1,1,0
AZT,36.0,.KLKS..S.SM..,3.2633781470273395,1,1,0
AZT,36.0,.KLKS..SK..LD,3.4208895506049277,1,1,0
AZT,36.0,.KLKS.T..SMQD,3.0814928769357923,1,1,0
AZT,36.0,.KLKS.TS.S.L.,3.112704425528095,1,1,0
AZT,36.0,.KLKS.TSK...D,3.1352159618894166,1,1,0
AZT,36.0,.KLKST.S.C.Q.,3.092782981258636,2,1,0
AZT,36.0,.KLKSTT.KC.L.,3.458288646698608,1,1,0
AZT,36.0,.KV...T.KSMLD,3.63240418523929,1,1,0
AZT,36.0,.KV...T.KSMQ.,3.0808610603348887,2,0,0
AZT,36.0,.KV...TS.S...,3.1059805939408833,1,1,0
AZT,36.0,.KV...TSKC.Q.,3.278594315832231,1,1,0
AZT,36.0,.KV..T...CML.,3.3377190678077575,1,1,0
AZT,36.0,.KV..T.SK.M..,3.634006690779436,1,1,0
AZT,36.0,.KV..T.SKCMLD,3.5008521811902202,1,1,0
AZT,36.0,.KV..TTS.SML.,2.925248234216269,1,1,0
AZT,36.0,.KV.H....SMLD,3.907110290487417,1,1,0
AZT,36.0,.KV.H..S....D,3.3206291102407257,1,1,0
AZT,36.0,.KV.H.T...M..,3.3944562978490906,1,1,0
AZT,36.0,.KV.HT....MQD,3.233625461702413,1,1,0
AZT,36.0,.KV.HT...C.L.,3.090498893116874,1,1,0
AZT,36.0,.KV.HT..K..Q.,3.8511449740282546,1,1,0
AZT,36.0,.KV.HT..KSMLD,3.2649473015412056,1,1,0
AZT,36.0,.KV.HTT..CML.,3.033957381000726,2,1,0
AZT,36.0,.KV.HTTSKC.L.,2.9374825412472068,1,1,0
AZT,36.0,.KV.N...KSMQD,3.5547782566527606,1,1,0
AZT,36.0,.KV.NT...S.L.,3.26186087790134,1,1,0
AZT,36.0,.KV.NTT.KS...,3.5721404815574216,1,1,0
AZT,36.0,.KV.S...K.M.D,3.828811621219351,2,1,0
AZT,36.0,.KV.S..SKC.L.,3.1254447946416564,1,1,0
AZT,36.0,.KVK.....C...,3.4248017729504947,1,1,0
AZT,36.0,.KVK.....S.LD,3.544914006376147,1,1,0
AZT,36.0,.KVK....K.M..,3.9284671131221023,1,1,0
AZT,36.0,.KVK....KC.QD,3.696315748373588,1,1,0
AZT,36.0,.KVK..T..CM..,3.495686740053396,1,1,0
AZT,36.0,.KVK..TSK...D,3.306288569939921,1,1,0
AZT,36.0,.KVK..TSKCMQD,3.891465346817967,1,1,0
AZT,36.0,.KVK.T..KC...,3.3457678483415,1,1,0
AZT,36.0,.KVK.T..KCMQD,3.3515756299756205,3,1,0
AZT,36.0,.KVK.T.SKC.L.,3.3616243615130497,1,1,0
AZT,36.0,.KVKH.....M..,3.7824034036348633,1,1,0
AZT,36.0,.KVKH....S.L.,3.1988774051135445,1,1,0
AZT,36.0,.KVKH...KCML.,1.446632202481468,1,0,0
AZT,36.0,.KVKH..SKCML.,3.1126701606039395,1,1,0
AZT,36.0,.KVKH.TSKCM..,3.1938676826426913,1,1,0
AZT,36.0,.KVKHT..KS.Q.,3.0634574887961086,1,1,0
AZT,36.0,.KVKHT.SKC...,3.35151827241259,1,1,0
AZT,36.0,.KVKHTTS.SML.,3.7077005138503174,1,1,0
AZT,36.0,.KVKHTTSKC.QD,3.27196513412768,1,1,0
AZT,36.0,.KVKN...K.MLD,3.7268405940696656,1,1,0
AZT,36.0,.KVKN.T.KCMLD,3.882393627238898,2,1,0
AZT,36.0,.KVKNT....M.D,3.4300160132647077,1,1,0
AZT,36.0,.KVKNTTSK.MQ.,3.659091966581447,1,1,0
AZT,36.0,.KVKS...KS...,3.3311899972593007,1,1,0
AZT,36.0,.KVKS..SK...D,3.488059894865684,3,1,0
AZT,36.0,.KVKS.TSKC...,3.2740919560595834,1,1,0
AZT,36.0,.KVKST......D,2.967083923413134,1,1,0
AZT,36.0,.KVKST...CM.D,3.7664227828902503,1,1,0
AZT,36.0,.KVKST.S.C...,3.067310851889015,1,1,0
AZT,36.0,.KVKST.S.C.LD,3.5210446232246335,1,1,0
AZT,36.0,P........C.LD,3.239291850919584,1,1,0
AZT,36.0,P.....T.KC.QD,3.2114083268286033,1,1,0
AZT,36.0,P.....TS.CM.D,3.6694778247015876,1,1,0
AZT,36.0,P....TTSK..L.,3.7702003262617683,2,1,0
AZT,36.0,P...H.....M..,3.3180214819773832,1,1,0
AZT,36.0,P...H..S.....,3.800783211369627,1,1,0
AZT,36.0,P...H..S.CMQD,3.5097695944503826,1,1,0
AZT,36.0,P...HT..K..LD,3.1294012217591236,1,1,0
AZT,36.0,P...HT..KSMQ.,3.2653168423988985,1,1,0
AZT,36.0,P...HT.SKC...,3.4811421563423908,1,1,0
AZT,36.0,P...HTT.KS.Q.,3.460165732493957,1,1,0
AZT,36.0,P...HTTS.C.Q.,3.435287287150181,1,1,0
AZT,36.0,P...N...K.MQD,3.122470833648113,1,1,0
AZT,36.0,P...N.TS..MQD,3.7422495162842466,1,1,0
AZT,36.0,P...N.TS.SML.,3.5638606105147046,1,1,0
AZT,36.0,P...N.TSK.M.D,3.330386962459474,1,1,0
AZT,36.0,P...NT..KC.Q.,3.1943786176261675,1,1,0
AZT,36.0,P...NTT.KCM..,3.6079246912922733,1,1,0
AZT,36.0,P...NTTS.....,3.250966111049747,2,1,0
AZT,36.0,P...NTTS.CML.,3.0767015170723946,1,1,0
AZT,36.0,P...S..SKCM..,3.3115012893245495,1,1,0
AZT,36.0,P...ST.S.SMLD,3.463394579695765,1,1,0
AZT,36.0,P...STT..CML.,3.6977863768490313,1,1,0
AZT,36.0,P...STT.KCML.,3.2900200132391797,2,0,0
AZT,36.0,P...STTS..M.D,3.032419568551121,1,1,0
AZT,36.0,P..K.........,3.6439618174076758,1,1,0
AZT,36.0,P..K....KC...,3.5414526953226027,1,1,0
AZT,36.0,P..K...S.S.QD,3.2456709704823528,1,1,0
AZT,36.0,P..K..TSKS..D,3.90318473026242,1,1,0
AZT,36.0,P..K.T.....QD,3.472647946236226,1,1,0
AZT,36.0,P..K.T...CML.,3.1683814252018037,1,1,0
AZT,36.0,P..K.T..KC.LD,3.4466588686431345,1,1,0
AZT,36.0,P..K.T.SK..Q.,3.5188311532743124,1,1,0
AZT,36.0,P..K.T.SK.ML.,3.6889653130983713,1,1,0
AZT,36.0,P..K.TT.K..L.,3.2074286706692647,1,1,0
AZT,36.0,P..KH..SKS.L.,3.146854452672678,1,1,0
AZT,36.0,P..KH.T......,3.3324759485251345,1,1,0
AZT,36.0,P..KH.T.K..L.,3.2800205752718528,1,1,0
AZT,36.0,P..KH.T.KSML.,3.5880246042317196,1,1,0
AZT,36.0,P..KH.TS.C.LD,3.513126643059285,1,1,0
AZT,36.0,P..KHT....M..,3.5933267090233993,1,1,0
AZT,36.0,P..KHT..KS..D,3.3995807734561563,1,1,0
AZT,36.0,P..KHT.S....D,3.4479031938694855,1,1,0
AZT,36.0,P..KHT.S.SMQD,3.5585506952864834,1,1,0
AZT,36.0,P..KHTT.KCM..,3.817969211847685,1,1,0
AZT,36.0,P..KHTTS.SML.,3.448161546604452,1,1,0
AZT,36.0,P..KN...KCMQ.,3.5621292135474985,1,1,0
AZT,36.0,P..KN..S...Q.,3.1196039872166614,1,1,0
AZT,36.0,P..KN.T.K..QD,3.8077289866954316,1,1,0
AZT,36.0,P..KNT..K..L.,3.340895271302938,2,0,0
AZT,36.0,P..KNT..K.ML.,3.719616981670956,1,1,0
AZT,36.0,P..KNTT.K.M..,4.053106574253518,1,1,0
AZT,36.0,P..KNTT.KC.QD,3.1586369744303258,1,1,0
AZT,36.0,P..KNTTSKSMQD,3.172236993979637,1,1,0
AZT,36.0,P..KS...KSML.,3.0444113639399557,1,1,0
AZT,36.0,P..KS..SK.MQD,3.800816884334022,1,1,0
AZT,36.0,P..KS.T..CM..,2.958784813545768,1,1,0
AZT,36.0,P..KS.T.K..Q.,3.713180783343714,1,1,0
AZT,36.0,P..KS.TS.CMQD,3.0316225008021753,1,1,0
AZT,36.0,P..KS.TSKC.L.,3.404516419384938,2,1,0
AZT,36.0,P..KST..KCM..,3.7425582795699768,1,1,0
AZT,36.0,P..KSTT..C.LD,3.3333310451602074,2,1,0
AZT,36.0,P..KSTT..SMQD,2.805704961873565,1,1,0
AZT,36.0,P..KSTT.K.M.D,3.361415555758029,1,1,0
AZT,36.0,P..KSTTSKC.Q.,3.6846195849976557,2,1,0
AZT,36.0,P.L......SML.,3.259785599110805,1,1,0
AZT,36.0,P.L...T..S.QD,3.241907010103916,2,1,0
AZT,36.0,P.L...TS.S.Q.,2.8812934167928805,1,1,0
AZT,36.0,P.L..TTS.S.L.,1.689583565480104,1,0,0
AZT,36.0,P.L..TTS.S.LD,3.1642136060497053,1,1,0
AZT,36.0,P.L..TTSKC...,3.215940919298028,1,1,0
AZT,36.0,P.L..TTSKSMQ.,3.7401777791837807,1,1,0
AZT,36.0,P.L.H....S.Q.,3.3073599382794265,2,1,0
AZT,36.0,P.L.H...KCM.D,3.331347838755458,6,1,0
AZT,36.0,P.L.H.TS.S...,2.9280365591871806,1,1,0
AZT,36.0,P.L.HT..KS...,3.949530744434974,2,1,0
AZT,36.0,P.L.HT.SKCMLD,3.6625317704689433,1,1,0
AZT,36.0,P.L.HT.SKSML.,3.3974127445201234,1,1,0
AZT,36.0,P.L.HTT.....D,3.3836242432081325,1,1,0
AZT,36.0,P.L.HTT..SM..,3.455892161652085,1,1,0
AZT,36.0,P.L.N.TSK..LD,3.0097288720944766,1,1,0
AZT,36.0,P.L.N.TSKCML.,3.022986331622046,1,1,0
AZT,36.0,P.L.NT....MQ.,3.0285710002972364,1,1,0
AZT,36.0,P.L.NT.S.S.QD,2.884749929181984,1,1,0
AZT,36.0,P.L.NTT..SMQ.,1.2236222229888376,1,0,0
AZT,36.0,P.L.NTTS...L.,3.548235080778453,1,1,0
AZT,36.0,P.L.NTTS.C.QD,3.9266931090054147,1,1,0
AZT,36.0,P.L.NTTSKS...,3.325047165813288,2,1,0
AZT,36.0,P.L.S...K.M.D,3.0394624672866093,1,1,0
AZT,36.0,P.L.S..S..MLD,2.872714369983612,1,1,0
AZT,36.0,P.L.S.T...ML.,3.4063940662826107,1,1,0
AZT,36.0,P.L.S.T.K..L.,3.511391321648165,1,1,0
AZT,36.0,P.L.S.TS...Q.,2.9675074710944798,1,1,0
AZT,36.0,P.L.S.TS..M..,3.4742663070497297,1,1,0
AZT,36.0,P.L.ST..K..Q.,3.4002944617322455,1,0,0
AZT,36.0,P.L.STT...ML.,1.193355208427206,1,0,0
AZT,36.0,P.L.STTSK..QD,3.232809003772518,2,1,0
AZT,36.0,P.LK..T.KS..D,2.927864716506282,1,1,0
AZT,36.0,P.LK..TSK..LD,3.228621750227374,1,1,0
AZT,36.0,P.LK.T..K..LD,3.773200419565846,1,1,0
AZT,36.0,P.LK.T..KC.L.,2.401198293742116,1880,0,0
AZT,36.0,P.LK.T.S.....,3.348207440286239,1,0,0
AZT,36.0,P.LK.T.S.C...,3.8937557899721753,1,1,0
AZT,36.0,P.LK.T.S.C.Q.,3.1268246887171376,1,0,0
AZT,36.0,P.LK.T.S.CMQD,3.3588934365549226,1,1,0
AZT,36.0,P.LK.T.SKS.LD,3.0401047879554333,1,1,0
AZT,36.0,P.LK.T.SKSM.D,3.4380008066977212,2,1,0
AZT,36.0,P.LK.TT..SM.D,3.4103504319652544,1,1,0
AZT,36.0,P.LK.TTS.S.L.,4.110202007454448,1,1,0
AZT,36.0,P.LKH..SK..QD,3.1569039717090015,1,1,0
AZT,36.0,P.LKH.T...M..,3.3640191111666167,1,1,0
AZT,36.0,P.LKH.TSK.M..,3.296196213164316,2,1,0
AZT,36.0,P.LKHT....MQD,3.856740059056224,1,1,0
AZT,36.0,P.LKHT.S..MLD,2.9868822895776472,1,1,0
AZT,36.0,P.LKHT.SKCML.,3.6169643406238805,1,1,0
AZT,36.0,P.LKHTT.K.MQ.,3.065581194843237,1,1,0
AZT,36.0,P.LKHTT.KC...,3.6613106367737696,1,1,0
AZT,36.0,P.LKHTTS.....,3.1952796533260295,1,1,0
AZT,36.0,P.LKHTTS.CM..,3.0155544071608595,2,0,0
AZT,36.0,P.LKN.......D,3.1686548422216143,1,1,0
AZT,36.0,P.LKN..SK.MLD,3.305458350644419,2,1,0
AZT,36.0,P.LKN.T....LD,3.5302983266376153,1,1,0
AZT,36.0,P.LKN.TSKC.QD,3.4940454970768093,1,1,0
AZT,36.0,P.LKNT..K..Q.,3.0615551867987203,1,0,0
AZT,36.0,P.LKNT..KSMLD,3.6746366410462237,1,1,0
AZT,36.0,P.LKNT.S.CMQ.,3.110811968821142,1,1,0
AZT,36.0,P.LKNT.S.SM..,3.4248993102215346,1,1,0
AZT,36.0,P.LKNT.SK..Q.,3.630807233084437,1,1,0
AZT,36.0,P.LKNTTS.SMQ.,3.9024834865697646,1,1,0
AZT,36.0,P.LKNTTSKC.Q.,3.132701900847967,1,1,0
AZT,36.0,P.LKNTTSKS..D,3.441540496138635,1,1,0
AZT,36.0,P.LKS.....MLD,3.1830059364952086,1,0,0
AZT,36.0,P.LKS...K.MLD,3.6948190589585455,1,1,0
AZT,36.0,P.LKST...SMLD,3.204839864254693,1,1,0
AZT,36.0,P.LKST..K.M..,3.9867488504648554,1,1,0
AZT,36.0,P.LKSTT..S.LD,3.0311766508016946,1,1,0
AZT,36.0,P.LKSTTS.SMQ.,3.3353704332422223,2,0,0
AZT,36.0,P.V......SMQ.,3.602444553979713,1,1,0
AZT,36.0,P.V......SMQD,1.5311962640336998,1,0,0
AZT,36.0,P.V....S..M..,4.576045851185391,1,1,0
AZT,36.0,P.V...T..SM.D,3.2528755267934226,1,1,0
AZT,36.0,P.V...TS.....,1.3045968110171904,1,0,0
AZT,36.0,P.V...TSKS.L.,3.2796211731127034,1,1,0
AZT,36.0,P.V..T.....LD,3.1454417339493794,1,1,0
AZT,36.0,P.V..T..KC..D,1.6581670679031233,1,0,0
AZT,36.0,P.V..T.S.SM..,3.6591346414039676,1,1,0
AZT,36.0,P.V..T.SK.M.D,3.0450044861279872,1,0,0
AZT,36.0,P.V..TT..SMLD,3.4421320188041773,1,1,0
AZT,36.0,P.V..TT.K..QD,3.5596102623770576,1,1,0
AZT,36.0,P.V..TTS...Q.,3.394513291534355,1,1,0
AZT,36.0,P.V.H.T..CM.D,3.535061705750455,1,1,0
AZT,36.0,P.V.H.TS....D,1.3584408816898645,1,0,0
AZT,36.0,P.V.HT....M..,3.7657699427595674,1,1,0
AZT,36.0,P.V.HT...S...,3.5247423387127443,1,1,0
AZT,36.0,P.V.HT.SK.M.D,3.7306685875917847,1,1,0
AZT,36.0,P.V.HTT.KS..D,3.696639562345759,1,1,0
AZT,36.0,P.V.NTT..C..D,3.502314472323389,3,1,0
AZT,36.0,P.V.NTTS.SMQD,3.4097743371189555,1,1,0
AZT,36.0,P.V.NTTSK.MQD,3.673962722247967,1,1,0
AZT,36.0,P.V.NTTSKSMLD,3.3754613311199435,1,1,0
AZT,36.0,P.V.S........,3.4450790827675886,1,1,0
AZT,36.0,P.V.S...KSMLD,3.6306539335348464,2,1,0
AZT,36.0,P.V.S.T...MQ.,3.5890629714700784,1,1,0
AZT,36.0,P.V.ST.S....D,3.8018651459326733,1,1,0
AZT,36.0,P.V.ST.S.SML.,3.291943980630739,1,1,0
AZT,36.0,P.VK.....S.LD,3.3065554877252015,1,1,0
AZT,36.0,P.VK....KCM.D,3.648487519577577,1,1,0
AZT,36.0,P.VK..T.....D,3.509735973564728,2,1,0
AZT,36.0,P.VK..TS.S...,3.014430167068696,1,1,0
AZT,36.0,P.VK.T.S...QD,3.220525651968956,1,1,0
AZT,36.0,P.VK.T.S.CM.D,3.7522344567653914,1,1,0
AZT,36.0,P.VK.T.S.SMLD,3.9568556432645177,1,1,0
AZT,36.0,P.VK.TT.KSMQD,3.123097806985132,2,1,0
AZT,36.0,P.VKH...K....,3.3217720474804593,1,0,0
AZT,36.0,P.VKH..S.C.QD,2.9453122649307804,1,1,0
AZT,36.0,P.VKH..S.SM..,3.553201839569381,1,1,0
AZT,36.0,P.VKH.T.KC.LD,3.337165072637423,1,1,0
AZT,36.0,P.VKH.T.KSM..,3.606967656501407,2,1,0
AZT,36.0,P.VKH.TS..MQ.,3.6588505535108675,1,1,0
AZT,36.0,P.VKH.TS.S.Q.,3.569898149704517,2,1,0
AZT,36.0,P.VKHT.SKC.QD,3.2170529991318384,1,1,0
AZT,36.0,P.VKHTT....LD,3.2506863145397666,1,1,0
AZT,36.0,P.VKHTT...MQ.,3.4296924834590956,1,0,0
AZT,36.0,P.VKHTTS.SMQ.,3.764354889656128,1,1,0
AZT,36.0,P.VKN....S.L.,3.596534055673177,1,1,0
AZT,36.0,P.VKN....SM.D,3.45204181549687,1,1,0
AZT,36.0,P.VKN...K.MQ.,3.120575169551615,1,1,0
AZT,36.0,P.VKN..S.S.QD,2.975756966197921,1,1,0
AZT,36.0,P.VKN.T..SML.,3.3308251714248573,1,1,0
AZT,36.0,P.VKNT..KS...,3.612449045487091,2,1,0
AZT,36.0,P.VKNT.SKCM.D,3.1322737209045566,1,1,0
AZT,36.0,P.VKNTTSK...D,3.505392044210919,1,1,0
AZT,36.0,P.VKNTTSKSM.D,4.033720548733296,1,1,0
AZT,36.0,P.VKS...KC...,3.3896835936751315,1,1,0
AZT,36.0,P.VKS.TS.S..D,3.3249726436856832,1,1,0
AZT,36.0,P.VKS.TSKS...,2.9753256924969063,1,1,0
AZT,36.0,P.VKS.TSKSMQ.,3.348248847201495,1,1,0
AZT,36.0,P.VKST...C..D,3.0389001972682945,1,1,0
AZT,36.0,P.VKST...C.L.,3.443174491154089,1,0,0
AZT,36.0,P.VKST...CMQ.,3.3739452894929123,1,1,0
AZT,36.0,P.VKSTT...MQ.,4.170384532654956,1,1,0
AZT,36.0,P.VKSTTSK..Q.,3.1205715062320585,2,1,0
AZT,36.0,PK........M.D,4.200015149104939,1,1,0
AZT,36.0,PK.......S.QD,3.1317221162441737,1,0,0
AZT,36.0,PK......KCML.,1.4528497167628323,1,0,0
AZT,36.0,PK.....SKS..D,4.126379821495172,1,1,0
AZT,36.0,PK....T..C..D,3.5918913778316117,3,1,0
AZT,36.0,PK...T...S.QD,3.5681895751408526,1,1,0
AZT,36.0,PK...T.S.CML.,1.3553064504226018,1,0,0
AZT,36.0,PK...T.SK.MQD,1.5146376469363623,1,0,0
AZT,36.0,PK..H......LD,3.663783939480579,1,1,0
AZT,36.0,PK..H....CM..,3.2754358498452034,2,1,0
AZT,36.0,PK..H.T.KCML.,3.6828379094739363,1,1,0
AZT,36.0,PK..H.TSKSM..,2.826643172122952,1,1,0
AZT,36.0,PK..HTT.K...D,3.602219845127614,1,1,0
AZT,36.0,PK..HTTS..M..,3.3165285654218613,1,1,0
AZT,36.0,PK..N...KSM..,3.402624617271878,1,1,0
AZT,36.0,PK..N..SKC.Q.,3.5073698441506993,1,1,0
AZT,36.0,PK..N..SKCML.,3.1583449994065718,1,1,0
AZT,36.0,PK..N..SKS..D,3.6776257704314865,1,0,0
AZT,36.0,PK..N.T...ML.,3.050894831122916,1,1,0
AZT,36.0,PK..N.TSK....,3.3869515293337416,1,1,0
AZT,36.0,PK..NT.SKSMLD,3.07687814615024,1,1,0
AZT,36.0,PK..NTTSK.M..,3.1168870520788845,1,1,0
AZT,36.0,PK..S....C.QD,3.1976803497708444,1,1,0
AZT,36.0,PK..S...KC.L.,3.133596108748804,1,1,0
AZT,36.0,PK..ST..KSMLD,3.6681513819693374,1,1,0
AZT,36.0,PK..ST.S..M.D,3.5345488180810745,1,1,0
AZT,36.0,PK..ST.S.S...,3.246424482610754,1,1,0
AZT,36.0,PK..STTSK.ML.,3.5281820441579943,1,1,0
AZT,36.0,PK..STTSK.MQD,3.705524708082843,1,1,0
AZT,36.0,PK.K...SKSM..,3.827353763433812,1,1,0
AZT,36.0,PK.K..T..C.Q.,3.2806417939869417,1,1,0
AZT,36.0,PK.K..T.KSM.D,3.5411028856876112,1,1,0
AZT,36.0,PK.K..TSK.M..,3.5378670824226575,1,1,0
AZT,36.0,PK.K.T.....L.,3.4810688730580095,1,1,0
AZT,36.0,PK.K.T...S...,3.949230232980592,1,1,0
AZT,36.0,PK.K.TT.K.MQ.,3.2348883824096983,1,1,0
AZT,36.0,PK.K.TT.KSM..,4.172387392038854,1,1,0
AZT,36.0,PK.KH....C.QD,3.7079744322579877,2,1,0
AZT,36.0,PK.KH...K..Q.,3.8060615289016346,1,1,0
AZT,36.0,PK.KH..S..MQD,3.6063609921519286,1,1,0
AZT,36.0,PK.KH.T..SMLD,3.1837561981887577,1,1,0
AZT,36.0,PK.KH.TSKSMLD,3.303195044528259,1,1,0
AZT,36.0,PK.KHT...C..D,3.3949047990015133,1,1,0
AZT,36.0,PK.KHT..K..LD,3.8270381857057645,2,0,0
AZT,36.0,PK.KHT.SK.M..,3.4365002640870768,1,1,0
AZT,36.0,PK.KHTT.K....,3.2069957445791593,1,0,0
AZT,36.0,PK.KN....SMQ.,3.4940435929515767,1,1,0
AZT,36.0,PK.KN...KC...,3.373282911803563,1,1,0
AZT,36.0,PK.KN..S.SM.D,3.060243706366208,1,1,0
AZT,36.0,PK.KN.T..C..D,3.064901519537057,1,1,0
AZT,36.0,PK.KN.T.K.MQ.,3.508946832899851,1,1,0
AZT,36.0,PK.KN.TS..MQD,3.7683767000104336,1,1,0
AZT,36.0,PK.KNT.......,3.5229993227967284,1,1,0
AZT,36.0,PK.KNT...CMLD,3.1740898061835217,1,1,0
AZT,36.0,PK.KNT..K...D,4.297013403764601,1,1,0
AZT,36.0,PK.KNT..KS.Q.,3.4329029733749112,2,1,0
AZT,36.0,PK.KNTT.KSM..,3.5793903731597925,1,0,0
AZT,36.0,PK.KNTTS.CMQD,3.698188333532671,1,1,0
AZT,36.0,PK.KNTTSKS.Q.,3.868184730744439,1,1,0
AZT,36.0,PK.KS...K.MLD,3.447896075414457,3,0,0
AZT,36.0,PK.KS..S.CM.D,3.457334833695408,1,1,0
AZT,36.0,PK.KS..SK.M..,3.052861253411718,2,0,0
AZT,36.0,PK.KS..SKS.L.,3.678183001878417,1,1,0
AZT,36.0,PK.KS..SKS.Q.,3.139809039345825,1,0,0
AZT,36.0,PK.KST....M..,3.342625928266061,1,1,0
AZT,36.0,PK.KST.S.CML.,3.5939543439622517,1,1,0
AZT,36.0,PK.KST.SKS...,3.2922839953906666,1,1,0
AZT,36.0,PK.KST.SKS.LD,3.3278617801840547,1,0,0
AZT,36.0,PK.KSTT....LD,3.876428218553575,1,1,0
AZT,36.0,PK.KSTT...M.D,3.0256759796752353,1,1,0
AZT,36.0,PK.KSTT.KCMLD,3.437798981619842,1,1,0
AZT,36.0,PK.KSTT.KSML.,3.207531968740957,1,1,0
AZT,36.0,PKL.....K.ML.,3.4912052790838954,1,1,0
AZT,36.0,PKL.....KC...,3.07948383679239,1,1,0
AZT,36.0,PKL...TSKS..D,3.643392051537489,1,1,0
AZT,36.0,PKL..T...SMLD,1.1550780038780357,1,0,0
AZT,36.0,PKL..T..KC.LD,2.9444778641300964,1,1,0
AZT,36.0,PKL..T.SKSM..,3.8864148014978714,1,1,0
AZT,36.0,PKL..TT.KC...,3.101586721721021,1,1,0
AZT,36.0,PKL..TTS..MQD,3.639698225315315,1,1,0
AZT,36.0,PKL..TTS.CMLD,3.992119328392472,1,1,0
AZT,36.0,PKL..TTS.CMQ.,1.1030858477300163,1,0,0
AZT,36.0,PKL..TTSK....,3.2694462709804655,1,1,0
AZT,36.0,PKL.H..SK..LD,3.3560917936487193,1,1,0
AZT,36.0,PKL.H..SK.M..,3.257335590763207,1,1,0
AZT,36.0,PKL.H.T...MLD,3.2989746671155165,1,1,0
AZT,36.0,PKL.H.TS..MQ.,3.1459778736278983,1,1,0
AZT,36.0,PKL.H.TSK....,3.373565547241443,1,1,0
AZT,36.0,PKL.HT.S.CMQ.,1.472998703115518,1,0,0
AZT,36.0,PKL.HT.SK..Q.,3.2309044681214343,1,1,0
AZT,36.0,PKL.HTT..CM.D,3.089848476963123,1,1,0
AZT,36.0,PKL.HTT.KCM..,3.9511205691620614,1,1,0
AZT,36.0,PKL.HTTS...LD,1.177483841510399,1,0,0
AZT,36.0,PKL.HTTSKC...,3.1930415802380745,1,1,0
AZT,36.0,PKL.HTTSKCM.D,3.9322575266205217,1,1,0
AZT,36.0,PKL.HTTSKSMLD,3.106827349568509,1,1,0
AZT,36.0,PKL.N.T.K....,3.257955499784162,1,1,0
AZT,36.0,PKL.N.T.KSM..,3.3702928551144486,1,1,0
AZT,36.0,PKL.N.TS.S.LD,3.617489384316017,1,1,0
AZT,36.0,PKL.NT..KS.LD,3.318338688235814,1,1,0
AZT,36.0,PKL.NT.S.SMQD,3.722898607820915,1,1,0
AZT,36.0,PKL.NTT..SM.D,3.4339692035700584,1,1,0
AZT,36.0,PKL.NTTSKC.L.,1.133532473123193,1,0,0
AZT,36.0,PKL.S..SKCM..,3.1336759948322745,2,1,0
AZT,36.0,PKL.S.T..CMQD,3.039379568966671,1,1,0
AZT,36.0,PKL.ST...CMQ.,3.2400673879055732,2,1,0
AZT,36.0,PKL.ST..K..Q.,3.9803216226308704,1,1,0
AZT,36.0,PKL.ST..KCM.D,3.2455472422353884,1,1,0
AZT,36.0,PKL.ST.S...LD,3.161934601001254,1,0,0
AZT,36.0,PKL.ST.SK..LD,3.6183821862023797,1,1,0
AZT,36.0,PKL.ST.SKSM.D,3.3303265957885366,1,1,0
AZT,36.0,PKL.STT.KC.L.,3.0679589616108704,1,1,0
AZT,36.0,PKL.STT.KCM..,3.4064904647256062,1,0,0
AZT,36.0,PKL.STT.KSMLD,3.7285734503282733,1,1,0
AZT,36.0,PKL.STTS.SMQD,3.3036451413217307,1,1,0
AZT,36.0,PKL.STTSKC.QD,2.3510379456222483,52565,0,1
AZT,36.0,PKL.STTSKS...,3.505871787834144,1,1,0
AZT,36.0,PKLK.....CMQ.,3.418964130863952,1,1,0
AZT,36.0,PKLK....KC..D,2.8756534707677948,1,1,0
AZT,36.0,PKLK...S...L.,3.9988308277865228,1,1,0
AZT,36.0,PKLK...SKSMQ.,3.5734407091649487,1,1,0
AZT,36.0,PKLK.T..KCMLD,3.0954029114766457,3,0,0
AZT,36.0,PKLK.TT...MLD,1.409642146667085,1,0,0
AZT,36.0,PKLK.TT..CM.D,1.3412767737470639,2,0,0
AZT,36.0,PKLK.TTS....D,3.714130825520577,1,1,0
AZT,36.0,PKLK.TTS.SML.,3.5798533003596145,1,1,0
AZT,36.0,PKLKH.T.KSM..,3.5597214056584345,1,1,0
AZT,36.0,PKLKH.TS...Q.,3.024941850617457,1,1,0
AZT,36.0,PKLKHT.S...LD,3.1377845030460803,1,1,0
AZT,36.0,PKLKHTT...ML.,3.731615029510742,1,1,0
AZT,36.0,PKLKN.T..C.LD,3.37637588451878,2,1,0
AZT,36.0,PKLKN.TS.S..D,3.428233549803336,1,1,0
AZT,36.0,PKLKNT...S.L.,2.9629763294318643,1,1,0
AZT,36.0,PKLKNTT..SM..,3.505107861898481,1,1,0
AZT,36.0,PKLKNTTSK.MQ.,3.6075235837654427,1,1,0
AZT,36.0,PKLKNTTSKCM..,3.4415203954075353,1,1,0
AZT,36.0,PKLKNTTSKSM.D,3.3415930424368647,1,1,0
AZT,36.0,PKLKS...KS.QD,3.2974605166170585,1,1,0
AZT,36.0,PKLKS.T....LD,3.274416383264348,1,1,0
AZT,36.0,PKLKS.T.K....,3.6605269882808673,1,1,0
AZT,36.0,PKLKST..KCMLD,3.8456967086785405,1,1,0
AZT,36.0,PKLKST.SKS.LD,4.071143593279347,1,1,0
AZT,36.0,PKLKSTT.KCMQD,3.1212146247132275,1,1,0
AZT,36.0,PKLKSTTS....D,3.183062765166573,1,0,0
AZT,36.0,PKLKSTTS..M.D,3.6928408515019764,1,1,0
AZT,36.0,PKLKSTTS..ML.,3.287405376281338,1,1,0
AZT,36.0,PKLKSTTS.CM..,3.8558570069056706,1,1,0
AZT,36.0,PKV........LD,3.019547136500079,1,1,0
AZT,36.0,PKV.....K..L.,3.738922611531665,1,1,0
AZT,36.0,PKV....SKCMQ.,3.3704897509592473,1,1,0
AZT,36.0,PKV...TSK..LD,3.195793339366074,1,1,0
AZT,36.0,PKV...TSKCMLD,3.384050016103302,1,1,0
AZT,36.0,PKV..T...S.Q.,3.9896992331106436,1,1,0
AZT,36.0,PKV..T.S.CMQ.,3.110543067772027,1,1,0
AZT,36.0,PKV..TT.KSMQD,1.3584408816898645,1,0,0
AZT,36.0,PKV..TTSK..QD,4.060121557401413,1,1,0
AZT,36.0,PKV..TTSKC.L.,3.5897978489606452,1,1,0
AZT,36.0,PKV.HT.SKC.LD,3.440895562239151,2,1,0
AZT,36.0,PKV.HT.SKS.Q.,3.7953419771117276,1,1,0
AZT,36.0,PKV.HTT..S..D,3.571513435436784,1,1,0
AZT,36.0,PKV.HTT.K..QD,1.643952871900157,1,0,0
AZT,36.0,PKV.HTT.K.ML.,3.3951263261534153,1,1,0
AZT,36.0,PKV.NT.S.CML.,3.116535301676109,4,0,0
AZT,36.0,PKV.NT.S.S..D,3.058435472790568,1,1,0
AZT,36.0,PKV.NT.SK.MQD,3.8737997659515875,2,1,0
AZT,36.0,PKV.NTT..CMLD,3.106719442698367,1,1,0
AZT,36.0,PKV.NTTS.....,3.43446881506905,1,1,0
AZT,36.0,PKV.NTTSKSM..,3.5199412902169698,1,1,0
AZT,36.0,PKV.S....CMQD,3.0630667905411415,1,1,0
AZT,36.0,PKV.S...K.MQ.,3.986096585380094,1,1,0
AZT,36.0,PKV.S..SKSMQ.,3.5098417042949346,1,1,0
AZT,36.0,PKV.S.T...MQD,3.3837601845163134,2,1,0
AZT,36.0,PKV.S.TS..M.D,3.1623164369641663,1,1,0
AZT,36.0,PKV.S.TS.C.QD,3.7557016499374174,1,1,0
AZT,36.0,PKV.S.TS.CML.,3.9967071253819095,1,1,0
AZT,36.0,PKV.S.TSKCML.,3.0039236687252324,1,0,0
AZT,36.0,PKV.ST....M..,3.5513883500269072,1,1,0
AZT,36.0,PKV.ST...SM.D,3.3773449368497794,3,1,0
AZT,36.0,PKV.STT..C.QD,3.245946923896644,1,1,0
AZT,36.0,PKV.STT..SMLD,3.5127684511571053,1,1,0
AZT,36.0,PKV.STT.KSML.,3.541795205937165,1,1,0
AZT,36.0,PKV.STTSKC..D,3.2542822001549676,1,1,0
AZT,36.0,PKVK.....CM..,3.5440181755196964,1,1,0
AZT,36.0,PKVK....K.MQD,3.7223860234638115,2,1,0
AZT,36.0,PKVK....KC.LD,3.4323586907402612,1,1,0
AZT,36.0,PKVK..TSKC.LD,3.2060705261808193,1,1,0
AZT,36.0,PKVK.T.S.SM.D,3.465976798657198,1,1,0
AZT,36.0,PKVK.TT.KCM.D,3.6459502880245713,2,1,0
AZT,36.0,PKVK.TTSK..L.,3.780735344098242,1,1,0
AZT,36.0,PKVKH....CM.D,2.971156330032578,1,1,0
AZT,36.0,PKVKH..SKC.QD,3.2680303984396883,1,1,0
AZT,36.0,PKVKHT....MLD,3.985933696428823,2,1,0
AZT,36.0,PKVKHT...S.Q.,4.046447013031252,1,1,0
AZT,36.0,PKVKHT...S.QD,3.469476935110948,2,0,0
AZT,36.0,PKVKHT..KSM.D,3.568069535730302,1,1,0
AZT,36.0,PKVKHT.SK....,3.5725067098699386,4,1,0
AZT,36.0,PKVKHTTS.....,3.2533289552992515,1,1,0
AZT,36.0,PKVKN....CMLD,3.483790414360198,1,1,0
AZT,36.0,PKVKN...KC.Q.,3.5581324473119555,2,1,0
AZT,36.0,PKVKN...KS..D,3.314037619054537,1,1,0
AZT,36.0,PKVKN.T..CM..,3.385453125517705,1,0,0
AZT,36.0,PKVKN.T.K.M..,3.349360749429351,1,1,0
AZT,36.0,PKVKNT.SK.M..,3.5767563367358375,1,1,0
AZT,36.0,PKVKNTT..CM..,3.8107501979323666,1,1,0
AZT,36.0,PKVKNTTSKCMQD,3.6725392764556255,1,1,0
AZT,36.0,PKVKNTTSKS...,3.355249116432675,1,1,0
AZT,36.0,PKVKS...KSMQD,3.829935462613841,1,1,0
AZT,36.0,PKVKS..S.S...,3.278478553675321,1,1,0
AZT,36.0,PKVKS.T.KS.LD,4.232764853933133,1,1,0
AZT,36.0,PKVKS.TS...LD,3.213687967308883,1,1,0
AZT,36.0,PKVKST...C.L.,3.9416901342077098,1,1,0
AZT,36.0,PKVKST...S...,3.7822032454636254,1,1,0
AZT,36.0,PKVKSTT.KC.LD,3.1733131553685343,1,1,0
AZT,36.0,PKVKSTT.KSMQD,3.331926658797995,1,1,0
AZT,36.0,PKVKSTTS..M..,3.462420194555412,1,1,0
AZT,36.0,PKVKSTTS..MQD,4.0043881302205655,1,1,0
AZT,36.0,PKVKSTTSKC.L.,3.306173898106228,2,1,0
AZT,108.0,.......S.S..D,2.8376920281971834,2,1,0
AZT,108.0,.......SK.M..,3.7184285444440315,1,0,0
AZT,108.0,.....T...SMQ.,2.73132750802692,1,1,0
AZT,108.0,....H....S.L.,2.7728243280316853,1,1,0
AZT,108.0,....H...KC.L.,3.5972778635566924,1,1,0
AZT,108.0,....H...KS...,3.4371010789844143,1,1,0
AZT,108.0,....H..SKCMQD,3.009394858924945,1,1,0
AZT,108.0,....H.TSKS..D,3.4043792745788677,1,1,0
AZT,108.0,....H.TSKSMQ.,3.094064003335936,1,1,0
AZT,108.0,....HT..K.M..,3.8030261665606053,1,0,0
AZT,108.0,....HT..KS.QD,3.3402510046171554,1,1,0
AZT,108.0,....HTT....Q.,3.123943867797926,1,1,0
AZT,108.0,....N....CMQ.,3.5019890214207745,1,1,0
AZT,108.0,....N...K..QD,3.000149096170425,1,0,0
AZT,108.0,....N...KCMLD,2.7808118597922102,1,1,0
AZT,108.0,....N.TS....D,3.8321463937046976,1,1,0
AZT,108.0,....NT.SKSMLD,2.905230742459663,1,1,0
AZT,108.0,....NTT..CMLD,3.6162581333131945,1,1,0
AZT,108.0,....S...K.M..,4.26260050292416,1,0,0
AZT,108.0,....S.T.....D,3.648972767061214,1,1,0
AZT,108.0,....STT....L.,2.8577624119728524,1,1,0
AZT,108.0,...K.....C.LD,2.838670716723599,1,1,0
AZT,108.0,...K...SKSMLD,3.612918066889607,1,1,0
AZT,108.0,...K..TS.S.L.,3.4325631257639992,1,1,0
AZT,108.0,...K..TSKSM..,3.2359826050256006,1,1,0
AZT,108.0,...K.T....MLD,3.4216276439256714,2,1,0
AZT,108.0,...K.TTSKSMQ.,2.822395527388161,1,1,0
AZT,108.0,...KH....C.Q.,3.4125241384842684,1,1,0
AZT,108.0,...KH...KSMQD,3.1806633493942886,1,1,0
AZT,108.0,...KH.TSK.MQ.,3.151061852899349,2,1,0
AZT,108.0,...KH.TSKC...,4.066732184452155,2,1,0
AZT,108.0,...KHT..K.M.D,3.164461658240548,4,0,0
AZT,108.0,...KN..S.....,2.762388356022213,1,0,0
AZT,108.0,...KN..S..ML.,2.8612255421777815,1,1,0
AZT,108.0,...KN.T..SMQ.,2.77847038642852,1,1,0
AZT,108.0,...KN.TS.CM.D,3.5330065718118853,1,1,0
AZT,108.0,...KNT....M.D,3.2622737651260802,1,0,0
AZT,108.0,...KNT...CM..,3.2499045297756863,1,0,0
AZT,108.0,...KNT..K.MQD,3.7876768130637197,7,0,0
AZT,108.0,...KNT.SK.M.D,2.6821327384301377,2,0,0
AZT,108.0,...KNTT.K.M..,3.9298096516209666,2,0,0
AZT,108.0,...KNTT.KSMQD,3.1742754507434503,2,1,0
AZT,108.0,...KNTTSKS...,3.524604182476126,1,1,0
AZT,108.0,...KS...K.MQ.,4.105408032883369,1,0,0
AZT,108.0,...KS...KS..D,2.8168222523566726,1,0,0
AZT,108.0,...KS.T.KC.Q.,2.6226007232110837,1,0,0
AZT,108.0,...KST...SMQ.,3.1884423877827395,1,1,0
AZT,108.0,...KST..KS...,3.6640748432441765,2,0,0
AZT,108.0,...KST..KSMLD,3.4518805985999244,1,1,0
AZT,108.0,...KST.SK....,3.793223905709125,1,0,0
AZT,108.0,...KSTTS..M..,3.526768247393845,1,1,0
AZT,108.0,...KSTTS.SM.D,3.3288868789863595,1,1,0
AZT,108.0,..L.....K..QD,2.808445067786835,1,1,0
AZT,108.0,..L.....K.M..,4.238289103666546,1,1,0
AZT,108.0,..L....S.S.Q.,2.972642597985032,1,1,0
AZT,108.0,..L...T..SMLD,2.9106244498034406,2,1,0
AZT,108.0,..L..T.S.C.Q.,3.3308648739568745,1,1,0
AZT,108.0,..L..TTSKSML.,3.384652802584298,1,1,0
AZT,108.0,..L.H..SKS.Q.,3.5571177181329,1,1,0
AZT,108.0,..L.H.T..CM..,2.8681237639410955,1,1,0
AZT,108.0,..L.H.T..S.QD,3.185994619601933,2,1,0
AZT,108.0,..L.H.TSKC.Q.,3.5156317203750866,2,1,0
AZT,108.0,..L.H.TSKSM..,3.36663613665952,1,1,0
AZT,108.0,..L.HT.S.S.LD,3.287762023297665,1,1,0
AZT,108.0,..L.N.T..S.L.,3.0693190240044648,1,1,0
AZT,108.0,..L.N.TS.SM.D,3.5681535858063955,1,1,0
AZT,108.0,..L.NT.SKS...,3.532394585035196,1,1,0
AZT,108.0,..L.S.....MQ.,2.9325956328296825,1,1,0
AZT,108.0,..L.S...KC...,2.957630299680959,1,1,0
AZT,108.0,..L.S.T....Q.,2.5046515751320575,1,1,0
AZT,108.0,..L.S.T.KSMQD,3.7386098943345845,1,1,0
AZT,108.0,..L.ST...S.Q.,3.217407334190521,1,1,0
AZT,108.0,..L.ST.S.....,2.940080143596405,1,1,0
AZT,108.0,..L.STT..S..D,2.8594812529506575,1,0,0
AZT,108.0,..L.STT..SM.D,3.9137738277730527,1,1,0
AZT,108.0,..L.STTSKCM..,2.866897229707211,1,1,0
AZT,108.0,..LK.....C.QD,3.4190500072884964,1,1,0
AZT,108.0,..LK.....CML.,2.7978829314520444,1,1,0
AZT,108.0,..LK.....S..D,3.430674063166743,1,1,0
AZT,108.0,..LK..T.....D,3.685415068616049,1,1,0
AZT,108.0,..LK..TSK..Q.,2.899712873999569,1,1,0
AZT,108.0,..LK.T..K.M..,3.4925928939945377,1,0,0
AZT,108.0,..LK.T..KC...,2.591914497653747,1,1,0
AZT,108.0,..LK.T.SK....,3.383670750830208,1,1,0
AZT,108.0,..LK.TT..SM..,3.126936834218264,1,1,0
AZT,108.0,..LK.TT.K.MLD,3.540261366548059,2,1,0
AZT,108.0,..LK.TT.KS.Q.,3.439355272421176,2,1,0
AZT,108.0,..LKH.TS.SM.D,2.931352433310789,1,1,0
AZT,108.0,..LKHT.....Q.,3.4232075293067754,1,1,0
AZT,108.0,..LKHTT..SMLD,3.5950265930766383,1,1,0
AZT,108.0,..LKN...KCML.,3.9146913481414267,1,1,0
AZT,108.0,..LKN..SK.M..,3.098583192841757,4,0,0
AZT,108.0,..LKN.TSKC.QD,3.45010787555618,1,1,0
AZT,108.0,..LKNT....MLD,3.0363833311708697,1,1,0
AZT,108.0,..LKNT.SKC...,2.72445981499527,1,1,0
AZT,108.0,..LKNTTS.C...,3.836973334250726,1,1,0
AZT,108.0,..LKS......QD,3.0192325637077055,1,1,0
AZT,108.0,..LKS..S.S...,2.719520301627755,1,1,0
AZT,108.0,..LKS.TSKS...,3.31618130985992,1,1,0
AZT,108.0,..LKST...S...,3.209125814373316,1,1,0
AZT,108.0,..LKSTTSK..Q.,3.208306412384955,1,1,0
AZT,108.0,..V....S.S.LD,2.859890524639946,1,1,0
AZT,108.0,..V..T..KSMLD,3.5740975830929527,1,1,0
AZT,108.0,..V.H.......D,2.8800882220305164,1,1,0
AZT,108.0,..V.H..S.C.L.,3.9884725976933875,2,1,0
AZT,108.0,..V.H..SKSM..,3.53246808187667,1,1,0
AZT,108.0,..V.H.T.KCM..,3.6758557720034877,1,1,0
AZT,108.0,..V.HT..K...D,3.87012412317058,1,1,0
AZT,108.0,..V.HT..K.MQD,2.8555258705765114,1,1,0
AZT,108.0,..V.HT.S.SM..,3.371298165643041,1,1,0
AZT,108.0,..V.HTT.KC.LD,3.1827019746980967,1,1,0
AZT,108.0,..V.N....S...,2.983134467800667,1,1,0
AZT,108.0,..V.N.T..S.QD,3.7298146699586163,1,1,0
AZT,108.0,..V.N.T..SM..,3.8848967529764638,1,1,0
AZT,108.0,..V.NT.....LD,3.0132854838208893,1,1,0
AZT,108.0,..V.NT..K..QD,3.4473542217066817,1,1,0
AZT,108.0,..V.NT.S.C.L.,2.8717613522577947,1,0,0
AZT,108.0,..V.NT.SK.M..,3.767192758827846,1,1,0
AZT,108.0,..V.S......LD,3.4213408364780005,1,1,0
AZT,108.0,..V.S....CM..,2.654619847776673,1,1,0
AZT,108.0,..V.S...K.M..,3.6747017343857893,5,0,0
AZT,108.0,..V.S..S.CML.,2.940819884504824,1,0,0
AZT,108.0,..V.S..S.SML.,1.912359031842415,1,0,0
AZT,108.0,..V.S..SKS.L.,3.4479203719106013,1,1,0
AZT,108.0,..V.S.T.KC.LD,3.246055933758025,1,1,0
AZT,108.0,..V.S.TSKS...,3.372046892999453,1,1,0
AZT,108.0,..V.ST..K.M..,2.9082395934746716,1,0,0
AZT,108.0,..V.ST..KC.LD,2.8133029349179015,1,1,0
AZT,108.0,..V.ST..KCMQD,4.179878996363645,1,1,0
AZT,108.0,..V.ST.S.CM.D,3.087840987958058,1,1,0
AZT,108.0,..V.STT..C.LD,2.848417239815776,1,1,0
AZT,108.0,..V.STTS...L.,3.0294491515017525,1,1,0
AZT,108.0,..VK.....C..D,3.0195526471796548,1,1,0
AZT,108.0,..VK.....SM.D,2.8570301737305273,1,1,0
AZT,108.0,..VK....K.ML.,3.6509568728506068,1,1,0
AZT,108.0,..VK..T......,2.9710140588026492,1,1,0
AZT,108.0,..VK.T...CM.D,2.9196479558750585,1,1,0
AZT,108.0,..VK.TTS.C.LD,3.030379722142866,1,0,0
AZT,108.0,..VKH.TS.CMLD,2.463707549836447,1,1,0
AZT,108.0,..VKH.TS.CMQ.,2.458676754488557,1,1,0
AZT,108.0,..VKHT.S.CML.,2.899604485372141,1,1,0
AZT,108.0,..VKHT.S.S.Q.,2.8503968087242804,1,1,0
AZT,108.0,..VKHTTS.S...,3.023609001728694,1,1,0
AZT,108.0,..VKN....S.QD,3.087800255625583,1,1,0
AZT,108.0,..VKN..S...LD,2.7369460785960635,1,1,0
AZT,108.0,..VKN..S..M..,4.046735274292381,1,1,0
AZT,108.0,..VKN.T.KS.LD,2.9609002778715263,1,1,0
AZT,108.0,..VKN.TS..ML.,3.983003746951144,1,1,0
AZT,108.0,..VKNT....M..,3.2507678154617934,1,0,0
AZT,108.0,..VKNT..K.ML.,3.343972826641332,1,0,0
AZT,108.0,..VKNT..KS.QD,3.784395860862614,1,1,0
AZT,108.0,..VKNT.SKC..D,3.5398992189938787,1,1,0
AZT,108.0,..VKS...K....,3.9729334040584,2,0,0
AZT,108.0,..VKS...KSMLD,3.2163373619073132,1,1,0
AZT,108.0,..VKS...KSMQ.,2.855068771121216,1,1,0
AZT,108.0,..VKS..SKSML.,3.183037310933507,1,1,0
AZT,108.0,..VKS.T....QD,1.9674992464333227,1,0,0
AZT,108.0,..VKS.TS..M.D,3.419593511430977,1,1,0
AZT,108.0,..VKST.S.C.QD,3.5527532917627846,1,1,0
AZT,108.0,.K......KSMLD,3.3317875933094157,1,1,0
AZT,108.0,.K.....S.C.L.,3.373551719175798,1,1,0
AZT,108.0,.K.....SK.ML.,3.011874614871081,1,0,0
AZT,108.0,.K.....SKS..D,2.8184061189899925,1,0,0
AZT,108.0,.K....T...MQD,3.8279711366382365,1,1,0
AZT,108.0,.K....T..SML.,3.7836563323351173,1,1,0
AZT,108.0,.K...T....M.D,3.8431311510336386,1,1,0
AZT,108.0,.K...TT.KS...,3.0132990644732676,1,1,0
AZT,108.0,.K...TTS..MQ.,3.2391575090768385,2,1,0
AZT,108.0,.K..H....S.LD,3.0807489922292817,1,1,0
AZT,108.0,.K..H.TS.CM..,3.0603612765820025,1,1,0
AZT,108.0,.K..HT.S.S..D,3.082210797145594,1,1,0
AZT,108.0,.K..HTT.KC..D,2.925276399931249,1,1,0
AZT,108.0,.K..HTT.KC.L.,2.839429184692746,1,1,0
AZT,108.0,.K..HTTSKCMLD,2.949337127061749,1,1,0
AZT,108.0,.K..N...K.M.D,3.9660380182906385,1,0,0
AZT,108.0,.K..N..S.C..D,3.357908524625343,1,1,0
AZT,108.0,.K..N.TSK.MLD,3.4041164283840986,1,1,0
AZT,108.0,.K..NT....M..,2.883249917483082,1,0,0
AZT,108.0,.K..S...KC..D,3.500226145097681,1,1,0
AZT,108.0,.K..S...KC.L.,2.9157083741102148,1,1,0
AZT,108.0,.K..S.T...M..,3.038886500638193,1,1,0
AZT,108.0,.K..S.TS.SMLD,3.3739427897472707,1,1,0
AZT,108.0,.K..ST..KCML.,3.4601066739718473,1,1,0
AZT,108.0,.K..ST..KSM..,3.0297813925556,1,1,0
AZT,108.0,.K.K....K.MQ.,3.0476382049017023,3,0,0
AZT,108.0,.K.K....KS.Q.,3.3651994071475215,2,1,0
AZT,108.0,.K.K...SK.ML.,3.7252043522710436,1,1,0
AZT,108.0,.K.K...SKC.QD,3.588184981777641,1,1,0
AZT,108.0,.K.K..TSKCMQD,2.911612640820295,1,0,0
AZT,108.0,.K.K.T...S..D,3.643656968997574,1,1,0
AZT,108.0,.K.K.T..K.M..,4.259123761521233,6,0,0
AZT,108.0,.K.K.TT....QD,2.335781091919454,1606,0,0
AZT,108.0,.K.KH...K.M.D,3.9610783728204013,5,0,0
AZT,108.0,.K.KH...KS.LD,2.9755904360165144,1,1,0
AZT,108.0,.K.KHT...C.L.,3.091289861340012,3,0,0
AZT,108.0,.K.KHT..K..LD,3.09322650878141,1,0,0
AZT,108.0,.K.KHT.SKSMQ.,3.4488481221718694,1,1,0
AZT,108.0,.K.KHTT.KCM.D,2.8751296017263543,1,1,0
AZT,108.0,.K.KHTTSKSML.,3.2628999397603,1,1,0
AZT,108.0,.K.KN.....MQD,3.282609447022553,2,0,0
AZT,108.0,.K.KN....S.QD,3.1906205983123606,1,1,0
AZT,108.0,.K.KN...K..QD,4.509006337200611,3,0,0
AZT,108.0,.K.KN...KCM..,3.6283941451349295,1,0,0
AZT,108.0,.K.KN...KSMQD,2.9312382734139155,1,0,0
AZT,108.0,.K.KN.T..SML.,2.5504595457854204,1,1,0
AZT,108.0,.K.KN.TS.SM..,2.774361125395426,1,1,0
AZT,108.0,.K.KNT.SK...D,3.5418058577381366,1,0,0
AZT,108.0,.K.KNT.SK.M..,3.343408032645848,5,0,0
AZT,108.0,.K.KNTT.K..Q.,2.9688985793735023,1,0,0
AZT,108.0,.K.KNTTS.SM.D,2.784543322805814,1,1,0
AZT,108.0,.K.KS........,3.8677057193403472,1,0,0
AZT,108.0,.K.KS....C.QD,3.1653840453848923,1,1,0
AZT,108.0,.K.KS...K..Q.,3.902176662537327,1,0,0
AZT,108.0,.K.KS...K.MQ.,4.61167310878352,1,0,0
AZT,108.0,.K.KS...KCM..,2.856454151685919,1,0,0
AZT,108.0,.K.KS..S.....,2.6849301074781224,1,0,0
AZT,108.0,.K.KS.T..S.L.,2.5253591666144053,1,1,0
AZT,108.0,.K.KS.T.K.M..,3.1877549364308195,3,0,0
AZT,108.0,.K.KS.TS.....,3.8285932113657646,1,1,0
AZT,108.0,.K.KS.TS.C.Q.,3.433798570263912,1,1,0
AZT,108.0,.K.KST....M..,3.027881175962673,6,0,0
AZT,108.0,.K.KST..KC.LD,3.9900504842375413,2,1,0
AZT,108.0,.K.KSTTSKC.LD,3.2216746405493737,2,0,0
AZT,108.0,.KL......C.L.,3.682800435323828,1,1,0
AZT,108.0,.KL.....K....,3.4823950018235266,4,0,0
AZT,108.0,.KL....S...L.,3.3072390058806924,1,1,0
AZT,108.0,.KL...TSKCMQD,2.9897423275132984,1,1,0
AZT,108.0,.KL..T....MQ.,3.1945089504722683,2,1,0
AZT,108.0,.KL..T.S.CM.D,3.038467820864213,1,1,0
AZT,108.0,.KL..T.SK.M.D,2.7737868109338537,1,1,0
AZT,108.0,.KL.H.....MQ.,2.890650807311115,1,1,0
AZT,108.0,.KL.H..S.SMQD,2.808863554514219,1,1,0
AZT,108.0,.KL.H.T..S...,3.247900494595257,1,1,0
AZT,108.0,.KL.H.TSK.ML.,3.1112821992926434,1,1,0
AZT,108.0,.KL.HT.SK..L.,2.7206453570183187,1,1,0
AZT,108.0,.KL.HTT.K.MQ.,3.8673252446812296,1,1,0
AZT,108.0,.KL.N.T..C.LD,1.8757854874464608,1,0,0
AZT,108.0,.KL.N.T..CMQ.,3.707431539969241,1,1,0
AZT,108.0,.KL.NTTSK..LD,3.0369277111274933,1,1,0
AZT,108.0,.KL.NTTSKCML.,3.5401544327658523,1,1,0
AZT,108.0,.KL.NTTSKS.QD,3.0839224412983772,1,1,0
AZT,108.0,.KL.S...K.MQ.,2.83197051913903,1,1,0
AZT,108.0,.KL.S..S..MQD,3.748892847973255,1,1,0
AZT,108.0,.KL.S.T.KS...,3.748939417731491,1,1,0
AZT,108.0,.KL.S.T.KS.L.,3.268880591587974,1,0,0
AZT,108.0,.KL.S.TSKCML.,3.5810919080020245,1,1,0
AZT,108.0,.KL.ST..K.MQD,2.978512480444516,1,1,0
AZT,108.0,.KL.ST.S..M..,3.1724332838638714,1,1,0
AZT,108.0,.KL.ST.S.C.QD,3.0154565284061876,1,1,0
AZT,108.0,.KLK...SKSMQ.,3.0968957807019626,1,1,0
AZT,108.0,.KLK..TSKS...,2.932613178679518,1,1,0
AZT,108.0,.KLK.T...S.LD,3.4159741488458137,1,1,0
AZT,108.0,.KLK.T..K....,4.034296747420416,8,0,0
AZT,108.0,.KLK.T.S..MQ.,3.6821174032646615,2,1,0
AZT,108.0,.KLK.TT.KSM.D,2.8150184939228153,1,1,0
AZT,108.0,.KLK.TTSKC.QD,2.7294690072691634,1,1,0
AZT,108.0,.KLKH.T.K..QD,2.9211363603467966,1,1,0
AZT,108.0,.KLKH.T.KS.LD,2.874906813456473,1,1,0
AZT,108.0,.KLKH.TS.SM..,2.764246358225219,1,1,0
AZT,108.0,.KLKH.TSKCMQ.,3.0019432115427307,1,1,0
AZT,108.0,.KLKHT..KC.Q.,2.9630686938793214,1,1,0
AZT,108.0,.KLKHTT..SMQ.,2.6865288842340096,1,1,0
AZT,108.0,.KLKHTTSK....,3.0559987037125413,1,1,0
AZT,108.0,.KLKN....S...,3.9954577468169568,1,1,0
AZT,108.0,.KLKN...KS...,3.0357615383746848,1,0,0
AZT,108.0,.KLKN.TS.S.QD,3.703266516907674,1,1,0
AZT,108.0,.KLKNT.......,3.1999606579046,4,0,0
AZT,108.0,.KLKNTT.K....,3.2140460891406626,2,0,0
AZT,108.0,.KLKNTTSK.MQD,3.4895449151609896,1,1,0
AZT,108.0,.KLKNTTSKSMQ.,3.3527971181047964,1,1,0
AZT,108.0,.KLKS..S.SM..,3.465237851950215,1,1,0
AZT,108.0,.KLKS.T..C.LD,3.2456985403913228,1,1,0
AZT,108.0,.KLKS.T.KS..D,3.092867325517819,1,1,0
AZT,108.0,.KLKST.SK....,3.2235625800605425,1,0,0
AZT,108.0,.KV......SM..,3.0107283502619775,1,1,0
AZT,108.0,.KV...T.KSMLD,3.953668687297009,1,1,0
AZT,108.0,.KV...TS.S...,2.770812992057716,1,1,0
AZT,108.0,.KV...TSKS.LD,2.1495695877792,52770,0,1
AZT,108.0,.KV..T...CML.,3.6964330211975547,1,1,0
AZT,108.0,.KV..T..K.MQ.,3.5915115310278045,1,1,0
AZT,108.0,.KV..T.SK.M..,3.0618056198305945,1,0,0
AZT,108.0,.KV.H....SML.,3.576011388448236,1,1,0
AZT,108.0,.KV.H..SKS.Q.,2.775322810192199,1,1,0
AZT,108.0,.KV.H.T...M..,3.671927789172194,1,1,0
AZT,108.0,.KV.HT..K..Q.,3.476844579435602,1,1,0
AZT,108.0,.KV.HT.SKCML.,2.927418748560192,1,1,0
AZT,108.0,.KV.HTTS..ML.,3.1574910380153023,1,1,0
AZT,108.0,.KV.HTTS.C...,2.965268673822503,1,1,0
AZT,108.0,.KV.N...KSMQD,2.9303541821804484,1,1,0
AZT,108.0,.KV.NT...S.L.,3.4156622581528553,1,1,0
AZT,108.0,.KV.NT..K.M..,3.6034678690224538,1,0,0
AZT,108.0,.KV.S.....M..,3.730491348164951,1,1,0
AZT,108.0,.KV.STT..S...,2.879432338932518,1,1,0
AZT,108.0,.KV.STTSK..LD,3.027087761331431,1,1,0
AZT,108.0,.KVK....KCMQD,2.9965851955822966,2,0,0
AZT,108.0,.KVK..T..C.L.,2.9785698935578706,1,1,0
AZT,108.0,.KVK..TSKC.L.,3.1835198442895614,1,1,0
AZT,108.0,.KVK..TSKCMQD,3.7566681864865368,1,1,0
AZT,108.0,.KVK.T..K.M..,3.1786626442153016,1,0,0
AZT,108.0,.KVK.T..KCMQD,3.3490254057262066,2,1,0
AZT,108.0,.KVKH..S..MLD,1.7846510297348883,1,0,0
AZT,108.0,.KVKH.T......,3.1558609527498023,1,1,0
AZT,108.0,.KVKH.TS.C..D,3.725612844273701,1,1,0
AZT,108.0,.KVKHT..KSM..,3.178032401658068,1,0,0
AZT,108.0,.KVKHTTS.C.LD,3.6542278645231323,2,1,0
AZT,108.0,.KVKHTTS.SML.,3.784994990923196,1,1,0
AZT,108.0,.KVKHTTSKC.QD,3.5032878203950157,1,1,0
AZT,108.0,.KVKN..S.CM..,3.000747202679709,1,1,0
AZT,108.0,.KVKN.T.KC.LD,3.5134801050486977,2,1,0
AZT,108.0,.KVKNTTSK.MQ.,3.0441354370620393,1,1,0
AZT,108.0,.KVKS...KS...,3.7521979274895765,1,0,0
AZT,108.0,.KVKS..SKS..D,3.4475086853286236,1,1,0
AZT,108.0,.KVKS.T.KSML.,2.729279864728396,1,1,0
AZT,108.0,.KVKS.TSK..QD,3.1393205938455755,1,1,0
AZT,108.0,.KVKS.TSKS.L.,3.278875875065373,1,1,0
AZT,108.0,.KVKSTT.KSMQD,2.9462247048080763,1,1,0
AZT,108.0,P......SK.ML.,3.014739604145328,1,0,0
AZT,108.0,P.....T.KC..D,3.0082058828965152,1,1,0
AZT,108.0,P.....TS.SM..,2.8254384508049992,1,1,0
AZT,108.0,P.....TSKS.QD,3.692382786252755,1,1,0
AZT,108.0,P....TT..SMQ.,2.988816186857208,1,1,0
AZT,108.0,P....TTSKC.L.,2.8189707397185724,1,1,0
AZT,108.0,P...H.....ML.,3.004242259070702,1,0,0
AZT,108.0,P...H..S.....,3.90799973972387,1,1,0
AZT,108.0,P...H.T.K.MLD,4.108852152548047,1,1,0
AZT,108.0,P...H.TSKS.L.,3.121555455739267,1,1,0
AZT,108.0,P...HT....ML.,3.6449650624663845,1,1,0
AZT,108.0,P...HTTSK.M..,2.8633342161641817,1,1,0
AZT,108.0,P...N.TS..MQD,3.838733343590994,1,1,0
AZT,108.0,P...N.TSK.M.D,3.2407689666609674,1,1,0
AZT,108.0,P...NT...SM..,3.2606400496643375,1,1,0
AZT,108.0,P...NTT.KS.Q.,3.6034037165527604,1,1,0
AZT,108.0,P...S..SKCM..,3.001050637337382,2,1,0
AZT,108.0,P...S.T.K..QD,3.063170495613877,1,1,0
AZT,108.0,P...ST.S...QD,3.0663022847110173,1,1,0
AZT,108.0,P...ST.S.SMLD,2.7776458295618394,1,1,0
AZT,108.0,P...STT..CML.,3.242105878189792,1,1,0
AZT,108.0,P..K.........,3.6241546617375797,1,0,0
AZT,108.0,P..K...S.C.LD,3.2880893540576563,1,1,0
AZT,108.0,P..K..TS.CM..,3.7809845816701064,1,1,0
AZT,108.0,P..K.T..KC.LD,3.1486688448078004,1,1,0
AZT,108.0,P..K.T.SKC...,3.654204760860538,2,0,0
AZT,108.0,P..KH....SM..,3.0643586399199947,1,1,0
AZT,108.0,P..KH.T.K..L.,3.4109319152878204,1,1,0
AZT,108.0,P..KH.T.KSML.,3.3764948222179627,1,1,0
AZT,108.0,P..KHTT.KCM..,4.166941396213049,1,1,0
AZT,108.0,P..KHTTS.SML.,3.498205349730435,1,1,0
AZT,108.0,P..KN....S..D,3.0509242081038437,1,1,0
AZT,108.0,P..KN...K.ML.,3.4454116846686427,1,0,0
AZT,108.0,P..KN...KSM.D,3.558793838542977,1,0,0
AZT,108.0,P..KN..S.C..D,3.4893803489806574,1,1,0
AZT,108.0,P..KN..SKC.L.,2.948195798319921,1,1,0
AZT,108.0,P..KN.T.K.M..,3.8455927673687818,1,0,0
AZT,108.0,P..KNT..K...D,4.134040430697146,1,0,0
AZT,108.0,P..KNT..K..Q.,3.195142770607051,1,0,0
AZT,108.0,P..KNTT.KC.QD,3.194494590381752,1,1,0
AZT,108.0,P..KS....SM.D,3.622881645124251,1,1,0
AZT,108.0,P..KS...K.MQ.,3.5501297171984083,7,0,0
AZT,108.0,P..KS..S..ML.,3.03907332376035,1,1,0
AZT,108.0,P..KST..K...D,3.0469836695969623,4,0,0
AZT,108.0,P..KSTT.....D,3.12684054193279,1,1,0
AZT,108.0,P..KSTTSKC.Q.,3.4528837248874154,1,1,0
AZT,108.0,P.L.....K.MQ.,3.3523312391762143,1,1,0
AZT,108.0,P.L....S..MLD,2.8633875779271505,1,1,0
AZT,108.0,P.L...T.KC.L.,3.0861317581483085,1,1,0
AZT,108.0,P.L...TS.CMQD,3.1264958248904664,1,1,0
AZT,108.0,P.L..T...CM..,1.6581319882516796,1,0,0
AZT,108.0,P.L..T..K..QD,2.744789017592819,1,1,0
AZT,108.0,P.L..TTSKSMQ.,3.16512830331477,1,1,0
AZT,108.0,P.L.H....S...,3.4645224583778296,1,1,0
AZT,108.0,P.L.H..SKS.QD,3.4996681347509413,1,1,0
AZT,108.0,P.L.HT.SKCMLD,4.150260550902685,1,1,0
AZT,108.0,P.L.NT.S..M..,3.2881306682200124,1,1,0
AZT,108.0,P.L.NT.S.CMQ.,2.752332993364855,1,1,0
AZT,108.0,P.L.NT.SKC.LD,2.9765457499122,1,1,0
AZT,108.0,P.L.NTTS...L.,4.076688074949973,1,1,0
AZT,108.0,P.L.NTTS.C.QD,4.1817678253465855,1,1,0
AZT,108.0,P.L.S........,3.130360231300799,1,1,0
AZT,108.0,P.L.S.T..SMQ.,2.903632518307913,1,1,0
AZT,108.0,P.L.S.T.K...D,3.0500960120848415,1,1,0
AZT,108.0,P.L.ST..K...D,3.759660316780019,1,1,0
AZT,108.0,P.LK...SKC...,3.6156726156088794,1,1,0
AZT,108.0,P.LK.T.S.C...,3.701878407183758,1,1,0
AZT,108.0,P.LK.T.SKS.LD,3.2713774767833943,1,1,0
AZT,108.0,P.LK.TT.KS.LD,3.302390092777689,1,1,0
AZT,108.0,P.LK.TTS.C.LD,3.808196271091063,1,1,0
AZT,108.0,P.LK.TTSKCM.D,3.237726859898916,1,1,0
AZT,108.0,P.LKHT....MQD,3.9226766685913046,1,1,0
AZT,108.0,P.LKHT..KS...,4.341172881745152,1,1,0
AZT,108.0,P.LKHT.SK....,2.9733447999480744,1,0,0
AZT,108.0,P.LKHT.SK.MLD,2.729232928227322,1,1,0
AZT,108.0,P.LKHT.SKCML.,3.633528474765974,1,1,0
AZT,108.0,P.LKN...K....,5.499149748955018,185,1,0
AZT,108.0,P.LKN...K..QD,3.6591170384922216,1,0,0
AZT,108.0,P.LKN...KCMQD,3.0009657633055453,1,1,0
AZT,108.0,P.LKN...KS...,2.995007538780422,1,0,0
AZT,108.0,P.LKN.TS..M..,2.949550798959479,1,1,0
AZT,108.0,P.LKN.TS.C.LD,2.833147875503513,1,1,0
AZT,108.0,P.LKNT...CM..,2.724877995006112,1,1,0
AZT,108.0,P.LKNT.S...L.,3.0923733679369074,1,1,0
AZT,108.0,P.LKNT.S.SM..,3.060622063790028,1,1,0
AZT,108.0,P.LKNT.SK..Q.,3.6744875730780966,1,1,0
AZT,108.0,P.LKNTTS.SMQ.,3.7866091208458275,1,1,0
AZT,108.0,P.LKS......L.,3.0446414054022135,1,1,0
AZT,108.0,P.LKS..SKSMQ.,3.3447049138084535,1,1,0
AZT,108.0,P.LKS.TS.C...,3.595221287990886,1,1,0
AZT,108.0,P.LKS.TS.CMLD,2.823809300242633,1,1,0
AZT,108.0,P.LKST.S.CM.D,3.859769159457807,1,1,0
AZT,108.0,P.LKST.SK..Q.,3.098400991016625,1,0,0
AZT,108.0,P.V....S..M..,4.8278502706116315,1,1,0
AZT,108.0,P.V...T..SM.D,3.731889273828104,1,1,0
AZT,108.0,P.V..TT.K....,3.2625871342678066,1,1,0
AZT,108.0,P.V..TT.K..QD,3.4487361225976034,1,1,0
AZT,108.0,P.V.H...K.M.D,3.4445048446601936,1,1,0
AZT,108.0,P.V.H.T.KSMQD,2.8130734151480143,1,1,0
AZT,108.0,P.V.H.TSKC..D,3.2631027290476724,1,1,0
AZT,108.0,P.V.HT....M..,3.8715355715646624,1,1,0
AZT,108.0,P.V.HT...S...,3.6579295630263005,1,1,0
AZT,108.0,P.V.HTT..C.QD,2.8758961697914893,1,1,0
AZT,108.0,P.V.HTT.K.M.D,2.997887716954,1,1,0
AZT,108.0,P.V.HTTS..M.D,3.4811264053026916,1,1,0
AZT,108.0,P.V.N.....M..,3.7192953641474946,1,1,0
AZT,108.0,P.V.N.T..C.LD,3.023689619762271,1,1,0
AZT,108.0,P.V.NT.....Q.,3.0336995727540166,1,1,0
AZT,108.0,P.V.NT..K.M..,4.131415038424531,1,1,0
AZT,108.0,P.V.NT..K.M.D,3.0873310733498283,1,0,0
AZT,108.0,P.V.NT.SKC.Q.,2.9372157648947974,1,1,0
AZT,108.0,P.V.NTTSK.MQD,3.5987719162931158,1,1,0
AZT,108.0,P.V.S...KSMLD,3.480271059688678,1,1,0
AZT,108.0,P.V.S..S.CML.,3.5938660791514105,1,1,0
AZT,108.0,P.V.ST.S....D,4.167445887004266,1,1,0
AZT,108.0,P.VK.....S.Q.,2.821914523212761,1,1,0
AZT,108.0,P.VK...S...LD,3.565647342102081,1,1,0
AZT,108.0,P.VK...SKC...,1.5492516240734562,1,0,0
AZT,108.0,P.VK...SKCML.,2.768802836218304,1,1,0
AZT,108.0,P.VK.T..K....,3.376953987511014,4,0,0
AZT,108.0,P.VK.T..KCMQ.,2.9226333117420165,1,1,0
AZT,108.0,P.VK.T.S.S.Q.,1.2642003396541397,1,0,0
AZT,108.0,P.VK.T.S.SMLD,4.218493847781855,1,1,0
AZT,108.0,P.VK.TTS.CMLD,2.778881982777877,1,1,0
AZT,108.0,P.VK.TTS.S..D,2.9794574053831617,1,1,0
AZT,108.0,P.VKH....C.LD,3.911938997384199,1,1,0
AZT,108.0,P.VKH..S.S.L.,3.2504128906434593,1,1,0
AZT,108.0,P.VKH.T.KCM..,3.404146329079465,1,1,0
AZT,108.0,P.VKH.TS.S.Q.,3.844811696425301,2,1,0
AZT,108.0,P.VKHT..K..L.,4.34205566643047,1,1,0
AZT,108.0,P.VKHT.SKC.QD,3.5913928997646605,1,1,0
AZT,108.0,P.VKHTTSKSML.,1.6099679590401463,1,0,0
AZT,108.0,P.VKN..SK.M..,4.049820961542736,1,0,0
AZT,108.0,P.VKN..SK.M.D,3.1151578068713897,1,0,0
AZT,108.0,P.VKNT..K.M..,3.475030940610268,1,0,0
AZT,108.0,P.VKNTTSKSM.D,3.864126685814424,1,1,0
AZT,108.0,P.VKS...KC...,2.971998317749365,1,0,0
AZT,108.0,P.VKS..SK.MQD,3.3660981921345376,1,1,0
AZT,108.0,P.VKS.TS.S..D,2.9208126028215027,1,1,0
AZT,108.0,P.VKS.TS.S.L.,3.334376615853282,1,1,0
AZT,108.0,P.VKST.S.C.LD,3.0824584156864803,1,1,0
AZT,108.0,P.VKST.SKCMLD,2.9190673764346307,1,1,0
AZT,108.0,P.VKSTT...MQ.,3.7518845586474825,1,1,0
AZT,108.0,PK........M.D,3.22075083556522,1,1,0
AZT,108.0,PK.......CML.,2.8525688577029893,1,1,0
AZT,108.0,PK....TS.SMQD,2.898405077278803,1,1,0
AZT,108.0,PK...T..KSMLD,1.4450727608904432,1,0,0
AZT,108.0,PK..H....CM..,2.934876841170559,1,1,0
AZT,108.0,PK..H...K....,4.150163642554484,1,0,0
AZT,108.0,PK..H...K.M..,3.675723423196827,6,0,0
AZT,108.0,PK..H.T.K.MLD,3.5072599670485385,1,0,0
AZT,108.0,PK..H.TSKC.L.,2.8616881368009697,1,1,0
AZT,108.0,PK..HT..KC.L.,3.415478077965459,1,1,0
AZT,108.0,PK..HTT.K...D,3.270907372055659,1,1,0
AZT,108.0,PK..HTT.KSMQ.,2.903649775060485,1,1,0
AZT,108.0,PK..N..SK....,3.4834116456399316,3,0,0
AZT,108.0,PK..N..SKC.Q.,3.6434885618318704,1,1,0
AZT,108.0,PK..N..SKS..D,3.250014799503876,2,1,0
AZT,108.0,PK..N.T.K..LD,3.0579470088131906,1,1,0
AZT,108.0,PK..NT.S.C.Q.,2.8415023301912514,1,1,0
AZT,108.0,PK..NTTS..MQD,3.0134294286071412,1,1,0
AZT,108.0,PK..S..SK.M..,3.4055449098058093,1,0,0
AZT,108.0,PK..S.TS.SML.,2.4192567890507584,1,1,0
AZT,108.0,PK..ST..KSMLD,3.6554177960528835,1,1,0
AZT,108.0,PK..ST.SK....,2.8314078728528784,1,0,0
AZT,108.0,PK..STT.K.ML.,1.0501956192263031,1,0,0
AZT,108.0,PK..STT.KS.L.,2.978947862595999,1,1,0
AZT,108.0,PK..STTSK.ML.,3.092790628009826,1,1,0
AZT,108.0,PK..STTSKSM..,2.8493348526997067,1,1,0
AZT,108.0,PK.K.....C.LD,2.8616266667152113,1,1,0
AZT,108.0,PK.K...SKSMLD,3.561817934825177,1,1,0
AZT,108.0,PK.K.T.....L.,3.8738360504620006,1,1,0
AZT,108.0,PK.K.T.S.SM..,3.09839354971725,1,1,0
AZT,108.0,PK.K.TT..C...,2.931085736347932,1,1,0
AZT,108.0,PK.KH....C.QD,3.1323761641563608,2,1,0
AZT,108.0,PK.KH...KCMQ.,2.8310898681442382,1,1,0
AZT,108.0,PK.KH..SK.MQD,3.5130437635593292,1,1,0
AZT,108.0,PK.KHT.SK.M.D,2.9211709612841403,1,1,0
AZT,108.0,PK.KHT.SKC.L.,2.922049120900768,1,1,0
AZT,108.0,PK.KN...K..L.,3.6946395636523772,1,0,0
AZT,108.0,PK.KN...K..QD,3.335806820097477,1,0,0
AZT,108.0,PK.KN...K.ML.,2.979247341113213,1,0,0
AZT,108.0,PK.KN...K.MQ.,4.043150229964949,1,0,0
AZT,108.0,PK.KN..SKC.QD,3.4196341920229965,1,1,0
AZT,108.0,PK.KN.T..C..D,3.4069063055381044,1,1,0
AZT,108.0,PK.KN.TS..M.D,3.1013256301498107,1,0,0
AZT,108.0,PK.KN.TS..MQD,3.900482921316211,1,1,0
AZT,108.0,PK.KN.TS.S.L.,2.7980243172311057,1,1,0
AZT,108.0,PK.KNT..K..Q.,3.823548805094536,1,0,0
AZT,108.0,PK.KNTT.K..L.,4.112806525973328,1,1,0
AZT,108.0,PK.KNTT.KSM..,3.49727398828063,1,1,0
AZT,108.0,PK.KNTTS.CMQD,3.140060956269648,1,1,0
AZT,108.0,PK.KNTTSKS.Q.,2.973850135807432,1,1,0
AZT,108.0,PK.KS...K..Q.,2.8304467709473315,1,0,0
AZT,108.0,PK.KS..SK....,3.2494658027555685,2,0,0
AZT,108.0,PK.KS..SKS.L.,3.9805555883819204,1,1,0
AZT,108.0,PK.KS.TSKS...,3.511364642685811,1,1,0
AZT,108.0,PK.KS.TSKS.LD,3.1048443113231032,1,1,0
AZT,108.0,PK.KS.TSKSML.,3.157739381709151,1,1,0
AZT,108.0,PK.KST..K.M..,3.9178009847925965,5,0,0
AZT,108.0,PK.KST..KSMQ.,3.297997557008441,2,1,0
AZT,108.0,PK.KST.S...QD,4.195868550066779,1,1,0
AZT,108.0,PKL...TSKS..D,4.1465626784058545,1,1,0
AZT,108.0,PKL..T....MQD,1.2957326379476533,1,0,0
AZT,108.0,PKL..T.S..M.D,3.32307306710631,1,1,0
AZT,108.0,PKL..T.SKSM..,4.034148970147283,1,1,0
AZT,108.0,PKL..TT..SMQ.,3.8291367285159446,1,1,0
AZT,108.0,PKL..TTSK....,3.6143413049802757,1,1,0
AZT,108.0,PKL.H..S.CML.,3.156425383963369,1,1,0
AZT,108.0,PKL.H.T...MLD,3.538814531673489,1,1,0
AZT,108.0,PKL.N.....M..,2.8658251649202224,1,1,0
AZT,108.0,PKL.N..SK.MLD,3.4482025204179765,1,1,0
AZT,108.0,PKL.NTT..SM.D,3.60381283912408,1,1,0
AZT,108.0,PKL.NTT.K..L.,2.7653748061931025,1,1,0
AZT,108.0,PKL.NTT.K..QD,3.0686226656580913,1,1,0
AZT,108.0,PKL.S..SK.MQ.,3.6685956907849535,1,1,0
AZT,108.0,PKL.ST...S..D,3.401380946549938,1,1,0
AZT,108.0,PKL.ST..KC.L.,3.744762527039949,1,1,0
AZT,108.0,PKL.ST.SK..LD,3.2047129474266547,2,1,0
AZT,108.0,PKL.STT.K..Q.,1.817073537041322,1,0,0
AZT,108.0,PKL.STT.KCM..,3.0948409942125257,1,1,0
AZT,108.0,PKLK.....CMQ.,2.7582305536589984,1,1,0
AZT,108.0,PKLK....K.M..,3.1248645892233213,1,0,0
AZT,108.0,PKLK...S...L.,3.7719101972844262,1,1,0
AZT,108.0,PKLK...SKS.Q.,3.202631805945803,1,1,0
AZT,108.0,PKLK.T..KC.QD,2.8308381533734064,1,1,0
AZT,108.0,PKLK.TT..SML.,1.3003079931747352,1,0,0
AZT,108.0,PKLKH...KC.Q.,3.2181043009114942,1,1,0
AZT,108.0,PKLKN.TS.CMQD,3.5174658430472396,1,1,0
AZT,108.0,PKLKNT..KCMLD,2.7692751273108476,1,0,0
AZT,108.0,PKLKNTT..S...,3.043546226078583,1,1,0
AZT,108.0,PKLKNTTSK.MQ.,3.5472707354965527,1,1,0
AZT,108.0,PKLKNTTSKCM..,3.5842358127311313,1,1,0
AZT,108.0,PKLKS...K.ML.,3.1820033004788875,1,0,0
AZT,108.0,PKLKS...KS...,3.109771031154582,2,0,0
AZT,108.0,PKLKS..SKCMLD,3.7050352564994444,1,1,0
AZT,108.0,PKLKS.T.K.MLD,3.1411894937961145,1,1,0
AZT,108.0,PKLKST..KCMLD,3.636975999170408,1,1,0
AZT,108.0,PKV........LD,3.7777316281413706,1,1,0
AZT,108.0,PKV....SKCMQ.,3.831844426000504,1,1,0
AZT,108.0,PKV...TS.CM..,2.902914130595731,1,1,0
AZT,108.0,PKV..T...S.Q.,4.75902989213702,1,1,0
AZT,108.0,PKV..T..K...D,3.9720421077696297,1,1,0
AZT,108.0,PKV..T.S.CML.,2.7588373189271604,1,1,0
AZT,108.0,PKV..TT.K..QD,2.9647899077816313,1,0,0
AZT,108.0,PKV..TTSKC.L.,3.807349487353484,1,1,0
AZT,108.0,PKV.HT.SK.ML.,3.4305433457246166,1,1,0
AZT,108.0,PKV.N..S.SML.,3.271567965905902,1,1,0
AZT,108.0,PKV.N.TSKC.LD,2.720593458937637,1,1,0
AZT,108.0,PKV.NT..K....,3.4610829021392817,16,0,0
AZT,108.0,PKV.NT.SK.MQD,4.41617304109792,2,1,0
AZT,108.0,PKV.NTTS...LD,3.582395076899383,1,1,0
AZT,108.0,PKV.S....CMQD,3.1363878346032887,1,1,0
AZT,108.0,PKV.S...K.MQ.,3.2031861145434974,1,1,0
AZT,108.0,PKV.S..SK.ML.,2.985329842625468,1,1,0
AZT,108.0,PKV.S.T...MQD,3.534909136291098,1,1,0
AZT,108.0,PKV.S.TS..M.D,2.949419435765411,1,1,0
AZT,108.0,PKV.S.TS.C.QD,3.71301274435797,1,1,0
AZT,108.0,PKV.S.TS.CML.,4.2546156575086895,1,1,0
AZT,108.0,PKV.ST...SM.D,3.6505617317013694,1,1,0
AZT,108.0,PKV.STTSK....,2.7985630459170086,1,1,0
AZT,108.0,PKV.STTSKC..D,3.408793628638575,1,1,0
AZT,108.0,PKV.STTSKSMLD,3.261244714342847,1,1,0
AZT,108.0,PKVK....K.MQD,3.0523170839346947,1,1,0
AZT,108.0,PKVK...SK.ML.,3.8330612017208248,1,1,0
AZT,108.0,PKVK...SK.MQ.,3.0151947925509446,1,0,0
AZT,108.0,PKVK.TT..CM.D,3.7086254782098624,1,1,0
AZT,108.0,PKVK.TT.KSML.,3.837412049819018,1,1,0
AZT,108.0,PKVK.TTSK..L.,3.705685170377638,1,1,0
AZT,108.0,PKVKH..SKC.QD,3.9109084148443287,1,1,0
AZT,108.0,PKVKHT....MLD,3.5039409917994746,1,1,0
AZT,108.0,PKVKHT.SK....,3.2664564136652157,1,0,0
AZT,108.0,PKVKHTT.K..Q.,3.210382770546679,1,1,0
AZT,108.0,PKVKHTTS.....,3.1865615924135824,1,1,0
AZT,108.0,PKVKN....CMLD,3.4396728840890227,1,1,0
AZT,108.0,PKVKN...K.M.D,3.732824147058047,1,0,0
AZT,108.0,PKVKN...KC.Q.,2.8601419814607407,1,1,0
AZT,108.0,PKVKN..S...QD,3.684024770995086,1,1,0
AZT,108.0,PKVKN.TS.C.QD,1.5435057852356477,1,0,0
AZT,108.0,PKVKNT.S..M.D,3.345763402518542,1,1,0
AZT,108.0,PKVKNTTSKCMQD,4.093459553612614,1,1,0
AZT,108.0,PKVKS...K.MLD,2.8862475327613035,1,1,0
AZT,108.0,PKVKS..S.S...,3.0622888022811865,1,1,0
AZT,108.0,PKVKS.T.KS.LD,4.0614970218208075,1,1,0
AZT,108.0,PKVKS.T.KS.Q.,3.242788076275902,1,1,0
AZT,108.0,PKVKST...C.L.,4.208957369303887,1,1,0
AZT,108.0,PKVKST..K.MQ.,3.4845834380248077,2,1,0
AZT,108.0,PKVKSTTS.CMQ.,3.209319629816763,1,1,0
