position,family_mean_eff_alphabet,family_sd,tem1_target_eff_alphabet,n_family_sequences
69,1.053452148967966,0.2611716803981278,1.007750329849701,27242
104,1.8594907012613564,0.9738509972662758,3.3898290076533075,27242
164,1.1741268780281617,0.5525244727496746,1.0000000660792434,27242
182,1.2069430923793187,0.2911920000331835,1.0147631665948234,27242
237,1.3601247482834062,0.6913594045462609,1.0000178282503263,27242
238,1.238013067504689,0.5314930643716632,1.0001210599063635,27242
240,2.406938733856231,1.5468949749763858,3.75654172265129,27242
244,1.296310932743073,0.5210286740425717,1.0000000940898786,27242
265,1.0949906556826146,0.24226384994576464,1.0006607076074714,27242
