position,A,C,D,E,F,G,H,I,K,L,M,N,P,Q,R,S,T,V,W,X,Y
69,1.1440774521095183,0.48635346731246787,0.00350151115065245,0.0026873955611029384,0.00285021867901284,0.07099169352430697,0.0032572764737875963,0.0013848106178237197,0.0013848106178237197,0.05234844652362315,0.2471663071028213,0.028494859749822462,0.00032646035140935424,0.11177888456073752,0.0006521065872291589,0.016364537465534738,0.025971101422218975,0.010991374574507959,0.00016363723349945185,0.00016363723349945185,0.0069207966267604
104,0.058661902287104314,0.0006110455774644366,0.09038985605949561,0.10101673566757277,0.0060160964126071284,0.11185737434822618,0.0033593765105878392,0.012764775703943486,0.01936076994343965,0.02354434036386083,0.00167984094034576,0.07014381818548654,0.1259349361278916,0.012215109517318802,0.012184572506950766,0.06876965271892484,0.04522561772516767,0.027544688722073784,0.00030567547378405847,3.084238047171819e-05,0.009985907760452044
164,0.04605624347175334,0.0026446629974501154,0.08651632838973,0.04519539060115809,0.018385972631191794,0.06413415375425355,0.09039016630740862,0.018324483140434993,0.012544471009295469,0.007071906331939964,0.006702969387399144,0.1436400653028004,0.04199793708180431,0.022013852585843197,0.8887082248029877,0.0718818295896108,0.0720662980618812,0.011806597120213827,0.0027676419789637225,6.148949075680343e-07,0.018201504158921383
182,0.04216001072475165,0.029953394641820712,0.006771081744825812,0.016002976261328204,1.0257660573891547e-06,0.0034886303611805156,0.002565440909530276,0.002052557880835699,0.008925190465343036,0.0034886303611805156,0.13550472194716473,0.021747266182707472,0.016002976261328204,0.006565928533347981,0.013951444146549896,0.7060358030670126,1.7732428091746895,0.0049247028415253325,1.0257660573891547e-06,1.0257660573891547e-06,0.0009242152177076284
237,0.24072492647093857,0.0021363748034357675,0.08164971104583038,0.055048179751061,0.04004841119251403,0.05281520449639058,0.006262524730544157,0.0075731841191550575,0.0010198871761005561,0.010922647001160692,0.007281926477241524,0.028155390814378085,4.902836972211145e-05,0.01543714045082046,0.020242891542393757,0.2718409512153677,0.38067422341039137,0.004175178296830501,0.04189304292463307,4.854294031892224e-07,0.053834606243087946
238,0.06433437979239927,0.030857244501096635,0.031083136102252523,0.006822378138110135,0.024712992949656478,0.41997811665222967,0.0005877699462076211,0.1320115034987034,0.012966629689550292,0.2075496549252324,0.022273363657172886,0.03008921305716662,0.0007684832271323317,0.012785916408625583,0.004382748845626542,0.03523954156352087,0.06939435165829116,0.0885499594363105,0.007093448059497201,0.00013598674389584469,0.018884989639834565
240,0.03852629745661894,0.00099488946667042,0.1267821492926865,0.08448252656979832,0.0029840833429888147,0.1405309893201813,0.005236552879408172,0.007810803778173152,0.035249978130918055,0.02799527105258039,0.00231126776717524,0.05195335612176811,0.050256690756673,0.015738326432324395,0.032324693018685124,0.07670126817125872,0.05133904624819919,0.004300461643493634,0.003130347598600461,0.0001758096352451992,0.020594299718631068
244,0.10305244153294357,0.01785336122217509,0.01811850358828744,0.03385028397762021,0.01838364595439979,0.026205345754714116,0.03243619135835434,0.022625923812197392,0.018427836348751846,0.06809783960046542,0.01308079863215279,0.021432783164691816,0.0007516786079285124,0.019223263447088898,0.46430891536102054,0.038755417750698684,0.18573266936564473,0.04229064929886335,0.002077390438490262,4.419039435205834e-07,0.054796530900495855
265,2.9621705158682046e-06,2.9621705158682046e-06,2.9621705158682046e-06,2.9621705158682046e-06,2.9621705158682046e-06,2.9621705158682046e-06,2.9621705158682046e-06,2.9621705158682046e-06,2.9621705158682046e-06,2.9621705158682046e-06,0.029328450277611096,2.9621705158682046e-06,2.9621705158682046e-06,2.9621705158682046e-06,2.9621705158682046e-06,0.04769390747599395,2.444682288916545,0.8566626753596006,2.9621705158682046e-06,2.9621705158682046e-06,0.007408388460186379
