concentration,neutral_threshold,node_id,fitness,n_genotypes,is_peak,contains_wildtype
108.0,0.42,.......S.S..D,2.8376920281971834,2,1,0
108.0,0.42,.....T...SMQ.,2.73132750802692,1,1,0
108.0,0.42,....H....S.L.,2.7728243280316853,1,1,0
108.0,0.42,....H...KC.L.,3.5972778635566924,1,1,0
108.0,0.42,....H...KS...,3.4371010789844143,1,1,0
108.0,0.42,....H..SKCMQD,3.009394858924945,1,1,0
108.0,0.42,....H.TSKS..D,3.4043792745788677,1,1,0
108.0,0.42,....H.TSKSMQ.,3.094064003335936,1,1,0
108.0,0.42,....HT..KS.QD,3.3402510046171554,1,1,0
108.0,0.42,....HTT....Q.,3.123943867797926,1,1,0
108.0,0.42,....N....CMQ.,3.5019890214207745,1,1,0
108.0,0.42,....N...K..QD,3.000149096170425,1,0,0
108.0,0.42,....N...KCMLD,2.7808118597922102,1,1,0
108.0,0.42,....N.TS....D,3.8321463937046976,1,1,0
108.0,0.42,....NT.SKSMLD,2.905230742459663,1,1,0
108.0,0.42,....NTT..CMLD,3.6162581333131945,1,1,0
108.0,0.42,....S.T.....D,3.648972767061214,1,1,0
108.0,0.42,....STT....L.,2.8577624119728524,1,1,0
108.0,0.42,...K.....C.LD,2.838670716723599,1,1,0
108.0,0.42,...K...SKSMLD,3.612918066889607,1,1,0
108.0,0.42,...K..TS.S.L.,3.4325631257639992,1,1,0
108.0,0.42,...K..TSKSM..,3.2359826050256006,1,1,0
108.0,0.42,...K.T....MLD,3.4216276439256714,2,1,0
108.0,0.42,...KH....C.Q.,3.4125241384842684,1,1,0
108.0,0.42,...KH...KSMQD,3.1806633493942886,1,1,0
108.0,0.42,...KH.TSK.MQ.,3.151061852899349,2,1,0
108.0,0.42,...KH.TSKC...,4.066732184452155,2,1,0
108.0,0.42,...KHT..K.M.D,3.1527796290377728,4,0,0
108.0,0.42,...KN..S..ML.,2.8612255421777815,1,1,0
108.0,0.42,...KN.TS.CM.D,3.5330065718118853,1,1,0
108.0,0.42,...KNT....M.D,3.2622737651260802,1,0,0
108.0,0.42,...KNT...CM..,3.2499045297756863,1,0,0
108.0,0.42,...KNT..K.MQD,3.7709767118088653,8,0,0
108.0,0.42,...KNT.SK...D,2.6959423977153794,2,0,0
108.0,0.42,...KNTT.K.M..,3.786621459761712,2,0,0
108.0,0.42,...KNTT.KSMQD,3.1742754507434503,2,1,0
108.0,0.42,...KNTTSKS...,3.524604182476126,1,1,0
108.0,0.42,...KS...K.MQ.,4.105408032883369,1,0,0
108.0,0.42,...KS...KS..D,2.8168222523566726,1,0,0
108.0,0.42,...KST...SMQ.,3.1884423877827395,1,1,0
108.0,0.42,...KST..KS..D,3.6095993127371075,2,0,0
108.0,0.42,...KST..KSMLD,3.4518805985999244,1,1,0
108.0,0.42,...KST.SK....,3.793223905709125,1,0,0
108.0,0.42,...KSTTS..M..,3.526768247393845,1,1,0
108.0,0.42,...KSTTS.SM.D,3.3288868789863595,1,1,0
108.0,0.42,...KSTTSK..LD,2.3361493407371885,1608,0,0
108.0,0.42,..L.....K..QD,2.808445067786835,1,1,0
108.0,0.42,..L.....K.M..,4.238289103666546,1,1,0
108.0,0.42,..L....S.S.Q.,2.972642597985032,1,1,0
108.0,0.42,..L...T..SMLD,2.9106244498034406,2,1,0
108.0,0.42,..L..T.S.C.Q.,3.3308648739568745,1,1,0
108.0,0.42,..L..TTSKSML.,3.384652802584298,1,1,0
108.0,0.42,..L.H..SKS.Q.,3.5571177181329,1,1,0
108.0,0.42,..L.H.T..CM..,2.8681237639410955,1,1,0
108.0,0.42,..L.H.T..S.QD,3.185994619601933,2,1,0
108.0,0.42,..L.H.TSKC.Q.,3.5156317203750866,2,1,0
108.0,0.42,..L.H.TSKSM..,3.36663613665952,1,1,0
108.0,0.42,..L.HT.S.S.LD,3.287762023297665,1,1,0
108.0,0.42,..L.N.T..S.L.,3.0693190240044648,1,1,0
108.0,0.42,..L.N.TS.SM.D,3.5681535858063955,1,1,0
108.0,0.42,..L.NT.SKS...,3.532394585035196,1,1,0
108.0,0.42,..L.S.....MQ.,2.9325956328296825,1,1,0
108.0,0.42,..L.S...KC...,2.957630299680959,1,1,0
108.0,0.42,..L.S.T.KSMQD,3.7386098943345845,1,1,0
108.0,0.42,..L.ST...S.Q.,3.217407334190521,1,1,0
108.0,0.42,..L.ST.S.....,2.940080143596405,1,1,0
108.0,0.42,..L.STT..S..D,2.8594812529506575,1,0,0
108.0,0.42,..L.STT..SM.D,3.9137738277730527,1,1,0
108.0,0.42,..L.STTSKCM..,2.866897229707211,1,1,0
108.0,0.42,..LK.....C.QD,3.4190500072884964,1,1,0
108.0,0.42,..LK.....CML.,2.7978829314520444,1,1,0
108.0,0.42,..LK.....S..D,3.430674063166743,1,1,0
108.0,0.42,..LK..T.....D,3.685415068616049,1,1,0
108.0,0.42,..LK..TSK..Q.,2.899712873999569,1,1,0
108.0,0.42,..LK.T..K.M..,3.4925928939945377,1,0,0
108.0,0.42,..LK.T..KC...,2.591914497653747,1,1,0
108.0,0.42,..LK.T.SK....,3.383670750830208,1,1,0
108.0,0.42,..LK.TT..SM..,3.126936834218264,1,1,0
108.0,0.42,..LK.TT.K.MLD,3.540261366548059,2,1,0
108.0,0.42,..LK.TT.KS.Q.,3.439355272421176,2,1,0
108.0,0.42,..LKH.TS.SM.D,2.931352433310789,1,1,0
108.0,0.42,..LKHT.....Q.,3.4232075293067754,1,1,0
108.0,0.42,..LKHTT..SMLD,3.5950265930766383,1,1,0
108.0,0.42,..LKN...KCML.,3.9146913481414267,1,1,0
108.0,0.42,..LKN..SK.M..,3.0883276163807043,4,0,0
108.0,0.42,..LKN.TSKC.QD,3.45010787555618,1,1,0
108.0,0.42,..LKNT....MLD,3.0363833311708697,1,1,0
108.0,0.42,..LKNT.SKC...,2.72445981499527,1,1,0
108.0,0.42,..LKNTTS.C...,3.836973334250726,1,1,0
108.0,0.42,..LKS......QD,3.0192325637077055,1,1,0
108.0,0.42,..LKS..S.S...,2.719520301627755,1,1,0
108.0,0.42,..LKS.TSKS...,3.31618130985992,1,1,0
108.0,0.42,..LKST...S...,3.209125814373316,1,1,0
108.0,0.42,..LKSTTSK..Q.,3.208306412384955,1,1,0
108.0,0.42,..V....S.S.LD,2.859890524639946,1,1,0
108.0,0.42,..V..T..KSMLD,3.5740975830929527,1,1,0
108.0,0.42,..V.H.......D,2.8800882220305164,1,1,0
108.0,0.42,..V.H..S.C.L.,3.9884725976933875,2,1,0
108.0,0.42,..V.H..SKSM..,3.53246808187667,1,1,0
108.0,0.42,..V.H.T.KCM..,3.6758557720034877,1,1,0
108.0,0.42,..V.HT..K...D,3.87012412317058,1,1,0
108.0,0.42,..V.HT..K.MQD,2.8555258705765114,1,1,0
108.0,0.42,..V.HT.S.SM..,3.371298165643041,1,1,0
108.0,0.42,..V.HTT.KC.LD,3.1827019746980967,1,1,0
108.0,0.42,..V.N....S...,2.983134467800667,1,1,0
108.0,0.42,..V.N.T..S.QD,3.7298146699586163,1,1,0
108.0,0.42,..V.N.T..SM..,3.8848967529764638,1,1,0
108.0,0.42,..V.NT.....LD,3.0132854838208893,1,1,0
108.0,0.42,..V.NT..K..QD,3.4473542217066817,1,1,0
108.0,0.42,..V.NT.S.C.L.,2.8717613522577947,1,0,0
108.0,0.42,..V.NT.SK.M..,3.767192758827846,1,1,0
108.0,0.42,..V.S......LD,3.4213408364780005,1,1,0
108.0,0.42,..V.S...K.M..,3.6417979469647137,5,0,0
108.0,0.42,..V.S..S.CML.,2.940819884504824,1,0,0
108.0,0.42,..V.S..S.SML.,1.912359031842415,1,0,0
108.0,0.42,..V.S..SKS.L.,3.4479203719106013,1,1,0
108.0,0.42,..V.S.T.KC.LD,3.246055933758025,1,1,0
108.0,0.42,..V.S.TSKS...,3.372046892999453,1,1,0
108.0,0.42,..V.ST..K.M..,2.9082395934746716,1,0,0
108.0,0.42,..V.ST..KC.LD,2.8133029349179015,1,1,0
108.0,0.42,..V.ST..KCMQD,4.179878996363645,1,1,0
108.0,0.42,..V.ST.S.CM.D,3.087840987958058,1,1,0
108.0,0.42,..V.STT..C.LD,2.848417239815776,1,1,0
108.0,0.42,..V.STTS...L.,3.0294491515017525,1,1,0
108.0,0.42,..VK.....C..D,3.0195526471796548,1,1,0
108.0,0.42,..VK.....SM.D,2.8570301737305273,1,1,0
108.0,0.42,..VK....K.ML.,3.6509568728506068,1,1,0
108.0,0.42,..VK..T......,2.9710140588026492,1,1,0
108.0,0.42,..VK.T...CM.D,2.9196479558750585,1,1,0
108.0,0.42,..VK.TTS.C.LD,3.030379722142866,1,0,0
108.0,0.42,..VKH.TS.CMLD,2.463707549836447,1,1,0
108.0,0.42,..VKH.TS.CMQ.,2.458676754488557,1,1,0
108.0,0.42,..VKHT.S.CML.,2.899604485372141,1,1,0
108.0,0.42,..VKHT.S.S.Q.,2.8503968087242804,1,1,0
108.0,0.42,..VKHTTS.S...,3.023609001728694,1,1,0
108.0,0.42,..VKN....S.QD,3.087800255625583,1,1,0
108.0,0.42,..VKN..S...LD,2.7369460785960635,1,1,0
108.0,0.42,..VKN..S..M..,4.046735274292381,1,1,0
108.0,0.42,..VKN.T.KS.LD,2.9609002778715263,1,1,0
108.0,0.42,..VKN.TS..ML.,3.983003746951144,1,1,0
108.0,0.42,..VKNT....M..,3.2507678154617934,1,0,0
108.0,0.42,..VKNT..K.ML.,3.343972826641332,1,0,0
108.0,0.42,..VKNT..KS.QD,3.784395860862614,1,1,0
108.0,0.42,..VKNT.SKC..D,3.5398992189938787,1,1,0
108.0,0.42,..VKS...KSMLD,3.2163373619073132,1,1,0
108.0,0.42,..VKS...KSMQ.,2.855068771121216,1,1,0
108.0,0.42,..VKS..SKSML.,3.183037310933507,1,1,0
108.0,0.42,..VKS.T....QD,1.9674992464333227,1,0,0
108.0,0.42,..VKS.TS..M.D,3.419593511430977,1,1,0
108.0,0.42,..VKST.S.C.QD,3.5527532917627846,1,1,0
108.0,0.42,.K......KSMLD,3.3317875933094157,1,1,0
108.0,0.42,.K.....S.C.L.,3.373551719175798,1,1,0
108.0,0.42,.K.....SK.ML.,3.011874614871081,1,0,0
108.0,0.42,.K....T...MQD,3.8279711366382365,1,1,0
108.0,0.42,.K....T..SML.,3.7836563323351173,1,1,0
108.0,0.42,.K...T....M.D,3.8431311510336386,1,1,0
108.0,0.42,.K...TT.KS...,3.0132990644732676,1,1,0
108.0,0.42,.K...TTS..MQ.,3.2391575090768385,2,1,0
108.0,0.42,.K..H....S.LD,3.0807489922292817,1,1,0
108.0,0.42,.K..H.TS.CM..,3.0603612765820025,1,1,0
108.0,0.42,.K..HT.S.S..D,3.082210797145594,1,1,0
108.0,0.42,.K..HTT.KC..D,2.925276399931249,1,1,0
108.0,0.42,.K..HTTSKCMLD,2.949337127061749,1,1,0
108.0,0.42,.K..N...K.M.D,3.9660380182906385,1,0,0
108.0,0.42,.K..N..S.C..D,3.357908524625343,1,1,0
108.0,0.42,.K..N.TSK.MLD,3.4041164283840986,1,1,0
108.0,0.42,.K..NT....M..,2.883249917483082,1,0,0
108.0,0.42,.K..S...KC..D,3.500226145097681,1,1,0
108.0,0.42,.K..S...KC.L.,2.9157083741102148,1,1,0
108.0,0.42,.K..S.T...M..,3.038886500638193,1,1,0
108.0,0.42,.K..S.TS.SMLD,3.3739427897472707,1,1,0
108.0,0.42,.K..ST..KCML.,3.4601066739718473,1,1,0
108.0,0.42,.K..ST..KSM..,3.0297813925556,1,1,0
108.0,0.42,.K.K....K.MQ.,3.173620735615387,3,0,0
108.0,0.42,.K.K....KS.Q.,3.3651994071475215,2,1,0
108.0,0.42,.K.K...SK.ML.,3.7252043522710436,1,1,0
108.0,0.42,.K.K...SKC.QD,3.588184981777641,1,1,0
108.0,0.42,.K.K..TSKCMQD,2.911612640820295,1,0,0
108.0,0.42,.K.K.T...S..D,3.643656968997574,1,1,0
108.0,0.42,.K.K.T..K.M..,4.29944044394103,6,0,0
108.0,0.42,.K.KH...K.M.D,4.053681751235097,5,0,0
108.0,0.42,.K.KH...KS.LD,2.9755904360165144,1,1,0
108.0,0.42,.K.KHT...C.L.,2.995344206358901,3,0,0
108.0,0.42,.K.KHT..K..LD,3.09322650878141,1,0,0
108.0,0.42,.K.KHT.SKSMQ.,3.4488481221718694,1,1,0
108.0,0.42,.K.KHTT.KCM.D,2.8751296017263543,1,1,0
108.0,0.42,.K.KHTTSKSML.,3.2628999397603,1,1,0
108.0,0.42,.K.KN.....MQD,3.416012566426227,2,0,0
108.0,0.42,.K.KN....S.QD,3.1906205983123606,1,1,0
108.0,0.42,.K.KN...KCM..,3.6283941451349295,1,0,0
108.0,0.42,.K.KN...KSMQD,2.9312382734139155,1,0,0
108.0,0.42,.K.KN.T..SML.,2.5504595457854204,1,1,0
108.0,0.42,.K.KN.TS.SM..,2.774361125395426,1,1,0
108.0,0.42,.K.KNT.SK...D,3.5418058577381366,1,0,0
108.0,0.42,.K.KNTTS.SM.D,2.784543322805814,1,1,0
108.0,0.42,.K.KS........,3.8677057193403472,1,0,0
108.0,0.42,.K.KS....C.QD,3.1653840453848923,1,1,0
108.0,0.42,.K.KS...K..Q.,3.902176662537327,1,0,0
108.0,0.42,.K.KS...K.MQ.,4.61167310878352,1,0,0
108.0,0.42,.K.KS...KCM..,2.856454151685919,1,0,0
108.0,0.42,.K.KS..S.....,2.6849301074781224,1,0,0
108.0,0.42,.K.KS.T..S.L.,2.5253591666144053,1,1,0
108.0,0.42,.K.KS.T.K.M..,3.262597788719263,3,0,0
108.0,0.42,.K.KS.TS.....,3.8285932113657646,1,1,0
108.0,0.42,.K.KS.TS.C.Q.,3.433798570263912,1,1,0
108.0,0.42,.K.KST..KC.LD,3.9900504842375413,2,1,0
108.0,0.42,.K.KSTTSKC.LD,3.3954148794986456,2,0,0
108.0,0.42,.KL......C.L.,3.682800435323828,1,1,0
108.0,0.42,.KL.....K....,3.469736667741262,4,0,0
108.0,0.42,.KL....S...L.,3.3072390058806924,1,1,0
108.0,0.42,.KL...TSKCMQD,2.9897423275132984,1,1,0
108.0,0.42,.KL..T....MQ.,3.1945089504722683,2,1,0
108.0,0.42,.KL..T.S.CM.D,3.038467820864213,1,1,0
108.0,0.42,.KL..T.SK.M.D,2.7737868109338537,1,1,0
108.0,0.42,.KL.H.....MQ.,2.890650807311115,1,1,0
108.0,0.42,.KL.H..S.SMQD,2.808863554514219,1,1,0
108.0,0.42,.KL.H.T..S...,3.247900494595257,1,1,0
108.0,0.42,.KL.H.TSK.ML.,3.1112821992926434,1,1,0
108.0,0.42,.KL.HT.SK..L.,2.7206453570183187,1,1,0
108.0,0.42,.KL.HTT.K.MQ.,3.8673252446812296,1,1,0
108.0,0.42,.KL.N.T..CMQ.,3.707431539969241,1,1,0
108.0,0.42,.KL.NTTSK..LD,3.0369277111274933,1,1,0
108.0,0.42,.KL.NTTSKCML.,3.5401544327658523,1,1,0
108.0,0.42,.KL.NTTSKS.QD,3.0839224412983772,1,1,0
108.0,0.42,.KL.S...K.MQ.,2.83197051913903,1,1,0
108.0,0.42,.KL.S..S..MQD,3.748892847973255,1,1,0
108.0,0.42,.KL.S.T.KS...,3.748939417731491,1,1,0
108.0,0.42,.KL.S.T.KS.L.,3.268880591587974,1,0,0
108.0,0.42,.KL.S.TSKCML.,3.5810919080020245,1,1,0
108.0,0.42,.KL.ST..K.MQD,2.978512480444516,1,1,0
108.0,0.42,.KL.ST.S..M..,3.1724332838638714,1,1,0
108.0,0.42,.KL.ST.S.C.QD,3.0154565284061876,1,1,0
108.0,0.42,.KLK...SKSMQ.,3.0968957807019626,1,1,0
108.0,0.42,.KLK..TSKS...,2.932613178679518,1,1,0
108.0,0.42,.KLK.T...S.LD,3.4159741488458137,1,1,0
108.0,0.42,.KLK.T..K....,4.071430311167684,8,0,0
108.0,0.42,.KLK.T.S..MQ.,3.6821174032646615,2,1,0
108.0,0.42,.KLK.TT.KSM.D,2.8150184939228153,1,1,0
108.0,0.42,.KLK.TTSKC.QD,2.7294690072691634,1,1,0
108.0,0.42,.KLKH.T.K..QD,2.9211363603467966,1,1,0
108.0,0.42,.KLKH.T.KS.LD,2.874906813456473,1,1,0
108.0,0.42,.KLKH.TS.SM..,2.764246358225219,1,1,0
108.0,0.42,.KLKH.TSKCMQ.,3.0019432115427307,1,1,0
108.0,0.42,.KLKHT..KC.Q.,2.9630686938793214,1,1,0
108.0,0.42,.KLKHTT..SMQ.,2.6865288842340096,1,1,0
108.0,0.42,.KLKHTTSK....,3.0559987037125413,1,1,0
108.0,0.42,.KLKN....S...,3.9954577468169568,1,1,0
108.0,0.42,.KLKN...KS...,3.0357615383746848,1,0,0
108.0,0.42,.KLKN.T.K....,3.2107718141119266,2,0,0
108.0,0.42,.KLKN.TS.S.QD,3.703266516907674,1,1,0
108.0,0.42,.KLKNT.......,3.126028181499955,4,0,0
108.0,0.42,.KLKNTTSK.MQD,3.4895449151609896,1,1,0
108.0,0.42,.KLKNTTSKSMQ.,3.3527971181047964,1,1,0
108.0,0.42,.KLKS..S.SM..,3.465237851950215,1,1,0
108.0,0.42,.KLKS.T..C.LD,3.2456985403913228,1,1,0
108.0,0.42,.KLKS.T.KS..D,3.092867325517819,1,1,0
108.0,0.42,.KLKST.SK....,3.2235625800605425,1,0,0
108.0,0.42,.KV......SM..,3.0107283502619775,1,1,0
108.0,0.42,.KV...T.KSMLD,3.953668687297009,1,1,0
108.0,0.42,.KV...TS.S...,2.770812992057716,1,1,0
108.0,0.42,.KV..T...CML.,3.6964330211975547,1,1,0
108.0,0.42,.KV..T..K.MQ.,3.5915115310278045,1,1,0
108.0,0.42,.KV..T.SK.M..,3.0618056198305945,1,0,0
108.0,0.42,.KV.H....SML.,3.576011388448236,1,1,0
108.0,0.42,.KV.H..SKS.Q.,2.775322810192199,1,1,0
108.0,0.42,.KV.H.T...M..,3.671927789172194,1,1,0
108.0,0.42,.KV.HT..K..Q.,3.476844579435602,1,1,0
108.0,0.42,.KV.HT.SKCML.,2.927418748560192,1,1,0
108.0,0.42,.KV.HTTS..ML.,3.1574910380153023,1,1,0
108.0,0.42,.KV.HTTS.C...,2.965268673822503,1,1,0
108.0,0.42,.KV.N...KSMQD,2.9303541821804484,1,1,0
108.0,0.42,.KV.NT...S.L.,3.4156622581528553,1,1,0
108.0,0.42,.KV.NT..K.M..,3.6034678690224538,1,0,0
108.0,0.42,.KV.S.....M..,3.730491348164951,1,1,0
108.0,0.42,.KV.STT..S...,2.879432338932518,1,1,0
108.0,0.42,.KV.STTSK..LD,3.027087761331431,1,1,0
108.0,0.42,.KVK....KCMQD,2.802556986674308,2,0,0
108.0,0.42,.KVK..T..C.L.,2.9785698935578706,1,1,0
108.0,0.42,.KVK..TSKC.L.,3.1835198442895614,1,1,0
108.0,0.42,.KVK..TSKCMQD,3.7566681864865368,1,1,0
108.0,0.42,.KVK.T..KCMQD,3.3490254057262066,2,1,0
108.0,0.42,.KVKH..S..MLD,1.7846510297348883,1,0,0
108.0,0.42,.KVKH.T......,3.1558609527498023,1,1,0
108.0,0.42,.KVKH.TS.C..D,3.725612844273701,1,1,0
108.0,0.42,.KVKHT..KSM..,3.178032401658068,1,0,0
108.0,0.42,.KVKHTTS.C.LD,3.6542278645231323,2,1,0
108.0,0.42,.KVKHTTS.SML.,3.784994990923196,1,1,0
108.0,0.42,.KVKHTTSKC.QD,3.5032878203950157,1,1,0
108.0,0.42,.KVKN..S.CM..,3.000747202679709,1,1,0
108.0,0.42,.KVKN.T.KC.LD,3.5134801050486977,2,1,0
108.0,0.42,.KVKNTTSK.MQ.,3.0441354370620393,1,1,0
108.0,0.42,.KVKS...KS...,3.7521979274895765,1,0,0
108.0,0.42,.KVKS..SKS..D,3.4475086853286236,1,1,0
108.0,0.42,.KVKS.T.KSML.,2.729279864728396,1,1,0
108.0,0.42,.KVKS.TSK..QD,3.1393205938455755,1,1,0
108.0,0.42,.KVKS.TSKS.L.,3.278875875065373,1,1,0
108.0,0.42,.KVKSTT.KSMQD,2.9462247048080763,1,1,0
108.0,0.42,P......SK.ML.,3.014739604145328,1,0,0
108.0,0.42,P.....T.KC..D,3.0082058828965152,1,1,0
108.0,0.42,P.....TS.SM..,2.8254384508049992,1,1,0
108.0,0.42,P.....TS.SMQD,2.150387579718821,52816,0,1
108.0,0.42,P.....TSKS.QD,3.692382786252755,1,1,0
108.0,0.42,P....TT..SMQ.,2.988816186857208,1,1,0
108.0,0.42,P....TTSKC.L.,2.8189707397185724,1,1,0
108.0,0.42,P...H.....ML.,3.004242259070702,1,0,0
108.0,0.42,P...H..S.....,3.90799973972387,1,1,0
108.0,0.42,P...H.T.K.MLD,4.108852152548047,1,1,0
108.0,0.42,P...H.TSKS.L.,3.121555455739267,1,1,0
108.0,0.42,P...HT....ML.,3.6449650624663845,1,1,0
108.0,0.42,P...HTTSK.M..,2.8633342161641817,1,1,0
108.0,0.42,P...N.TS..MQD,3.838733343590994,1,1,0
108.0,0.42,P...N.TSK.M.D,3.2407689666609674,1,1,0
108.0,0.42,P...NT...SM..,3.2606400496643375,1,1,0
108.0,0.42,P...NTT.KS.Q.,3.6034037165527604,1,1,0
108.0,0.42,P...S.T.K..QD,3.063170495613877,1,1,0
108.0,0.42,P...ST.S...QD,3.0663022847110173,1,1,0
108.0,0.42,P...ST.S.SMLD,2.7776458295618394,1,1,0
108.0,0.42,P...STT..CML.,3.242105878189792,1,1,0
108.0,0.42,P..K.........,3.6241546617375797,1,0,0
108.0,0.42,P..K...S.C.LD,3.2880893540576563,1,1,0
108.0,0.42,P..K..TS.CM..,3.7809845816701064,1,1,0
108.0,0.42,P..K.T..KC.LD,3.1486688448078004,1,1,0
108.0,0.42,P..K.T.SKC...,3.669021779904693,2,0,0
108.0,0.42,P..KH....SM..,3.0643586399199947,1,1,0
108.0,0.42,P..KH.T.K..L.,3.4109319152878204,1,1,0
108.0,0.42,P..KH.T.KSML.,3.3764948222179627,1,1,0
108.0,0.42,P..KHTT.KCM..,4.166941396213049,1,1,0
108.0,0.42,P..KHTTS.SML.,3.498205349730435,1,1,0
108.0,0.42,P..KN....S..D,3.0509242081038437,1,1,0
108.0,0.42,P..KN...K.ML.,3.4454116846686427,1,0,0
108.0,0.42,P..KN...KSM.D,3.558793838542977,1,0,0
108.0,0.42,P..KN..S.C..D,3.4893803489806574,1,1,0
108.0,0.42,P..KN..SKC.L.,2.948195798319921,1,1,0
108.0,0.42,P..KN.T.K.M..,3.8455927673687818,1,0,0
108.0,0.42,P..KNT..K...D,4.134040430697146,1,0,0
108.0,0.42,P..KNT..K..Q.,3.195142770607051,1,0,0
108.0,0.42,P..KNTT.KC.QD,3.194494590381752,1,1,0
108.0,0.42,P..KS....SM.D,3.622881645124251,1,1,0
108.0,0.42,P..KS...K.MQ.,3.6009966251247754,7,0,0
108.0,0.42,P..KS..S..ML.,3.03907332376035,1,1,0
108.0,0.42,P..KST..K...D,2.9102953681982795,4,0,0
108.0,0.42,P..KSTT.....D,3.12684054193279,1,1,0
108.0,0.42,P..KSTTSKC.Q.,3.4528837248874154,1,1,0
108.0,0.42,P.L.....K.MQ.,3.3523312391762143,1,1,0
108.0,0.42,P.L....S..MLD,2.8633875779271505,1,1,0
108.0,0.42,P.L...T.KC.L.,3.0861317581483085,1,1,0
108.0,0.42,P.L...TS.CMQD,3.1264958248904664,1,1,0
108.0,0.42,P.L..T..K..QD,2.744789017592819,1,1,0
108.0,0.42,P.L..TTSKSMQ.,3.16512830331477,1,1,0
108.0,0.42,P.L.H....S...,3.4645224583778296,1,1,0
108.0,0.42,P.L.H..SKS.QD,3.4996681347509413,1,1,0
108.0,0.42,P.L.HT.SKCMLD,4.150260550902685,1,1,0
108.0,0.42,P.L.NT.S..M..,3.2881306682200124,1,1,0
108.0,0.42,P.L.NT.S.CMQ.,2.752332993364855,1,1,0
108.0,0.42,P.L.NT.SKC.LD,2.9765457499122,1,1,0
108.0,0.42,P.L.NTTS...L.,4.076688074949973,1,1,0
108.0,0.42,P.L.NTTS.C.QD,4.1817678253465855,1,1,0
108.0,0.42,P.L.S........,3.130360231300799,1,1,0
108.0,0.42,P.L.S.T..SMQ.,2.903632518307913,1,1,0
108.0,0.42,P.L.S.T.K...D,3.0500960120848415,1,1,0
108.0,0.42,P.L.ST..K...D,3.759660316780019,1,1,0
108.0,0.42,P.LK...SKC...,3.6156726156088794,1,1,0
108.0,0.42,P.LK.T.S.C...,3.701878407183758,1,1,0
108.0,0.42,P.LK.T.SKS.LD,3.2713774767833943,1,1,0
108.0,0.42,P.LK.TT.KS.LD,3.302390092777689,1,1,0
108.0,0.42,P.LK.TTS.C.LD,3.808196271091063,1,1,0
108.0,0.42,P.LK.TTSKCM.D,3.237726859898916,1,1,0
108.0,0.42,P.LKHT....MQD,3.9226766685913046,1,1,0
108.0,0.42,P.LKHT..KS...,4.341172881745152,1,1,0
108.0,0.42,P.LKHT.SK....,2.9733447999480744,1,0,0
108.0,0.42,P.LKHT.SKCML.,3.633528474765974,1,1,0
108.0,0.42,P.LKN...K....,5.499149748955018,190,1,0
108.0,0.42,P.LKN...KCMQD,3.0009657633055453,1,1,0
108.0,0.42,P.LKN...KS...,2.995007538780422,1,0,0
108.0,0.42,P.LKN.TS..M..,2.949550798959479,1,1,0
108.0,0.42,P.LKN.TS.C.LD,2.833147875503513,1,1,0
108.0,0.42,P.LKNT...CM..,2.724877995006112,1,1,0
108.0,0.42,P.LKNT.S...L.,3.0923733679369074,1,1,0
108.0,0.42,P.LKNT.S.SM..,3.060622063790028,1,1,0
108.0,0.42,P.LKNT.SK..Q.,3.6744875730780966,1,1,0
108.0,0.42,P.LKNTTS.SMQ.,3.7866091208458275,1,1,0
108.0,0.42,P.LKS......L.,3.0446414054022135,1,1,0
108.0,0.42,P.LKS..SKSMQ.,3.3447049138084535,1,1,0
108.0,0.42,P.LKS.TS.C...,3.595221287990886,1,1,0
108.0,0.42,P.LKS.TS.CMLD,2.823809300242633,1,1,0
108.0,0.42,P.LKST.S.CM.D,3.859769159457807,1,1,0
108.0,0.42,P.LKST.SK..Q.,3.098400991016625,1,0,0
108.0,0.42,P.V....S..M..,4.8278502706116315,1,1,0
108.0,0.42,P.V...T..SM.D,3.731889273828104,1,1,0
108.0,0.42,P.V..TT.K....,3.2625871342678066,1,1,0
108.0,0.42,P.V..TT.K..QD,3.4487361225976034,1,1,0
108.0,0.42,P.V.H...K.M.D,3.4445048446601936,1,1,0
108.0,0.42,P.V.H.T.KSMQD,2.8130734151480143,1,1,0
108.0,0.42,P.V.H.TSKC..D,3.2631027290476724,1,1,0
108.0,0.42,P.V.HT....M..,3.8715355715646624,1,1,0
108.0,0.42,P.V.HT...S...,3.6579295630263005,1,1,0
108.0,0.42,P.V.HTT..C.QD,2.8758961697914893,1,1,0
108.0,0.42,P.V.HTT.K.M.D,2.997887716954,1,1,0
108.0,0.42,P.V.HTTS..M.D,3.4811264053026916,1,1,0
108.0,0.42,P.V.N.....M..,3.7192953641474946,1,1,0
108.0,0.42,P.V.N.T..C.LD,3.023689619762271,1,1,0
108.0,0.42,P.V.NT.....Q.,3.0336995727540166,1,1,0
108.0,0.42,P.V.NT..K.M..,4.131415038424531,1,1,0
108.0,0.42,P.V.NT..K.M.D,3.0873310733498283,1,0,0
108.0,0.42,P.V.NT.SKC.Q.,2.9372157648947974,1,1,0
108.0,0.42,P.V.NTTSK.MQD,3.5987719162931158,1,1,0
108.0,0.42,P.V.S...KSMLD,3.480271059688678,1,1,0
108.0,0.42,P.V.S..S.CML.,3.5938660791514105,1,1,0
108.0,0.42,P.V.ST.S....D,4.167445887004266,1,1,0
108.0,0.42,P.VK.....S.Q.,2.821914523212761,1,1,0
108.0,0.42,P.VK...S...LD,3.565647342102081,1,1,0
108.0,0.42,P.VK...SKCML.,2.768802836218304,1,1,0
108.0,0.42,P.VK.T..K....,3.362689346117526,4,0,0
108.0,0.42,P.VK.T..KCMQ.,2.9226333117420165,1,1,0
108.0,0.42,P.VK.T.S.S.Q.,1.2642003396541397,1,0,0
108.0,0.42,P.VK.T.S.SMLD,4.218493847781855,1,1,0
108.0,0.42,P.VK.TTS.S..D,2.9794574053831617,1,1,0
108.0,0.42,P.VKH....C.LD,3.911938997384199,1,1,0
108.0,0.42,P.VKH..S.S.L.,3.2504128906434593,1,1,0
108.0,0.42,P.VKH.T.KCM..,3.404146329079465,1,1,0
108.0,0.42,P.VKH.TS.S.Q.,3.844811696425301,2,1,0
108.0,0.42,P.VKHT..K..L.,4.34205566643047,1,1,0
108.0,0.42,P.VKHT.SKC.QD,3.5913928997646605,1,1,0
108.0,0.42,P.VKHTTSKSML.,1.6099679590401463,1,0,0
108.0,0.42,P.VKN..SK.M..,4.049820961542736,1,0,0
108.0,0.42,P.VKN..SK.M.D,3.1151578068713897,1,0,0
108.0,0.42,P.VKNT..K.M..,3.475030940610268,1,0,0
108.0,0.42,P.VKNTTSKSM.D,3.864126685814424,1,1,0
108.0,0.42,P.VKS...K....,4.086711056785047,2,0,0
108.0,0.42,P.VKS...KC...,2.971998317749365,1,0,0
108.0,0.42,P.VKS..SK.MQD,3.3660981921345376,1,1,0
108.0,0.42,P.VKS.TS.S..D,2.9208126028215027,1,1,0
108.0,0.42,P.VKS.TS.S.L.,3.334376615853282,1,1,0
108.0,0.42,P.VKST.S.C.LD,3.0824584156864803,1,1,0
108.0,0.42,P.VKST.SKCMLD,2.9190673764346307,1,1,0
108.0,0.42,P.VKSTT...MQ.,3.7518845586474825,1,1,0
108.0,0.42,PK........M.D,3.22075083556522,1,1,0
108.0,0.42,PK.......CML.,2.8525688577029893,1,1,0
108.0,0.42,PK....TS.SMQD,2.898405077278803,1,1,0
108.0,0.42,PK...T..KSMLD,1.4450727608904432,1,0,0
108.0,0.42,PK..H....CM..,2.934876841170559,1,1,0
108.0,0.42,PK..H...K....,4.150163642554484,1,0,0
108.0,0.42,PK..H...K.M..,3.6975324414189417,6,0,0
108.0,0.42,PK..H.T.K.MLD,3.5072599670485385,1,0,0
108.0,0.42,PK..H.TSKC.L.,2.8616881368009697,1,1,0
108.0,0.42,PK..HT..KC.L.,3.415478077965459,1,1,0
108.0,0.42,PK..HTT.K...D,3.270907372055659,1,1,0
108.0,0.42,PK..HTT.KSMQ.,2.903649775060485,1,1,0
108.0,0.42,PK..N..SK....,3.4101600860496983,3,0,0
108.0,0.42,PK..N..SKC.Q.,3.6434885618318704,1,1,0
108.0,0.42,PK..N..SKS..D,3.250014799503876,3,1,0
108.0,0.42,PK..N.T.K..LD,3.0579470088131906,1,1,0
108.0,0.42,PK..NT.S.C.Q.,2.8415023301912514,1,1,0
108.0,0.42,PK..NTTS..MQD,3.0134294286071412,1,1,0
108.0,0.42,PK..S..SK.M..,3.4055449098058093,1,0,0
108.0,0.42,PK..S.TS.SML.,2.4192567890507584,1,1,0
108.0,0.42,PK..ST..KSMLD,3.6554177960528835,1,1,0
108.0,0.42,PK..ST.SK....,2.8314078728528784,1,0,0
108.0,0.42,PK..STT.K.ML.,1.0501956192263031,1,0,0
108.0,0.42,PK..STT.KS.L.,2.978947862595999,1,1,0
108.0,0.42,PK..STTSK.ML.,3.092790628009826,1,1,0
108.0,0.42,PK..STTSKSM..,2.8493348526997067,1,1,0
108.0,0.42,PK.K.....C.LD,2.8616266667152113,1,1,0
108.0,0.42,PK.K...SKSMLD,3.561817934825177,1,1,0
108.0,0.42,PK.K.T.....L.,3.8738360504620006,1,1,0
108.0,0.42,PK.K.T.S.SM..,3.09839354971725,1,1,0
108.0,0.42,PK.K.TT..C...,2.931085736347932,1,1,0
108.0,0.42,PK.KH....C.QD,3.1323761641563608,2,1,0
108.0,0.42,PK.KH...KCMQ.,2.8310898681442382,1,1,0
108.0,0.42,PK.KH..SK.MQD,3.5130437635593292,1,1,0
108.0,0.42,PK.KHT.SK.M.D,2.9211709612841403,1,1,0
108.0,0.42,PK.KHT.SKC.L.,2.922049120900768,1,1,0
108.0,0.42,PK.KN...K..L.,3.6946395636523772,1,0,0
108.0,0.42,PK.KN...K..QD,3.335806820097477,1,0,0
108.0,0.42,PK.KN...K.ML.,2.979247341113213,1,0,0
108.0,0.42,PK.KN..SKC.QD,3.4196341920229965,1,1,0
108.0,0.42,PK.KN.T..C..D,3.4069063055381044,1,1,0
108.0,0.42,PK.KN.TS..M.D,3.1013256301498107,1,0,0
108.0,0.42,PK.KN.TS..MQD,3.900482921316211,1,1,0
108.0,0.42,PK.KN.TS.S.L.,2.7980243172311057,1,1,0
108.0,0.42,PK.KNT..K..Q.,3.823548805094536,1,0,0
108.0,0.42,PK.KNTT.K..L.,4.112806525973328,1,1,0
108.0,0.42,PK.KNTT.KSM..,3.49727398828063,1,1,0
108.0,0.42,PK.KNTTS.CMQD,3.140060956269648,1,1,0
108.0,0.42,PK.KNTTSKS.Q.,2.973850135807432,1,1,0
108.0,0.42,PK.KS..SK....,3.255832013541725,2,0,0
108.0,0.42,PK.KS..SKS.L.,3.9805555883819204,1,1,0
108.0,0.42,PK.KS.TSKS...,3.511364642685811,1,1,0
108.0,0.42,PK.KS.TSKS.LD,3.1048443113231032,1,1,0
108.0,0.42,PK.KS.TSKSML.,3.157739381709151,1,1,0
108.0,0.42,PK.KST..K.M..,3.9442927158959336,5,0,0
108.0,0.42,PK.KST..KSMQ.,3.297997557008441,2,1,0
108.0,0.42,PK.KST.S...QD,4.195868550066779,1,1,0
108.0,0.42,PKL...TSKS..D,4.1465626784058545,1,1,0
108.0,0.42,PKL..T....MQD,1.2957326379476533,1,0,0
108.0,0.42,PKL..T.S..M.D,3.32307306710631,1,1,0
108.0,0.42,PKL..T.SKSM..,4.034148970147283,1,1,0
108.0,0.42,PKL..TT..SMQ.,3.8291367285159446,1,1,0
108.0,0.42,PKL..TTSK....,3.6143413049802757,1,1,0
108.0,0.42,PKL.H..S.CML.,3.156425383963369,1,1,0
108.0,0.42,PKL.H.T...MLD,3.538814531673489,1,1,0
108.0,0.42,PKL.N.....M..,2.8658251649202224,1,1,0
108.0,0.42,PKL.N..SK.MLD,3.4482025204179765,1,1,0
108.0,0.42,PKL.NTT..SM.D,3.60381283912408,1,1,0
108.0,0.42,PKL.NTT.K..QD,3.0686226656580913,1,1,0
108.0,0.42,PKL.S..SK.MQ.,3.6685956907849535,1,1,0
108.0,0.42,PKL.ST...S..D,3.401380946549938,1,1,0
108.0,0.42,PKL.ST..KC.L.,3.744762527039949,1,1,0
108.0,0.42,PKL.ST.SK..LD,3.2047129474266547,2,1,0
108.0,0.42,PKL.STT.K..Q.,1.817073537041322,1,0,0
108.0,0.42,PKL.STT.KCM..,3.0948409942125257,1,1,0
108.0,0.42,PKLK.....CMQ.,2.7582305536589984,1,1,0
108.0,0.42,PKLK....K.M..,3.1248645892233213,1,0,0
108.0,0.42,PKLK...S...L.,3.7719101972844262,1,1,0
108.0,0.42,PKLK...SKS.Q.,3.202631805945803,1,1,0
108.0,0.42,PKLK.T..KC.QD,2.8308381533734064,1,1,0
108.0,0.42,PKLK.TT..SML.,1.3003079931747352,1,0,0
108.0,0.42,PKLKH...KC.Q.,3.2181043009114942,1,1,0
108.0,0.42,PKLKN.TS.CMQD,3.5174658430472396,1,1,0
108.0,0.42,PKLKNTT..S...,3.043546226078583,1,1,0
108.0,0.42,PKLKNTTSK.MQ.,3.5472707354965527,1,1,0
108.0,0.42,PKLKNTTSKCM..,3.5842358127311313,1,1,0
108.0,0.42,PKLKS...K.ML.,3.1820033004788875,1,0,0
108.0,0.42,PKLKS...KC...,2.9699548779451455,2,0,0
108.0,0.42,PKLKS..SKCMLD,3.7050352564994444,1,1,0
108.0,0.42,PKLKS.T.K.MLD,3.1411894937961145,1,1,0
108.0,0.42,PKLKST..KCMLD,3.636975999170408,1,1,0
108.0,0.42,PKV........LD,3.7777316281413706,1,1,0
108.0,0.42,PKV....SKCMQ.,3.831844426000504,1,1,0
108.0,0.42,PKV...TS.CM..,2.902914130595731,1,1,0
108.0,0.42,PKV..T...S.Q.,4.75902989213702,1,1,0
108.0,0.42,PKV..T..K...D,3.9720421077696297,1,1,0
108.0,0.42,PKV..T.S.CML.,2.7588373189271604,1,1,0
108.0,0.42,PKV..TT.K..QD,2.9647899077816313,1,0,0
108.0,0.42,PKV..TTSKC.L.,3.807349487353484,1,1,0
108.0,0.42,PKV.HT.SK.ML.,3.4305433457246166,1,1,0
108.0,0.42,PKV.N..S.SML.,3.271567965905902,1,1,0
108.0,0.42,PKV.N.TSKC.LD,2.720593458937637,1,1,0
108.0,0.42,PKV.NT.SK.MQD,4.41617304109792,2,1,0
108.0,0.42,PKV.NTTS...LD,3.582395076899383,1,1,0
108.0,0.42,PKV.S....CMQD,3.1363878346032887,1,1,0
108.0,0.42,PKV.S...K.MQ.,3.2031861145434974,1,1,0
108.0,0.42,PKV.S..SK.ML.,2.985329842625468,1,1,0
108.0,0.42,PKV.S.T...MQD,3.534909136291098,1,1,0
108.0,0.42,PKV.S.TS..M.D,2.949419435765411,1,1,0
108.0,0.42,PKV.S.TS.C.QD,3.71301274435797,1,1,0
108.0,0.42,PKV.S.TS.CML.,4.2546156575086895,1,1,0
108.0,0.42,PKV.ST...SM.D,3.6505617317013694,1,1,0
108.0,0.42,PKV.STTSK....,2.7985630459170086,1,1,0
108.0,0.42,PKV.STTSKC..D,3.408793628638575,1,1,0
108.0,0.42,PKV.STTSKSMLD,3.261244714342847,1,1,0
108.0,0.42,PKVK....K.MQD,3.0523170839346947,1,1,0
108.0,0.42,PKVK...SK.ML.,3.8330612017208248,1,1,0
108.0,0.42,PKVK...SK.MQ.,3.0151947925509446,1,0,0
108.0,0.42,PKVK.TT..CM.D,3.7086254782098624,1,1,0
108.0,0.42,PKVK.TT.KSML.,3.837412049819018,1,1,0
108.0,0.42,PKVK.TTSK..L.,3.705685170377638,1,1,0
108.0,0.42,PKVKH..SKC.QD,3.9109084148443287,1,1,0
108.0,0.42,PKVKHT....MLD,3.5039409917994746,1,1,0
108.0,0.42,PKVKHT.SK....,3.2664564136652157,1,0,0
108.0,0.42,PKVKHTT.K..Q.,3.210382770546679,1,1,0
108.0,0.42,PKVKHTTS.....,3.1865615924135824,1,1,0
108.0,0.42,PKVKN....CMLD,3.4396728840890227,1,1,0
108.0,0.42,PKVKN...K.M.D,3.732824147058047,1,0,0
108.0,0.42,PKVKN...KC.Q.,2.8601419814607407,1,1,0
108.0,0.42,PKVKN..S...QD,3.684024770995086,1,1,0
108.0,0.42,PKVKN.TS.C.QD,1.5435057852356477,1,0,0
108.0,0.42,PKVKNT.S..M.D,3.345763402518542,1,1,0
108.0,0.42,PKVKNTTSKCMQD,4.093459553612614,1,1,0
108.0,0.42,PKVKS...K.MLD,2.8862475327613035,1,1,0
108.0,0.42,PKVKS..S.S...,3.0622888022811865,1,1,0
108.0,0.42,PKVKS.T.KS.LD,4.0614970218208075,1,1,0
108.0,0.42,PKVKS.T.KS.Q.,3.242788076275902,1,1,0
108.0,0.42,PKVKST...C.L.,4.208957369303887,1,1,0
108.0,0.42,PKVKST..K.MQ.,3.4845834380248077,2,1,0
108.0,0.42,PKVKSTTS.CMQ.,3.209319629816763,1,1,0
108.0,0.43,.......S.S..D,2.8376920281971834,2,1,0
108.0,0.43,.....T...SMQ.,2.73132750802692,1,1,0
108.0,0.43,....H....S.L.,2.7728243280316853,1,1,0
108.0,0.43,....H...KC.L.,3.5972778635566924,1,1,0
108.0,0.43,....H...KS...,3.4371010789844143,1,1,0
108.0,0.43,....H..SKCMQD,3.009394858924945,1,1,0
108.0,0.43,....H.TSKS..D,3.4043792745788677,1,1,0
108.0,0.43,....H.TSKSMQ.,3.094064003335936,1,1,0
108.0,0.43,....HT..KS.QD,3.3402510046171554,1,1,0
108.0,0.43,....HTT....Q.,3.123943867797926,1,1,0
108.0,0.43,....N....CMQ.,3.5019890214207745,1,1,0
108.0,0.43,....N...K..QD,3.000149096170425,1,0,0
108.0,0.43,....N...KCMLD,2.7808118597922102,1,1,0
108.0,0.43,....N.TS....D,3.8321463937046976,1,1,0
108.0,0.43,....NT.SKSMLD,2.905230742459663,1,1,0
108.0,0.43,....NTT..CMLD,3.6162581333131945,1,1,0
108.0,0.43,....S.T.....D,3.648972767061214,1,1,0
108.0,0.43,....STT....L.,2.8577624119728524,1,1,0
108.0,0.43,...K.....C.LD,2.838670716723599,1,1,0
108.0,0.43,...K...SKSMLD,3.612918066889607,1,1,0
108.0,0.43,...K..TS.S.L.,3.4325631257639992,1,1,0
108.0,0.43,...K..TSKSM..,3.2359826050256006,1,1,0
108.0,0.43,...K.T....MLD,3.4216276439256714,2,1,0
108.0,0.43,...KH....C.Q.,3.4125241384842684,1,1,0
108.0,0.43,...KH...KSMQD,3.1806633493942886,1,1,0
108.0,0.43,...KH.TSK.MQ.,3.151061852899349,2,1,0
108.0,0.43,...KH.TSKC...,4.066732184452155,2,1,0
108.0,0.43,...KHT..K.M.D,3.1527796290377728,4,0,0
108.0,0.43,...KN..S..ML.,2.8612255421777815,1,1,0
108.0,0.43,...KN.TS.CM.D,3.5330065718118853,1,1,0
108.0,0.43,...KNT....M.D,3.2622737651260802,1,1,0
108.0,0.43,...KNT...CM..,3.2499045297756863,1,1,0
108.0,0.43,...KNT.SK...D,2.6959423977153794,2,0,0
108.0,0.43,...KNTT.KSMQD,3.1742754507434503,2,1,0
108.0,0.43,...KNTTSKS...,3.524604182476126,1,1,0
108.0,0.43,...KS...KS..D,2.8168222523566726,1,0,0
108.0,0.43,...KST...SMQ.,3.1884423877827395,1,1,0
108.0,0.43,...KST..KS...,3.7185503737512455,2,1,0
108.0,0.43,...KST..KSMLD,3.4518805985999244,1,1,0
108.0,0.43,...KST.SK....,3.793223905709125,1,1,0
108.0,0.43,...KSTTS..M..,3.526768247393845,1,1,0
108.0,0.43,...KSTTS.SM.D,3.3288868789863595,1,1,0
108.0,0.43,..L.....K..QD,2.808445067786835,1,1,0
108.0,0.43,..L.....K.M..,4.238289103666546,1,1,0
108.0,0.43,..L....S.S.Q.,2.972642597985032,1,1,0
108.0,0.43,..L...T..SMLD,2.9106244498034406,2,1,0
108.0,0.43,..L..T.S.C.Q.,3.3308648739568745,1,1,0
108.0,0.43,..L..TTSKSML.,3.384652802584298,1,1,0
108.0,0.43,..L.H..SKS.Q.,3.5571177181329,1,1,0
108.0,0.43,..L.H.T..CM..,2.8681237639410955,1,1,0
108.0,0.43,..L.H.T..S.QD,3.185994619601933,2,1,0
108.0,0.43,..L.H.TSKC.Q.,3.5156317203750866,2,1,0
108.0,0.43,..L.H.TSKSM..,3.36663613665952,1,1,0
108.0,0.43,..L.HT.S.S.LD,3.287762023297665,1,1,0
108.0,0.43,..L.N.T..S.L.,3.0693190240044648,1,1,0
108.0,0.43,..L.N.TS.SM.D,3.5681535858063955,1,1,0
108.0,0.43,..L.NT.SKS...,3.532394585035196,1,1,0
108.0,0.43,..L.S.....MQ.,2.9325956328296825,1,1,0
108.0,0.43,..L.S...KC...,2.957630299680959,1,1,0
108.0,0.43,..L.S.T.KSMQD,3.7386098943345845,1,1,0
108.0,0.43,..L.ST...S.Q.,3.217407334190521,1,1,0
108.0,0.43,..L.ST.S.....,2.940080143596405,1,1,0
108.0,0.43,..L.STT..S..D,2.8594812529506575,1,0,0
108.0,0.43,..L.STT..SM.D,3.9137738277730527,1,1,0
108.0,0.43,..L.STTSKCM..,2.866897229707211,1,1,0
108.0,0.43,..LK.....C.QD,3.4190500072884964,1,1,0
108.0,0.43,..LK.....CML.,2.7978829314520444,1,1,0
108.0,0.43,..LK.....S..D,3.430674063166743,1,1,0
108.0,0.43,..LK..T.....D,3.685415068616049,1,1,0
108.0,0.43,..LK..TSK..Q.,2.899712873999569,1,1,0
108.0,0.43,..LK.T..K.M..,3.4925928939945377,1,1,0
108.0,0.43,..LK.T..KC...,2.591914497653747,1,1,0
108.0,0.43,..LK.T.SK....,3.383670750830208,1,1,0
108.0,0.43,..LK.TT..SM..,3.126936834218264,1,1,0
108.0,0.43,..LK.TT.K.MLD,3.540261366548059,2,1,0
108.0,0.43,..LK.TT.KS.Q.,3.439355272421176,2,1,0
108.0,0.43,..LKH.TS.SM.D,2.931352433310789,1,1,0
108.0,0.43,..LKHT.....Q.,3.4232075293067754,1,1,0
108.0,0.43,..LKHTT..SMLD,3.5950265930766383,1,1,0
108.0,0.43,..LKN...KCML.,3.9146913481414267,1,1,0
108.0,0.43,..LKN..SK.M.D,3.257532591515139,4,1,0
108.0,0.43,..LKN.TSKC.QD,3.45010787555618,1,1,0
108.0,0.43,..LKNT....MLD,3.0363833311708697,1,1,0
108.0,0.43,..LKNTTS.C...,3.836973334250726,1,1,0
108.0,0.43,..LKS......QD,3.0192325637077055,1,1,0
108.0,0.43,..LKS..S.S...,2.719520301627755,1,1,0
108.0,0.43,..LKS.TSKS...,3.31618130985992,1,1,0
108.0,0.43,..LKST...S...,3.209125814373316,1,1,0
108.0,0.43,..LKSTTSK..Q.,3.208306412384955,1,1,0
108.0,0.43,..V....S.S.LD,2.859890524639946,1,1,0
108.0,0.43,..V..T..KSMLD,3.5740975830929527,1,1,0
108.0,0.43,..V.H.......D,2.8800882220305164,1,1,0
108.0,0.43,..V.H..S.C.L.,3.9884725976933875,2,1,0
108.0,0.43,..V.H..SKSM..,3.53246808187667,1,1,0
108.0,0.43,..V.H.T.KCM..,3.6758557720034877,1,1,0
108.0,0.43,..V.HT..K...D,3.87012412317058,1,1,0
108.0,0.43,..V.HT..K.MQD,2.8555258705765114,1,1,0
108.0,0.43,..V.HT.S.SM..,3.371298165643041,1,1,0
108.0,0.43,..V.HTT.KC.LD,3.1827019746980967,1,1,0
108.0,0.43,..V.N....S...,2.983134467800667,1,1,0
108.0,0.43,..V.N.T..S.QD,3.7298146699586163,1,1,0
108.0,0.43,..V.N.T..SM..,3.8848967529764638,1,1,0
108.0,0.43,..V.NT.....LD,3.0132854838208893,1,1,0
108.0,0.43,..V.NT..K..QD,3.4473542217066817,1,1,0
108.0,0.43,..V.NT.S.C.L.,2.8717613522577947,1,0,0
108.0,0.43,..V.NT.SK.M..,3.767192758827846,1,1,0
108.0,0.43,..V.S......LD,3.4213408364780005,1,1,0
108.0,0.43,..V.S..S.CML.,2.940819884504824,1,0,0
108.0,0.43,..V.S..S.SML.,1.912359031842415,1,0,0
108.0,0.43,..V.S..SK.M..,3.953177091658733,5,1,0
108.0,0.43,..V.S..SKS.L.,3.4479203719106013,1,1,0
108.0,0.43,..V.S.T.KC.LD,3.246055933758025,1,1,0
108.0,0.43,..V.S.TSKS...,3.372046892999453,1,1,0
108.0,0.43,..V.ST..K.M..,2.9082395934746716,1,0,0
108.0,0.43,..V.ST..KC.LD,2.8133029349179015,1,1,0
108.0,0.43,..V.ST..KCMQD,4.179878996363645,1,1,0
108.0,0.43,..V.ST.S.CM.D,3.087840987958058,1,1,0
108.0,0.43,..V.STTS...L.,3.0294491515017525,1,1,0
108.0,0.43,..VK.....C..D,3.0195526471796548,1,1,0
108.0,0.43,..VK.....SM.D,2.8570301737305273,1,1,0
108.0,0.43,..VK....K.ML.,3.6509568728506068,1,1,0
108.0,0.43,..VK..T......,2.9710140588026492,1,1,0
108.0,0.43,..VK.T...CM.D,2.9196479558750585,1,1,0
108.0,0.43,..VK.TTS.C.LD,3.030379722142866,1,0,0
108.0,0.43,..VKH.TS.CMQ.,2.458676754488557,1,1,0
108.0,0.43,..VKHT.S.CML.,2.899604485372141,1,1,0
108.0,0.43,..VKHT.S.S.Q.,2.8503968087242804,1,1,0
108.0,0.43,..VKHTTS.S...,3.023609001728694,1,1,0
108.0,0.43,..VKN....S.QD,3.087800255625583,1,1,0
108.0,0.43,..VKN..S...LD,2.7369460785960635,1,1,0
108.0,0.43,..VKN..S..M..,4.046735274292381,1,1,0
108.0,0.43,..VKN.T.KS.LD,2.9609002778715263,1,1,0
108.0,0.43,..VKN.TS..ML.,3.983003746951144,1,1,0
108.0,0.43,..VKNT....M..,3.2507678154617934,1,1,0
108.0,0.43,..VKNT..K.ML.,3.343972826641332,1,1,0
108.0,0.43,..VKNT..KS.QD,3.784395860862614,1,1,0
108.0,0.43,..VKNT.SKC..D,3.5398992189938787,1,1,0
108.0,0.43,..VKS...KSMLD,3.2163373619073132,1,1,0
108.0,0.43,..VKS...KSMQ.,2.855068771121216,1,1,0
108.0,0.43,..VKS..SKSML.,3.183037310933507,1,1,0
108.0,0.43,..VKS.T....QD,1.9674992464333227,1,0,0
108.0,0.43,..VKS.TS..M.D,3.419593511430977,1,1,0
108.0,0.43,..VKST.S.C.QD,3.5527532917627846,1,1,0
108.0,0.43,.K......KSMLD,3.3317875933094157,1,1,0
108.0,0.43,.K.....S.C.L.,3.373551719175798,1,1,0
108.0,0.43,.K.....SK.ML.,3.011874614871081,1,0,0
108.0,0.43,.K....T...MQD,3.8279711366382365,1,1,0
108.0,0.43,.K....T..SML.,3.7836563323351173,1,1,0
108.0,0.43,.K...T....M.D,3.8431311510336386,1,1,0
108.0,0.43,.K...TT.KS...,3.0132990644732676,1,1,0
108.0,0.43,.K...TTS..MQ.,3.2391575090768385,2,1,0
108.0,0.43,.K..H....S.LD,3.0807489922292817,1,1,0
108.0,0.43,.K..H.TS.CM..,3.0603612765820025,1,1,0
108.0,0.43,.K..HT.S.S..D,3.082210797145594,1,1,0
108.0,0.43,.K..HTT.KC..D,2.925276399931249,1,1,0
108.0,0.43,.K..HTTSKCMLD,2.949337127061749,1,1,0
108.0,0.43,.K..N...K.M.D,3.9660380182906385,1,1,0
108.0,0.43,.K..N..S.C..D,3.357908524625343,1,1,0
108.0,0.43,.K..N.TSK.MLD,3.4041164283840986,1,1,0
108.0,0.43,.K..S...KC..D,3.500226145097681,1,1,0
108.0,0.43,.K..S...KC.L.,2.9157083741102148,1,1,0
108.0,0.43,.K..S.T...M..,3.038886500638193,1,1,0
108.0,0.43,.K..S.TS.SMLD,3.3739427897472707,1,1,0
108.0,0.43,.K..ST..KCML.,3.4601066739718473,1,1,0
108.0,0.43,.K..ST..KSM..,3.0297813925556,1,1,0
108.0,0.43,.K.K....K.MQ.,3.173620735615387,3,0,0
108.0,0.43,.K.K....KS.Q.,3.3651994071475215,2,1,0
108.0,0.43,.K.K...SK.ML.,3.7252043522710436,1,1,0
108.0,0.43,.K.K...SKC.QD,3.588184981777641,1,1,0
108.0,0.43,.K.K..TSKCMQD,2.911612640820295,1,0,0
108.0,0.43,.K.K.T...S..D,3.643656968997574,1,1,0
108.0,0.43,.K.KH...KS.LD,2.9755904360165144,1,1,0
108.0,0.43,.K.KHT.......,3.335623980371915,3,1,0
108.0,0.43,.K.KHT..K..LD,3.09322650878141,1,1,0
108.0,0.43,.K.KHT.SKSMQ.,3.4488481221718694,1,1,0
108.0,0.43,.K.KHTT.KCM.D,2.8751296017263543,1,1,0
108.0,0.43,.K.KHTTSKSML.,3.2628999397603,1,1,0
108.0,0.43,.K.KN.....MQD,3.416012566426227,2,1,0
108.0,0.43,.K.KN....S.QD,3.1906205983123606,1,1,0
108.0,0.43,.K.KN...KCM..,3.6283941451349295,1,1,0
108.0,0.43,.K.KN...KSMQD,2.9312382734139155,1,1,0
108.0,0.43,.K.KN.T..SML.,2.5504595457854204,1,1,0
108.0,0.43,.K.KN.TS.SM..,2.774361125395426,1,1,0
108.0,0.43,.K.KNT.SK...D,3.5418058577381366,1,1,0
108.0,0.43,.K.KNTTS.SM.D,2.784543322805814,1,1,0
108.0,0.43,.K.KS........,3.8677057193403472,1,1,0
108.0,0.43,.K.KS....C.QD,3.1653840453848923,1,1,0
108.0,0.43,.K.KS...K..Q.,3.902176662537327,1,0,0
108.0,0.43,.K.KS...K.MQ.,4.61167310878352,1,1,0
108.0,0.43,.K.KS...KCM..,2.856454151685919,1,0,0
108.0,0.43,.K.KS..S.....,2.6849301074781224,1,0,0
108.0,0.43,.K.KS..SK....,3.243099591969412,2,0,0
108.0,0.43,.K.KS.T..S.L.,2.5253591666144053,1,1,0
108.0,0.43,.K.KS.T.K.M..,3.262597788719263,3,0,0
108.0,0.43,.K.KS.TS.....,3.8285932113657646,1,1,0
108.0,0.43,.K.KS.TS.C.Q.,3.433798570263912,1,1,0
108.0,0.43,.K.KST..KC.LD,3.9900504842375413,2,1,0
108.0,0.43,.K.KSTTSKC.LD,3.3954148794986456,2,0,0
108.0,0.43,.KL......C.L.,3.682800435323828,1,1,0
108.0,0.43,.KL....S...L.,3.3072390058806924,1,1,0
108.0,0.43,.KL...TSKCMQD,2.9897423275132984,1,1,0
108.0,0.43,.KL..T....MQ.,3.1945089504722683,2,1,0
108.0,0.43,.KL..T.S.CM.D,3.038467820864213,1,1,0
108.0,0.43,.KL..T.SK.M.D,2.7737868109338537,1,1,0
108.0,0.43,.KL.H.....MQ.,2.890650807311115,1,1,0
108.0,0.43,.KL.H..S.SMQD,2.808863554514219,1,1,0
108.0,0.43,.KL.H.T..S...,3.247900494595257,1,1,0
108.0,0.43,.KL.H.TSK.ML.,3.1112821992926434,1,1,0
108.0,0.43,.KL.HT.SK..L.,2.7206453570183187,1,1,0
108.0,0.43,.KL.HTT.K.MQ.,3.8673252446812296,1,1,0
108.0,0.43,.KL.N...KCMQ.,2.3397247938985046,1616,0,0
108.0,0.43,.KL.N.T..CMQ.,3.707431539969241,1,1,0
108.0,0.43,.KL.NT..K....,3.566021420859449,4,1,0
108.0,0.43,.KL.NTTSK..LD,3.0369277111274933,1,1,0
108.0,0.43,.KL.NTTSKCML.,3.5401544327658523,1,1,0
108.0,0.43,.KL.NTTSKS.QD,3.0839224412983772,1,1,0
108.0,0.43,.KL.S...K.MQ.,2.83197051913903,1,1,0
108.0,0.43,.KL.S..S..MQD,3.748892847973255,1,1,0
108.0,0.43,.KL.S.T.KS...,3.748939417731491,1,1,0
108.0,0.43,.KL.S.T.KS.L.,3.268880591587974,1,0,0
108.0,0.43,.KL.S.TSKCML.,3.5810919080020245,1,1,0
108.0,0.43,.KL.ST..K.MQD,2.978512480444516,1,1,0
108.0,0.43,.KL.ST.S..M..,3.1724332838638714,1,1,0
108.0,0.43,.KL.ST.S.C.QD,3.0154565284061876,1,1,0
108.0,0.43,.KLK...SKSMQ.,3.0968957807019626,1,1,0
108.0,0.43,.KLK..TSKS...,2.932613178679518,1,1,0
108.0,0.43,.KLK.T...S.LD,3.4159741488458137,1,1,0
108.0,0.43,.KLK.T.S..MQ.,3.6821174032646615,2,1,0
108.0,0.43,.KLK.TT.KSM.D,2.8150184939228153,1,1,0
108.0,0.43,.KLK.TTSKC.QD,2.7294690072691634,1,1,0
108.0,0.43,.KLKH.T.K..QD,2.9211363603467966,1,1,0
108.0,0.43,.KLKH.T.KS.LD,2.874906813456473,1,1,0
108.0,0.43,.KLKH.TS.SM..,2.764246358225219,1,1,0
108.0,0.43,.KLKH.TSKCMQ.,3.0019432115427307,1,1,0
108.0,0.43,.KLKHT..KC.Q.,2.9630686938793214,1,1,0
108.0,0.43,.KLKHTTSK....,3.0559987037125413,1,1,0
108.0,0.43,.KLKN....S...,3.9954577468169568,1,1,0
108.0,0.43,.KLKN...KS...,3.0357615383746848,1,0,0
108.0,0.43,.KLKN.TS.S.QD,3.703266516907674,1,1,0
108.0,0.43,.KLKNT.......,3.126028181499955,4,0,0
108.0,0.43,.KLKNTT.K....,3.2173203641693986,2,1,0
108.0,0.43,.KLKNTTSK.MQD,3.4895449151609896,1,1,0
108.0,0.43,.KLKNTTSKSMQ.,3.3527971181047964,1,1,0
108.0,0.43,.KLKS..S.SM..,3.465237851950215,1,1,0
108.0,0.43,.KLKS.T..C.LD,3.2456985403913228,1,1,0
108.0,0.43,.KLKS.T.KS..D,3.092867325517819,1,1,0
108.0,0.43,.KLKST.SK....,3.2235625800605425,1,1,0
108.0,0.43,.KV......SM..,3.0107283502619775,1,1,0
108.0,0.43,.KV...T.KSMLD,3.953668687297009,1,1,0
108.0,0.43,.KV...TS.S...,2.770812992057716,1,1,0
108.0,0.43,.KV..T...CML.,3.6964330211975547,1,1,0
108.0,0.43,.KV..T..K.MQ.,3.5915115310278045,1,1,0
108.0,0.43,.KV..T.SK.M..,3.0618056198305945,1,0,0
108.0,0.43,.KV.H....SML.,3.576011388448236,1,1,0
108.0,0.43,.KV.H..SKS.Q.,2.775322810192199,1,1,0
108.0,0.43,.KV.H.T...M..,3.671927789172194,1,1,0
108.0,0.43,.KV.HT..K..Q.,3.476844579435602,1,1,0
108.0,0.43,.KV.HT.SKCML.,2.927418748560192,1,1,0
108.0,0.43,.KV.HTTS..ML.,3.1574910380153023,1,1,0
108.0,0.43,.KV.HTTS.C...,2.965268673822503,1,1,0
108.0,0.43,.KV.N...KSMQD,2.9303541821804484,1,1,0
108.0,0.43,.KV.NT...S.L.,3.4156622581528553,1,1,0
108.0,0.43,.KV.NT..K.M..,3.6034678690224538,1,1,0
108.0,0.43,.KV.S.....M..,3.730491348164951,1,1,0
108.0,0.43,.KV.STT..S...,2.879432338932518,1,1,0
108.0,0.43,.KV.STTSK..LD,3.027087761331431,1,1,0
108.0,0.43,.KVK..T..C.L.,2.9785698935578706,1,1,0
108.0,0.43,.KVK..TSKC.L.,3.1835198442895614,1,1,0
108.0,0.43,.KVK..TSKCMQD,3.7566681864865368,1,1,0
108.0,0.43,.KVK.T..KCMQD,3.3490254057262066,2,1,0
108.0,0.43,.KVKH..S..MLD,1.7846510297348883,1,0,0
108.0,0.43,.KVKH.T......,3.1558609527498023,1,1,0
108.0,0.43,.KVKH.TS...LD,2.1605645375663305,53035,0,1
108.0,0.43,.KVKH.TS.C..D,3.725612844273701,1,1,0
108.0,0.43,.KVKHT..KSM..,3.178032401658068,1,1,0
108.0,0.43,.KVKHTTS.C.LD,3.6542278645231323,2,1,0
108.0,0.43,.KVKHTTS.SML.,3.784994990923196,1,1,0
108.0,0.43,.KVKHTTSKC.QD,3.5032878203950157,1,1,0
108.0,0.43,.KVKN..S.CM..,3.000747202679709,1,1,0
108.0,0.43,.KVKN.T.KC.LD,3.5134801050486977,2,1,0
108.0,0.43,.KVKNTTSK.MQ.,3.0441354370620393,1,1,0
108.0,0.43,.KVKS...KS...,3.7521979274895765,1,1,0
108.0,0.43,.KVKS..SKS..D,3.4475086853286236,1,1,0
108.0,0.43,.KVKS.TSK..QD,3.1393205938455755,1,1,0
108.0,0.43,.KVKS.TSKS.L.,3.278875875065373,1,1,0
108.0,0.43,.KVKSTT.KSMQD,2.9462247048080763,1,1,0
108.0,0.43,P......SK.ML.,3.014739604145328,1,0,0
108.0,0.43,P.....T.KC..D,3.0082058828965152,1,1,0
108.0,0.43,P.....TS.SM..,2.8254384508049992,1,1,0
108.0,0.43,P.....TSKS.QD,3.692382786252755,1,1,0
108.0,0.43,P....TT..SMQ.,2.988816186857208,1,1,0
108.0,0.43,P...H.....ML.,3.004242259070702,1,0,0
108.0,0.43,P...H..S.....,3.90799973972387,1,1,0
108.0,0.43,P...H.T.K.MLD,4.108852152548047,1,1,0
108.0,0.43,P...H.TSKS.L.,3.121555455739267,1,1,0
108.0,0.43,P...HT....ML.,3.6449650624663845,1,1,0
108.0,0.43,P...HTTSK.M..,2.8633342161641817,1,1,0
108.0,0.43,P...N.TS..MQD,3.838733343590994,1,1,0
108.0,0.43,P...N.TSK.M.D,3.2407689666609674,1,1,0
108.0,0.43,P...NT...SM..,3.2606400496643375,1,1,0
108.0,0.43,P...NTT.KS.Q.,3.6034037165527604,1,1,0
108.0,0.43,P...S.T.K..QD,3.063170495613877,1,1,0
108.0,0.43,P...ST.S...QD,3.0663022847110173,1,1,0
108.0,0.43,P...ST.S.SMLD,2.7776458295618394,1,1,0
108.0,0.43,P...STT..CML.,3.242105878189792,1,1,0
108.0,0.43,P..K.........,3.6241546617375797,1,1,0
108.0,0.43,P..K...S.C.LD,3.2880893540576563,1,1,0
108.0,0.43,P..K..TS.CM..,3.7809845816701064,1,1,0
108.0,0.43,P..K.T..KC.LD,3.1486688448078004,1,1,0
108.0,0.43,P..K.T.SKC...,3.669021779904693,2,1,0
108.0,0.43,P..KH....SM..,3.0643586399199947,1,1,0
108.0,0.43,P..KH.T.K..L.,3.4109319152878204,1,1,0
108.0,0.43,P..KH.T.KSML.,3.3764948222179627,1,1,0
108.0,0.43,P..KHTT.KCM..,4.166941396213049,1,1,0
108.0,0.43,P..KHTTS.SML.,3.498205349730435,1,1,0
108.0,0.43,P..KN....S..D,3.0509242081038437,1,1,0
108.0,0.43,P..KN...K..QD,4.076648156258876,8,1,0
108.0,0.43,P..KN...K.ML.,3.4454116846686427,1,1,0
108.0,0.43,P..KN...KSM.D,3.558793838542977,1,1,0
108.0,0.43,P..KN..S.C..D,3.4893803489806574,1,1,0
108.0,0.43,P..KN..SKC.L.,2.948195798319921,1,1,0
108.0,0.43,P..KN.T.K.M..,3.8455927673687818,1,1,0
108.0,0.43,P..KNT..K...D,4.134040430697146,1,1,0
108.0,0.43,P..KNT..K..Q.,3.195142770607051,1,0,0
108.0,0.43,P..KNTT.KC.QD,3.194494590381752,1,1,0
108.0,0.43,P..KS....SM.D,3.622881645124251,1,1,0
108.0,0.43,P..KS...K.MQ.,3.6009966251247754,7,0,0
108.0,0.43,P..KS..S..ML.,3.03907332376035,1,1,0
108.0,0.43,P..KST..K.M..,4.1449817715585855,5,1,0
108.0,0.43,P..KSTT.....D,3.12684054193279,1,1,0
108.0,0.43,P..KSTTSKC.Q.,3.4528837248874154,1,1,0
108.0,0.43,P.L.....K.MQ.,3.3523312391762143,1,1,0
108.0,0.43,P.L....S..MLD,2.8633875779271505,1,1,0
108.0,0.43,P.L...T.KC.L.,3.0861317581483085,1,1,0
108.0,0.43,P.L...TS.CMQD,3.1264958248904664,1,1,0
108.0,0.43,P.L..TTSKSMQ.,3.16512830331477,1,1,0
108.0,0.43,P.L.H....S...,3.4645224583778296,1,1,0
108.0,0.43,P.L.H..SKS.QD,3.4996681347509413,1,1,0
108.0,0.43,P.L.HT.SKCMLD,4.150260550902685,1,1,0
108.0,0.43,P.L.NT.S..M..,3.2881306682200124,1,1,0
108.0,0.43,P.L.NT.S.CMQ.,2.752332993364855,1,1,0
108.0,0.43,P.L.NT.SKC.LD,2.9765457499122,1,1,0
108.0,0.43,P.L.NTTS...L.,4.076688074949973,1,1,0
108.0,0.43,P.L.NTTS.C.QD,4.1817678253465855,1,1,0
108.0,0.43,P.L.S........,3.130360231300799,1,1,0
108.0,0.43,P.L.S.T..SMQ.,2.903632518307913,1,1,0
108.0,0.43,P.L.S.T.K...D,3.0500960120848415,1,1,0
108.0,0.43,P.L.ST..K...D,3.759660316780019,1,1,0
108.0,0.43,P.LK...SKC...,3.6156726156088794,1,1,0
108.0,0.43,P.LK.T.S.C...,3.701878407183758,1,1,0
108.0,0.43,P.LK.T.SKS.LD,3.2713774767833943,1,1,0
108.0,0.43,P.LK.TT.KS.LD,3.302390092777689,1,1,0
108.0,0.43,P.LK.TTS.C.LD,3.808196271091063,1,1,0
108.0,0.43,P.LK.TTSKCM.D,3.237726859898916,1,1,0
108.0,0.43,P.LKHT....MQD,3.9226766685913046,1,1,0
108.0,0.43,P.LKHT..KS...,4.341172881745152,1,1,0
108.0,0.43,P.LKHT.SK....,2.9733447999480744,1,1,0
108.0,0.43,P.LKHT.SKCML.,3.633528474765974,1,1,0
108.0,0.43,P.LKN...KS...,2.995007538780422,1,1,0
108.0,0.43,P.LKN.TS..M..,2.949550798959479,1,1,0
108.0,0.43,P.LKNT...CM..,2.724877995006112,1,1,0
108.0,0.43,P.LKNT.S...L.,3.0923733679369074,1,1,0
108.0,0.43,P.LKNT.S.SM..,3.060622063790028,1,1,0
108.0,0.43,P.LKNT.SK..Q.,3.6744875730780966,1,1,0
108.0,0.43,P.LKNTTS.SMQ.,3.7866091208458275,1,1,0
108.0,0.43,P.LKS......L.,3.0446414054022135,1,1,0
108.0,0.43,P.LKS..SKSMQ.,3.3447049138084535,1,1,0
108.0,0.43,P.LKS.TS.C...,3.595221287990886,1,1,0
108.0,0.43,P.LKS.TS.CMLD,2.823809300242633,1,1,0
108.0,0.43,P.LKST.S.CM.D,3.859769159457807,1,1,0
108.0,0.43,P.LKST.SK..Q.,3.098400991016625,1,0,0
108.0,0.43,P.V....S..M..,4.8278502706116315,1,1,0
108.0,0.43,P.V...T..SM.D,3.731889273828104,1,1,0
108.0,0.43,P.V..TT.K....,3.2625871342678066,1,1,0
108.0,0.43,P.V..TT.K..QD,3.4487361225976034,1,1,0
108.0,0.43,P.V.H...K.M.D,3.4445048446601936,1,1,0
108.0,0.43,P.V.H.T.KSMQD,2.8130734151480143,1,1,0
108.0,0.43,P.V.H.TSKC..D,3.2631027290476724,1,1,0
108.0,0.43,P.V.HT....M..,3.8715355715646624,1,1,0
108.0,0.43,P.V.HT...S...,3.6579295630263005,1,1,0
108.0,0.43,P.V.HTT..C.QD,2.8758961697914893,1,1,0
108.0,0.43,P.V.HTT.K.M.D,2.997887716954,1,1,0
108.0,0.43,P.V.HTTS..M.D,3.4811264053026916,1,1,0
108.0,0.43,P.V.N.....M..,3.7192953641474946,1,1,0
108.0,0.43,P.V.N.T..C.LD,3.023689619762271,1,1,0
108.0,0.43,P.V.NT.....Q.,3.0336995727540166,1,1,0
108.0,0.43,P.V.NT..K.M..,4.131415038424531,1,1,0
108.0,0.43,P.V.NT..K.M.D,3.0873310733498283,1,0,0
108.0,0.43,P.V.NT.SKC.Q.,2.9372157648947974,1,1,0
108.0,0.43,P.V.NTTSK.MQD,3.5987719162931158,1,1,0
108.0,0.43,P.V.S...KSMLD,3.480271059688678,1,1,0
108.0,0.43,P.V.S..S.CML.,3.5938660791514105,1,1,0
108.0,0.43,P.V.ST.S....D,4.167445887004266,1,1,0
108.0,0.43,P.VK.....S.Q.,2.821914523212761,1,1,0
108.0,0.43,P.VK...S...LD,3.565647342102081,1,1,0
108.0,0.43,P.VK...SKCML.,2.768802836218304,1,1,0
108.0,0.43,P.VK.T..K....,3.362689346117526,4,0,0
108.0,0.43,P.VK.T..KCMQ.,2.9226333117420165,1,1,0
108.0,0.43,P.VK.T.S.S.Q.,1.2642003396541397,1,0,0
108.0,0.43,P.VK.T.S.SMLD,4.218493847781855,1,1,0
108.0,0.43,P.VK.TTS.S..D,2.9794574053831617,1,1,0
108.0,0.43,P.VKH....C.LD,3.911938997384199,1,1,0
108.0,0.43,P.VKH..S.S.L.,3.2504128906434593,1,1,0
108.0,0.43,P.VKH.T.KCM..,3.404146329079465,1,1,0
108.0,0.43,P.VKH.TS.S.Q.,3.844811696425301,2,1,0
108.0,0.43,P.VKHT..K..L.,4.34205566643047,1,1,0
108.0,0.43,P.VKHT.SKC.QD,3.5913928997646605,1,1,0
108.0,0.43,P.VKHTTSKSML.,1.6099679590401463,1,0,0
108.0,0.43,P.VKN..SK.M..,4.049820961542736,1,1,0
108.0,0.43,P.VKN..SK.M.D,3.1151578068713897,1,0,0
108.0,0.43,P.VKNT..K.M..,3.475030940610268,1,0,0
108.0,0.43,P.VKNTTSKSM.D,3.864126685814424,1,1,0
108.0,0.43,P.VKS...K....,4.086711056785047,2,1,0
108.0,0.43,P.VKS...KC...,2.971998317749365,1,0,0
108.0,0.43,P.VKS..SK.MQD,3.3660981921345376,1,1,0
108.0,0.43,P.VKS.TS.S..D,2.9208126028215027,1,1,0
108.0,0.43,P.VKS.TS.S.L.,3.334376615853282,1,1,0
108.0,0.43,P.VKST.S.C.LD,3.0824584156864803,1,1,0
108.0,0.43,P.VKST.SKCMLD,2.9190673764346307,1,1,0
108.0,0.43,P.VKSTT...MQ.,3.7518845586474825,1,1,0
108.0,0.43,PK........M.D,3.22075083556522,1,1,0
108.0,0.43,PK.......CML.,2.8525688577029893,1,1,0
108.0,0.43,PK.....SK.M..,4.495223981702157,6,1,0
108.0,0.43,PK....TS.SMQD,2.898405077278803,1,1,0
108.0,0.43,PK...T..KSMLD,1.4450727608904432,1,0,0
108.0,0.43,PK..H....CM..,2.934876841170559,1,1,0
108.0,0.43,PK..H...K....,4.150163642554484,1,1,0
108.0,0.43,PK..H...K.M..,3.6975324414189417,6,0,0
108.0,0.43,PK..H.T.K.MLD,3.5072599670485385,1,0,0
108.0,0.43,PK..H.TSKC.L.,2.8616881368009697,1,1,0
108.0,0.43,PK..HT..KC.L.,3.415478077965459,1,1,0
108.0,0.43,PK..HTT.K...D,3.270907372055659,1,1,0
108.0,0.43,PK..HTT.KSMQ.,2.903649775060485,1,1,0
108.0,0.43,PK..N..SK....,3.4101600860496983,3,0,0
108.0,0.43,PK..N..SKC.Q.,3.6434885618318704,1,1,0
108.0,0.43,PK..N..SKS..D,3.250014799503876,3,1,0
108.0,0.43,PK..N.T.K..LD,3.0579470088131906,1,1,0
108.0,0.43,PK..NT.S.C.Q.,2.8415023301912514,1,1,0
108.0,0.43,PK..NTTS..MQD,3.0134294286071412,1,1,0
108.0,0.43,PK..S..SK.M..,3.4055449098058093,1,0,0
108.0,0.43,PK..ST..KSMLD,3.6554177960528835,1,1,0
108.0,0.43,PK..ST.SK....,2.8314078728528784,1,0,0
108.0,0.43,PK..STT.K.ML.,1.0501956192263031,1,0,0
108.0,0.43,PK..STT.KS.L.,2.978947862595999,1,1,0
108.0,0.43,PK..STTSK.ML.,3.092790628009826,1,1,0
108.0,0.43,PK..STTSKSM..,2.8493348526997067,1,1,0
108.0,0.43,PK.K.....C.LD,2.8616266667152113,1,1,0
108.0,0.43,PK.K...SKSMLD,3.561817934825177,1,1,0
108.0,0.43,PK.K.T.....L.,3.8738360504620006,1,1,0
108.0,0.43,PK.K.T.S.SM..,3.09839354971725,1,1,0
108.0,0.43,PK.K.TT..C...,2.931085736347932,1,1,0
108.0,0.43,PK.KH...KCMQ.,2.8310898681442382,1,1,0
108.0,0.43,PK.KH..SK.MQD,3.5130437635593292,1,1,0
108.0,0.43,PK.KHT.SK.M.D,2.9211709612841403,1,1,0
108.0,0.43,PK.KHT.SKC.L.,2.922049120900768,1,1,0
108.0,0.43,PK.KN...K..L.,3.6946395636523772,1,1,0
108.0,0.43,PK.KN...K..QD,3.335806820097477,1,0,0
108.0,0.43,PK.KN...K.ML.,2.979247341113213,1,0,0
108.0,0.43,PK.KN..SKC.QD,3.4196341920229965,1,1,0
108.0,0.43,PK.KN.T..C..D,3.4069063055381044,1,1,0
108.0,0.43,PK.KN.TS..M.D,3.1013256301498107,1,0,0
108.0,0.43,PK.KN.TS..MQD,3.900482921316211,1,1,0
108.0,0.43,PK.KN.TS.S.L.,2.7980243172311057,1,1,0
108.0,0.43,PK.KNT..K..Q.,3.823548805094536,1,1,0
108.0,0.43,PK.KNTT.K..L.,4.112806525973328,1,1,0
108.0,0.43,PK.KNTT.KSM..,3.49727398828063,1,1,0
108.0,0.43,PK.KNTTS.CMQD,3.140060956269648,1,1,0
108.0,0.43,PK.KNTTSKS.Q.,2.973850135807432,1,1,0
108.0,0.43,PK.KS..SKS.L.,3.9805555883819204,1,1,0
108.0,0.43,PK.KS.TSKS...,3.511364642685811,1,1,0
108.0,0.43,PK.KS.TSKS.LD,3.1048443113231032,1,1,0
108.0,0.43,PK.KS.TSKSML.,3.157739381709151,1,1,0
108.0,0.43,PK.KST..KSMQ.,3.297997557008441,2,1,0
108.0,0.43,PK.KST.S...QD,4.195868550066779,1,1,0
108.0,0.43,PKL...TSKS..D,4.1465626784058545,1,1,0
108.0,0.43,PKL..T....MQD,1.2957326379476533,1,0,0
108.0,0.43,PKL..T.S..M.D,3.32307306710631,1,1,0
108.0,0.43,PKL..T.SKSM..,4.034148970147283,1,1,0
108.0,0.43,PKL..TT..SMQ.,3.8291367285159446,1,1,0
108.0,0.43,PKL..TTSK....,3.6143413049802757,1,1,0
108.0,0.43,PKL.H..S.CML.,3.156425383963369,1,1,0
108.0,0.43,PKL.H.T...MLD,3.538814531673489,1,1,0
108.0,0.43,PKL.N.....M..,2.8658251649202224,1,1,0
108.0,0.43,PKL.N..SK.MLD,3.4482025204179765,1,1,0
108.0,0.43,PKL.NTT..SM.D,3.60381283912408,1,1,0
108.0,0.43,PKL.NTT.K..QD,3.0686226656580913,1,1,0
108.0,0.43,PKL.S..SK.MQ.,3.6685956907849535,1,1,0
108.0,0.43,PKL.ST...S..D,3.401380946549938,1,1,0
108.0,0.43,PKL.ST..KC.L.,3.744762527039949,1,1,0
108.0,0.43,PKL.ST.SK..LD,3.2047129474266547,2,1,0
108.0,0.43,PKL.STT.K..Q.,1.817073537041322,1,0,0
108.0,0.43,PKL.STT.KCM..,3.0948409942125257,1,1,0
108.0,0.43,PKLK.....CMQ.,2.7582305536589984,1,1,0
108.0,0.43,PKLK....K.M..,3.1248645892233213,1,1,0
108.0,0.43,PKLK...S...L.,3.7719101972844262,1,1,0
108.0,0.43,PKLK...SKS.Q.,3.202631805945803,1,1,0
108.0,0.43,PKLK.T..KC.QD,2.8308381533734064,1,1,0
108.0,0.43,PKLK.TT..SML.,1.3003079931747352,1,0,0
108.0,0.43,PKLKH...KC.Q.,3.2181043009114942,1,1,0
108.0,0.43,PKLKN.TS.CMQD,3.5174658430472396,1,1,0
108.0,0.43,PKLKNTT..S...,3.043546226078583,1,1,0
108.0,0.43,PKLKNTTSK.MQ.,3.5472707354965527,1,1,0
108.0,0.43,PKLKNTTSKCM..,3.5842358127311313,1,1,0
108.0,0.43,PKLKS...K.ML.,3.1820033004788875,1,1,0
108.0,0.43,PKLKS...KS...,3.2495871843640183,2,1,0
108.0,0.43,PKLKS..SKCMLD,3.7050352564994444,1,1,0
108.0,0.43,PKLKS.T.K.MLD,3.1411894937961145,1,1,0
108.0,0.43,PKLKST..KCMLD,3.636975999170408,1,1,0
108.0,0.43,PKV........LD,3.7777316281413706,1,1,0
108.0,0.43,PKV....SKCMQ.,3.831844426000504,1,1,0
108.0,0.43,PKV...TS.CM..,2.902914130595731,1,1,0
108.0,0.43,PKV..T...S.Q.,4.75902989213702,1,1,0
108.0,0.43,PKV..T..K...D,3.9720421077696297,1,1,0
108.0,0.43,PKV..TT.K..QD,2.9647899077816313,1,0,0
108.0,0.43,PKV..TTSKC.L.,3.807349487353484,1,1,0
108.0,0.43,PKV.HT.SK.ML.,3.4305433457246166,1,1,0
108.0,0.43,PKV.N..S.SML.,3.271567965905902,1,1,0
108.0,0.43,PKV.N.TSKC.LD,2.720593458937637,1,1,0
108.0,0.43,PKV.NT.SK.MQD,4.41617304109792,2,1,0
108.0,0.43,PKV.NTTS...LD,3.582395076899383,1,1,0
108.0,0.43,PKV.S....CMQD,3.1363878346032887,1,1,0
108.0,0.43,PKV.S...K.MQ.,3.2031861145434974,1,1,0
108.0,0.43,PKV.S.T...MQD,3.534909136291098,1,1,0
108.0,0.43,PKV.S.TS..M.D,2.949419435765411,1,1,0
108.0,0.43,PKV.S.TS.C.QD,3.71301274435797,1,1,0
108.0,0.43,PKV.S.TS.CML.,4.2546156575086895,1,1,0
108.0,0.43,PKV.ST...SM.D,3.6505617317013694,1,1,0
108.0,0.43,PKV.STTSK....,2.7985630459170086,1,1,0
108.0,0.43,PKV.STTSKC..D,3.408793628638575,1,1,0
108.0,0.43,PKV.STTSKSMLD,3.261244714342847,1,1,0
108.0,0.43,PKVK....K.MQD,3.0523170839346947,1,1,0
108.0,0.43,PKVK...SK.ML.,3.8330612017208248,1,1,0
108.0,0.43,PKVK...SK.MQ.,3.0151947925509446,1,0,0
108.0,0.43,PKVK.TT..CM.D,3.7086254782098624,1,1,0
108.0,0.43,PKVK.TT.KSML.,3.837412049819018,1,1,0
108.0,0.43,PKVK.TTSK..L.,3.705685170377638,1,1,0
108.0,0.43,PKVKH..SKC.QD,3.9109084148443287,1,1,0
108.0,0.43,PKVKHT....MLD,3.5039409917994746,1,1,0
108.0,0.43,PKVKHT.SK....,3.2664564136652157,1,1,0
108.0,0.43,PKVKHTT.K..Q.,3.210382770546679,1,1,0
108.0,0.43,PKVKHTTS.....,3.1865615924135824,1,1,0
108.0,0.43,PKVKN....CMLD,3.4396728840890227,1,1,0
108.0,0.43,PKVKN...K.M.D,3.732824147058047,1,1,0
108.0,0.43,PKVKN...KC.Q.,2.8601419814607407,1,1,0
108.0,0.43,PKVKN..S...QD,3.684024770995086,1,1,0
108.0,0.43,PKVKN.TS.C.QD,1.5435057852356477,1,0,0
108.0,0.43,PKVKNT.S..M.D,3.345763402518542,1,1,0
108.0,0.43,PKVKNTTSKCMQD,4.093459553612614,1,1,0
108.0,0.43,PKVKS...K.MLD,2.8862475327613035,1,1,0
108.0,0.43,PKVKS..S.S...,3.0622888022811865,1,1,0
108.0,0.43,PKVKS.T.KS.LD,4.0614970218208075,1,1,0
108.0,0.43,PKVKS.T.KS.Q.,3.242788076275902,1,1,0
108.0,0.43,PKVKST...C.L.,4.208957369303887,1,1,0
108.0,0.43,PKVKST..K.MQ.,3.4845834380248077,2,1,0
108.0,0.43,PKVKSTTS.CMQ.,3.209319629816763,1,1,0
