drug,concentration,model,feature_set,train_fraction_of_pool,n_train,rmsd_mean,rmsd_std,r2_mean,r2_std,runtime_mean
AMP,781.0,Decision tree,bare,0.0003,16,1.0753209685517102,0.11455925346212492,-1.4469888584030468,0.5089521249150065,0.0007069443818181753
AMP,781.0,Decision tree,bare,0.001,53,0.8822919198384597,0.13584144500336526,-0.6607960280054531,0.5217359986725585,0.0004763747565448284
AMP,781.0,Decision tree,bare,0.003,158,0.7995907987514207,0.024048814091160806,-0.34362928866143694,0.08127392288441894,0.0006465002273519834
AMP,781.0,Decision tree,bare,0.01,525,0.7665140068765389,0.038088801922461626,-0.2360515006891927,0.123263340863405,0.0011494446080178022
AMP,781.0,Decision tree,bare,0.03,1576,0.7245865819937833,0.011348903587605569,-0.10289369832058319,0.03442452942180104,0.0026859580539166927
AMP,781.0,Decision tree,bare,0.1,5253,0.6981889203350734,0.005428920483458117,-0.023871537232280787,0.01588682535534288,0.007952431061615547
AMP,781.0,Decision tree,bare,0.3,15759,0.6872288399033146,0.0065860947813311714,0.008000612975079702,0.01897728700784707,0.022089930561681587
AMP,781.0,Decision tree,bare,0.5,26266,0.6920345355153351,0.01257607476184928,-0.006081587375581399,0.03656726513774464,0.035929318983107805
AMP,781.0,Decision tree,bare,0.7,36772,0.6962510470943463,0.007262449173791436,-0.018228579160539327,0.02120238578567115,0.050350013887509704
AMP,781.0,Decision tree,bare,0.9,47278,0.6995679931312203,0.00677091467316627,-0.027943024482610657,0.0198517917131599,0.06371801369823515
AMP,781.0,Decision tree,bare,0.99,52006,0.7039842243885205,0.005109920832169472,-0.0409339376895194,0.015140300563559151,0.06952220830135047
AMP,781.0,Lasso (+ pairwise),pw,0.0003,16,0.7779671999025116,0.09744343169087646,-0.2844681561196724,0.3236171338818628,0.015185527658710877
AMP,781.0,Lasso (+ pairwise),pw,0.001,53,0.6692290224937908,0.0351920257918903,0.057608226063951405,0.09966386316497232,0.03727372200228274
AMP,781.0,Lasso (+ pairwise),pw,0.003,158,0.6038391458108101,0.01680701761534587,0.233788208153183,0.04257849158849687,0.5507723333624502
AMP,781.0,Lasso (+ pairwise),pw,0.01,525,0.5477876656506334,0.004071217961778702,0.3697359290534619,0.009387185149020441,0.053895513604705535
AMP,781.0,Lasso (+ pairwise),pw,0.03,1576,0.5042732210103086,0.003017621535821795,0.4658979567795743,0.006381752690439655,0.0484617636539042
AMP,781.0,Lasso (+ pairwise),pw,0.1,5253,0.4874594843019085,0.0009873409006647506,0.5009313416190194,0.0020207144312836428,0.15741666670267782
AMP,781.0,Lasso (+ pairwise),pw,0.3,15759,0.483275003643761,0.001143089094561464,0.5094623512581136,0.002318998744850987,0.38040359737351537
AMP,781.0,Lasso (+ pairwise),pw,0.5,26266,0.4823416262786579,0.000285060938148598,0.5113570384939393,0.0005774850650520717,0.5556834444093207
AMP,781.0,Lasso (+ pairwise),pw,0.7,36772,0.4822768815807173,0.00023548748946735536,0.5114882468437881,0.000477034665708005,0.6390258189445982
AMP,781.0,Lasso (+ pairwise),pw,0.9,47278,0.48202563681923066,0.00008833712750490372,0.5119971666078006,0.00017887373271530086,0.9674545557548603
AMP,781.0,Lasso (+ pairwise),pw,0.99,52006,0.48196635967578344,0.00004444023984833045,0.5121171917656097,0.00008997042099514561,1.0138247079836826
AMP,781.0,Lasso (additive),bare,0.0003,16,0.7562548407659734,0.06657325937808949,-0.2074141901527672,0.21170027726892673,0.016860472038388252
AMP,781.0,Lasso (additive),bare,0.001,53,0.6905389206321897,0.014555492091190577,-0.0018137825808046681,0.04247422573521863,0.01387434701124827
AMP,781.0,Lasso (additive),bare,0.003,158,0.5954584453340029,0.01799235636055061,0.2548405049598585,0.04482585214114003,0.0131616386740158
AMP,781.0,Lasso (additive),bare,0.01,525,0.5675400694433702,0.0005494113031196909,0.3234881799323639,0.0013094824658582507,0.013391694286838174
AMP,781.0,Lasso (additive),bare,0.03,1576,0.5610108722840175,0.00046328572367458295,0.3389644549014285,0.0010918960785217867,0.013818055701752504
AMP,781.0,Lasso (additive),bare,0.1,5253,0.5583988120355728,0.0005223390994123895,0.3451055885082804,0.0012250149252234909,0.019486653075243037
AMP,781.0,Lasso (additive),bare,0.3,15759,0.5576458035976918,0.0002899952691679056,0.34687092898361804,0.0006792482384831409,0.016332555717478197
AMP,781.0,Lasso (additive),bare,0.5,26266,0.5572824785066354,0.00019312833164192671,0.3477217884417816,0.00045208917650447854,0.025229236266265314
AMP,781.0,Lasso (additive),bare,0.7,36772,0.5571277624177788,0.00010182902299062411,0.3480839545871363,0.00023829542760817063,0.030181110991785925
AMP,781.0,Lasso (additive),bare,0.9,47278,0.5571085176789765,0.00006949744237006441,0.3481289995425642,0.0001626432575639873,0.032297277667870126
AMP,781.0,Lasso (additive),bare,0.99,52006,0.5570781149572498,0.000010478300526303772,0.34820015247600633,0.00002451995278490314,0.033639944391325116
AMP,781.0,LightGBM,bare,0.0003,16,0.7184518480433625,0.037638055206756525,-0.08610364840918527,0.11504164550288834,0.009282958305751285
AMP,781.0,LightGBM,bare,0.001,53,0.7368837373202198,0.04374439747021776,-0.143139246627639,0.13312077732628555,0.02401602764924367
AMP,781.0,LightGBM,bare,0.003,158,0.5686470323194475,0.024344979749002724,0.32001714609011717,0.05884183181634987,0.06425812498976786
AMP,781.0,LightGBM,bare,0.01,525,0.5439721355633457,0.007728558918859033,0.3784246155126271,0.01764537615288243,0.21077534727131328
AMP,781.0,LightGBM,bare,0.03,1576,0.505824091898463,0.00036579140038430836,0.4626203301712562,0.00077738398587776,0.35887540263744694
AMP,781.0,LightGBM,bare,0.1,5253,0.4774529075959624,0.004588836168551384,0.5211826392688409,0.00918284580314608,0.4044201663540055
AMP,781.0,LightGBM,bare,0.3,15759,0.4668385663719308,0.002405960667733215,0.5422554278344738,0.0047137915050324075,0.49069859739392996
AMP,781.0,LightGBM,bare,0.5,26266,0.4644270170332672,0.0012249838783615083,0.5469782787191289,0.002387979047828009,0.5311642222416898
AMP,781.0,LightGBM,bare,0.7,36772,0.46322762295602066,0.0004482280417976859,0.5493169455407815,0.00087228333925895,0.5369059587052712
AMP,781.0,LightGBM,bare,0.9,47278,0.4632294754268506,0.0006975986797377058,0.5493129408393256,0.001357653094453911,0.5497590697680911
AMP,781.0,LightGBM,bare,0.99,52006,0.46226808392295665,0.0004682885188014672,0.5511820927724532,0.0009093476183990987,0.5604620973269144
AMP,781.0,Linear (+ pairwise),pw,0.0003,16,0.7520516152426687,0.06084089285980651,-0.19307610006377848,0.19183968598082687,0.0005035973154008389
AMP,781.0,Linear (+ pairwise),pw,0.001,53,0.8125182951608415,0.037315596524406386,-0.3885406529571278,0.12741713507484478,0.0014887639942268531
AMP,781.0,Linear (+ pairwise),pw,0.003,158,2.308390719531381,0.40103778442511673,-10.417015913284983,3.8843802773486944,0.0021317085872093835
AMP,781.0,Linear (+ pairwise),pw,0.01,525,0.5807053359840885,0.005199005302945063,0.29170055802310096,0.012712297517021966,0.0026263889546195665
AMP,781.0,Linear (+ pairwise),pw,0.03,1576,0.5078620779880995,0.002976219974666163,0.4582691432025871,0.006356987534915934,0.004393139000361164
AMP,781.0,Linear (+ pairwise),pw,0.1,5253,0.4880675808180705,0.0009459521214420726,0.49968552292705426,0.0019385231389979322,0.011965652694925666
AMP,781.0,Linear (+ pairwise),pw,0.3,15759,0.4833548553543709,0.0010845331469534756,0.5093004176733172,0.0022006510580566893,0.03299843038742741
AMP,781.0,Linear (+ pairwise),pw,0.5,26266,0.4823139080454921,0.00029021656186249266,0.5114131934054295,0.0005879410707705479,0.0465820972652485
AMP,781.0,Linear (+ pairwise),pw,0.7,36772,0.48225690423988743,0.00022730401909703987,0.5115287225174968,0.00046044771763462187,0.05831904158306619
AMP,781.0,Linear (+ pairwise),pw,0.9,47278,0.48201387060089806,0.0000791388319968683,0.5120209927162162,0.00016024361422835922,0.07815706939436495
AMP,781.0,Linear (+ pairwise),pw,0.99,52006,0.4819359710766486,0.000049078532616349015,0.5121787124959964,0.00009935455753641628,0.08883205560656886
AMP,781.0,Linear (additive),bare,0.0003,16,1.4965832207620033,0.6254848647162015,-4.2519816199296505,4.236829347881782,0.0036538057029247284
AMP,781.0,Linear (additive),bare,0.001,53,0.7521563227640815,0.0987175043303217,-0.20186906868922508,0.32232314081655655,0.0002913610078394413
AMP,781.0,Linear (additive),bare,0.003,158,0.5999016511522796,0.015385393312021942,0.24380714593431266,0.038490076631544294,0.00032563872324923676
AMP,781.0,Linear (additive),bare,0.01,525,0.5691902785184887,0.001031275190296165,0.31954727433509356,0.0024644534701349467,0.0003599027016510566
AMP,781.0,Linear (additive),bare,0.03,1576,0.5610658286060023,0.00043716605474860263,0.3388349721792407,0.0010304459160517308,0.00047762497949103516
AMP,781.0,Linear (additive),bare,0.1,5253,0.5583897134311522,0.0005105987686106218,0.34512694712841796,0.0011974552370381105,0.0009594444030274948
AMP,781.0,Linear (additive),bare,0.3,15759,0.5576417987296124,0.00028683445398076295,0.34688031270963293,0.0006718314263537739,0.002029666599507133
AMP,781.0,Linear (additive),bare,0.5,26266,0.5572836424195707,0.00019361577954051236,0.3477190635424347,0.0004532291994858767,0.003192819577331344
AMP,781.0,Linear (additive),bare,0.7,36772,0.5571277670748805,0.0001051517340846904,0.34808394272526716,0.00024607065207481735,0.004416846980651219
AMP,781.0,Linear (additive),bare,0.9,47278,0.557108671465632,0.00007181220873938602,0.3481286391939076,0.00016806069975747997,0.005439680690566699
AMP,781.0,Linear (additive),bare,0.99,52006,0.557078765091736,0.000011013989012754502,0.34819863110122956,0.000025773549381404707,0.005602861056104302
AZT,36.0,Decision tree,bare,0.0003,16,0.5365057349509765,0.05265399570457878,-1.034922912360236,0.39502586534461914,0.0003868336013207833
AZT,36.0,Decision tree,bare,0.001,53,0.5898710161970545,0.1239864287360448,-1.5161725944604898,0.9986247825701083,0.00045847233074406785
AZT,36.0,Decision tree,bare,0.003,158,0.5345080718701579,0.03680318481294969,-1.0132532736145878,0.2709505065878628,0.0007155276834964752
AZT,36.0,Decision tree,bare,0.01,525,0.5293391521676505,0.02713275556345628,-0.9717301393177592,0.20185928979937914,0.0012298889923840761
AZT,36.0,Decision tree,bare,0.03,1576,0.4818119403203312,0.026457334686982605,-0.6339797847836111,0.17647483809899026,0.002698611312856277
AZT,36.0,Decision tree,bare,0.1,5253,0.4745899811919631,0.024602321901008622,-0.5850168855152348,0.1635458008892869,0.007780028041452169
AZT,36.0,Decision tree,bare,0.3,15759,0.435994167144699,0.01575900346794787,-0.3364689068213509,0.0964087105858823,0.02237234722512464
AZT,36.0,Decision tree,bare,0.5,26266,0.42605303677803513,0.0036189283929636776,-0.27516864635907345,0.021608811370257212,0.03672738862223923
AZT,36.0,Decision tree,bare,0.7,36772,0.430536799295999,0.0024433744775282447,-0.3021148362710366,0.014793760910591555,0.05022548596995572
AZT,36.0,Decision tree,bare,0.9,47278,0.426200596811682,0.0030956558378435815,-0.27603559144199535,0.018572366985718933,0.06464280560612679
AZT,36.0,Decision tree,bare,0.99,52006,0.42895490813940196,0.0037523899403735677,-0.29260206259056215,0.022620223978642176,0.06987824966199696
AZT,36.0,Lasso (+ pairwise),pw,0.0003,16,0.3785606927215445,0.001105987198298197,-0.006683413746710072,0.005879158275973932,0.013554694674288234
AZT,36.0,Lasso (+ pairwise),pw,0.001,53,0.383119387967554,0.004508663454701979,-0.031164048691531592,0.024185562051567387,0.045405111353223525
AZT,36.0,Lasso (+ pairwise),pw,0.003,158,0.37653978552530915,0.001955550769493192,0.004023806907837879,0.010331399201701213,0.7560715135963013
AZT,36.0,Lasso (+ pairwise),pw,0.01,525,0.3659710201630333,0.007810955114024617,0.058880724126191684,0.04033421351762054,0.05646141703861455
AZT,36.0,Lasso (+ pairwise),pw,0.03,1576,0.3489543298430003,0.003971666684219441,0.1445510572106149,0.019533991427044144,0.04448365303687751
AZT,36.0,Lasso (+ pairwise),pw,0.1,5253,0.33910289039541236,0.0020552978545010647,0.1922201312182873,0.009806149791698079,0.12013109726831317
AZT,36.0,Lasso (+ pairwise),pw,0.3,15759,0.33641064732436105,0.0006529265932495022,0.20501311781050302,0.0030841827120194863,0.29678470858683187
AZT,36.0,Lasso (+ pairwise),pw,0.5,26266,0.33559267582087166,0.0003814005527301098,0.20887569262967054,0.0017978303665837634,0.4678025417185078
AZT,36.0,Lasso (+ pairwise),pw,0.7,36772,0.3354849120449133,0.0002407335962315565,0.20938410389827802,0.0011345680160968095,0.5687623609943936
AZT,36.0,Lasso (+ pairwise),pw,0.9,47278,0.33508919351433536,0.00012357776215263241,0.21124833238400673,0.0005817282385274625,0.8850639720913023
AZT,36.0,Lasso (+ pairwise),pw,0.99,52006,0.3350703212876515,0.00006798018656390409,0.21133722475262098,0.0003199964322634163,0.9528112076222897
AZT,36.0,Lasso (additive),bare,0.0003,16,0.3780193655496589,0.0007538790502270482,-0.0038033849558803587,0.004004793698859555,0.013578361443554362
AZT,36.0,Lasso (additive),bare,0.001,53,0.3848918179093175,0.012276114987089222,-0.041336760976927144,0.06699277883369059,0.014189417008310556
AZT,36.0,Lasso (additive),bare,0.003,158,0.37679397466319003,0.001523278802746719,0.0026857206128727182,0.008056179199725783,0.013333305638904372
AZT,36.0,Lasso (additive),bare,0.01,525,0.36950702241561073,0.006987161026343933,0.040669365325165664,0.03607776822242167,0.013212638984744748
AZT,36.0,Lasso (additive),bare,0.03,1576,0.3608050708616774,0.0016190065395453432,0.08552781257895947,0.008216376400816752,0.014115249970927835
AZT,36.0,Lasso (additive),bare,0.1,5253,0.3599166976036326,0.0004041698975934425,0.09003694024837705,0.002043223146115024,0.017821527707080047
AZT,36.0,Lasso (additive),bare,0.3,15759,0.3592210098391062,0.00041369884759017084,0.0935512604002298,0.002088307254551167,0.020487847349916894
AZT,36.0,Lasso (additive),bare,0.5,26266,0.3591574808988298,0.00020915955272066676,0.09387244285676821,0.0010555511999409378,0.030448263976722956
AZT,36.0,Lasso (additive),bare,0.7,36772,0.35919227576310897,0.00009048714262461621,0.09369703122120532,0.0004566231271569116,0.03084945826170345
AZT,36.0,Lasso (additive),bare,0.9,47278,0.35908753353842116,0.0000679972470830992,0.09422553558275819,0.0003430455579484183,0.031577624613419175
AZT,36.0,Lasso (additive),bare,0.99,52006,0.3591145324106589,0.000012265371751982727,0.09408934568799514,0.00006188139027248576,0.03328612493351102
AZT,36.0,LightGBM,bare,0.0003,16,0.37801936474455355,0.000753878374385979,-0.00380338067532023,0.004004790100999763,0.005343861257036527
AZT,36.0,LightGBM,bare,0.001,53,0.3984714940841316,0.01141596897752547,-0.11596738068219999,0.06437607601221175,0.025573458444948
AZT,36.0,LightGBM,bare,0.003,158,0.3838886011626606,0.010724319019591328,-0.035751894680154495,0.05740535024762085,0.0749755275901407
AZT,36.0,LightGBM,bare,0.01,525,0.3667589758353804,0.0026915697570162734,0.05507682098337363,0.013881696788790376,0.23016759698900083
AZT,36.0,LightGBM,bare,0.03,1576,0.3354502360924681,0.001922985746786939,0.2095304866978429,0.009047694867453795,0.3733632364310324
AZT,36.0,LightGBM,bare,0.1,5253,0.3151411467486816,0.0006654825456720319,0.3023607288463886,0.0029481512360024446,0.39546938869170845
AZT,36.0,LightGBM,bare,0.3,15759,0.2998837475127953,0.0014502332120088627,0.3682692217299719,0.0061046170352610256,0.43555106967687607
AZT,36.0,LightGBM,bare,0.5,26266,0.29472163230098225,0.00009356683051309862,0.38984037923340065,0.00038743097842704947,0.49326322227716446
AZT,36.0,LightGBM,bare,0.7,36772,0.29373040101369097,0.0003639968947292004,0.39393717252079163,0.0015016098401289671,0.5131103332775334
AZT,36.0,LightGBM,bare,0.9,47278,0.291503079862329,0.0005895445243885548,0.4030927056561306,0.0024137442537160705,0.5290634169553717
AZT,36.0,LightGBM,bare,0.99,52006,0.2906215802213468,0.0001816545087843005,0.4066987826368124,0.0007417284443817424,0.5206675977290919
AZT,36.0,Linear (+ pairwise),pw,0.0003,16,0.41127354538184163,0.0029162739099537144,-0.1882163222562411,0.016843199732956258,0.0003655275795608759
AZT,36.0,Linear (+ pairwise),pw,0.001,53,0.5315992339336112,0.08670126950508862,-1.0203290503044438,0.6249505046712266,0.0005580415794004997
AZT,36.0,Linear (+ pairwise),pw,0.003,158,1.5990410831667212,0.3435838704213273,-17.514169196470462,7.3223482031571425,0.001510180610542496
AZT,36.0,Linear (+ pairwise),pw,0.01,525,0.4017425712434493,0.01607914574801419,-0.13495504792506666,0.09163416680039863,0.002546722379823526
AZT,36.0,Linear (+ pairwise),pw,0.03,1576,0.35450182069464037,0.0033571944967505794,0.11715936978322157,0.016765996905978752,0.004364972468465567
AZT,36.0,Linear (+ pairwise),pw,0.1,5253,0.3401197046525714,0.0020995870506330455,0.18736780160422026,0.010050374399581284,0.012134944709638754
AZT,36.0,Linear (+ pairwise),pw,0.3,15759,0.3366773266778586,0.0006115547102630082,0.20375246283799286,0.002891171998743635,0.03132016692931453
AZT,36.0,Linear (+ pairwise),pw,0.5,26266,0.3357240458860862,0.0003622922945848549,0.20825625635953904,0.0017085004478782993,0.0450928610128661
AZT,36.0,Linear (+ pairwise),pw,0.7,36772,0.3356030703801967,0.00019866964986903145,0.20882718014756355,0.0009366782310990315,0.05818948630864421
AZT,36.0,Linear (+ pairwise),pw,0.9,47278,0.3351725886198604,0.00012512036217414356,0.21085568165037058,0.000589132801436415,0.07966693063887458
AZT,36.0,Linear (+ pairwise),pw,0.99,52006,0.3351472102000807,0.00007376374941873131,0.21097522896713441,0.0003472972914762499,0.08767349971458316
AZT,36.0,Linear (additive),bare,0.0003,16,0.9574529663663508,0.14891863322379642,-5.543386702117889,1.9244527988775006,0.00032386168216665584
AZT,36.0,Linear (additive),bare,0.001,53,0.4439222440509522,0.023585816616076807,-0.38691470255855814,0.1449901761307648,0.0002846942904094855
AZT,36.0,Linear (additive),bare,0.003,158,0.37592001563608596,0.005057898931889854,0.007197831705783327,0.026614648724468747,0.0003165693487972021
AZT,36.0,Linear (additive),bare,0.01,525,0.3664496887216197,0.00621849471935397,0.05652263024264378,0.03209822295286142,0.0003476669080555439
AZT,36.0,Linear (additive),bare,0.03,1576,0.3609303368921409,0.0015452177170169718,0.08489382263625274,0.007843934015636702,0.000498597277328372
AZT,36.0,Linear (additive),bare,0.1,5253,0.35996273111212207,0.00040966396236232313,0.08980413524511759,0.002071337918901814,0.0009304443374276161
AZT,36.0,Linear (additive),bare,0.3,15759,0.35922803296849576,0.00041598088775442914,0.09351580726266968,0.0020998732275985177,0.002061152753109733
AZT,36.0,Linear (additive),bare,0.5,26266,0.3591618188111548,0.00020983660202430655,0.0938505529420391,0.0010589813778316924,0.0034049166521678367
AZT,36.0,Linear (additive),bare,0.7,36772,0.3591966757204948,0.00009096044671238123,0.0936748270080563,0.00045901646621552135,0.004267625045031309
AZT,36.0,Linear (additive),bare,0.9,47278,0.3590904141423274,0.00006823280163053475,0.09421100311030502,0.00034423682013349566,0.005424360977485776
AZT,36.0,Linear (additive),bare,0.99,52006,0.3591176253117714,0.000012289262693151955,0.09407374116980131,0.00006200244573126928,0.005608763623361786
