mut_i,mut_j,full_mean_fitness,clean_mean_fitness,delta_clean_minus_full
WT,WT,2.3007079621655824,2.4409971919542284,0.140289229788646
WT,L21P,2.1875322526688814,2.440311735007708,0.2527794823388265
WT,Q39K,2.2781232551759882,2.4597827472386142,0.181659492062626
WT,M69L,2.2702442017630307,2.412133525230005,0.14188932346697447
WT,M69V,2.171801333207227,2.327337214184786,0.15553588097755888
WT,E104K,2.274526090794944,2.4155797856833656,0.1410536948884218
WT,R164H,2.312933270207442,2.4514788821843583,0.1385456119769164
WT,R164N,2.2779056508051894,2.3916626764776545,0.11375702567246515
WT,R164S,2.2515611946201948,2.3796509715739322,0.12808977695373747
WT,M182T,2.209491918173163,2.405506674501795,0.19601475632863163
WT,A237T,2.151411581681095,2.287316074246052,0.1359044925649573
WT,G238S,2.2072232948177675,2.3431898156849718,0.1359665208672043
WT,E240K,2.3155888990663436,2.44861240568197,0.13302350661562645
WT,R244C,2.0598550700732976,2.20836435277043,0.1485092826971326
WT,R244S,2.102021778650567,2.2240777161530754,0.12205593750250854
WT,T265M,2.269263448947627,2.4280960675732657,0.15883261862563858
WT,R275L,2.2935806554102904,2.4530104635012546,0.1594298080909642
WT,R275Q,2.2040976585764818,2.336795426616005,0.13269776803952338
WT,N276D,2.2652114720795318,2.3938220233056757,0.12861055122614395
L21P,L21P,2.1875322526688814,2.440311735007708,0.2527794823388265
L21P,Q39K,2.129616445310728,2.459714547613624,0.3300981023028964
L21P,M69L,2.1474460950494993,2.410271105140134,0.26282501009063486
L21P,M69V,2.081259915096232,2.360912193494127,0.27965227839789497
L21P,E104K,2.1655672365718974,2.415088487022353,0.2495212504504556
L21P,R164H,2.220026856157015,2.456551445599479,0.2365245894424639
L21P,R164N,2.17859910298696,2.3860413289693048,0.20744222598234474
L21P,R164S,2.1465815036146245,2.386569528243733,0.2399880246291084
L21P,M182T,2.0248222770428708,2.3877115918092264,0.36288931476635566
L21P,A237T,2.062734742501566,2.314835418687298,0.2521006761857323
L21P,G238S,2.115174968747498,2.360439809613287,0.24526484086578915
L21P,E240K,2.20415316419245,2.4421905776260293,0.2380374134335792
L21P,R244C,1.9802565752990964,2.2556377040149864,0.27538112871589004
L21P,R244S,2.0159149149069346,2.2532754980618885,0.2373605831549539
L21P,T265M,2.141538816270906,2.432864342799261,0.29132552652835475
L21P,R275L,2.162487477324406,2.4444392930886756,0.28195181576426975
L21P,R275Q,2.10313066096394,2.3499027591177053,0.2467720981537651
L21P,N276D,2.1583595974418426,2.3898201802820775,0.23146058284023496
Q39K,Q39K,2.2781232551759882,2.4597827472386142,0.181659492062626
Q39K,M69L,2.2444623649641584,2.430333905358515,0.1858715403943565
Q39K,M69V,2.148089270743058,2.343792425624777,0.19570315488171897
Q39K,E104K,2.2526471791902525,2.434818031016122,0.18217085182586956
Q39K,R164H,2.2878740603207515,2.4658788818065007,0.17800482148574925
Q39K,R164N,2.259093518618383,2.4090829868232606,0.14998946820487769
Q39K,R164S,2.23114243267081,2.400917468261183,0.16977503559037288
Q39K,M182T,2.1719568367909807,2.4317438960970663,0.2597870593060856
Q39K,A237T,2.126175211707852,2.3021645049682258,0.1759892932603737
Q39K,G238S,2.184263429334258,2.358203083886694,0.1739396545524361
Q39K,E240K,2.293973677221341,2.469021331808752,0.17504765458741112
Q39K,R244C,2.028460636540797,2.2151727352974317,0.18671209875663486
Q39K,R244S,2.075274087384273,2.2352794983387447,0.16000541095447174
Q39K,T265M,2.2430188515612706,2.4475721292892247,0.20455327772795417
Q39K,R275L,2.2666503871284682,2.4725599086596395,0.20590952153117126
Q39K,R275Q,2.1800504358513573,2.3538232859206687,0.17377285006931142
Q39K,N276D,2.241985766879915,2.4100440080349284,0.16805824115501355
M69L,M69L,2.2702442017630307,2.412133525230005,0.14188932346697447
M69L,E104K,2.240194589156125,2.38189304112233,0.14169845196620479
M69L,R164H,2.2793843455926046,2.415321792342147,0.13593744674954245
M69L,R164N,2.25190422777416,2.36847390358382,0.11656967580965993
M69L,R164S,2.227562825113022,2.359706104189488,0.13214327907646561
M69L,M182T,2.178554544990454,2.384510146287207,0.20595560129675272
M69L,A237T,2.118107184443276,2.2546728546748525,0.1365656702315765
M69L,G238S,2.190890820422656,2.322329013265284,0.1314381928426278
M69L,E240K,2.2833305815585345,2.4150185308988803,0.13168794934034578
M69L,R244C,2.0429635722704558,2.194919731955412,0.15195615968495613
M69L,R244S,2.087655929607877,2.2240101635914264,0.1363542339835493
M69L,T265M,2.2405264960740734,2.4085205654196353,0.16799406934556194
M69L,R275L,2.2671194528690846,2.4299802745883237,0.1628608217192391
M69L,R275Q,2.1766054528045697,2.3120242042655876,0.1354187514610179
M69L,N276D,2.2298551204938013,2.359809658620768,0.12995453812696667
M69V,M69V,2.171801333207227,2.327337214184786,0.15553588097755888
M69V,E104K,2.157069139585092,2.3177664325445604,0.16069729295946855
M69V,R164H,2.1818839371788616,2.3435666458901188,0.16168270871125712
M69V,R164N,2.1489776761428954,2.279031057562936,0.13005338142004064
M69V,R164S,2.1339513825871594,2.2723902814994985,0.13843889891233907
M69V,M182T,2.105442261729266,2.3131673966683723,0.2077251349391065
M69V,A237T,2.072096677615945,2.2262960263021667,0.15419934868622187
M69V,G238S,2.084404910793906,2.2358822832164345,0.15147737242252823
M69V,E240K,2.175211526709118,2.3282545324809254,0.1530430057718073
M69V,R244C,2.0240913555453433,2.2032328449582828,0.1791414894129395
M69V,R244S,2.055439753576663,2.1880675040809017,0.13262775050423858
M69V,T265M,2.143403040149,2.3130592545406095,0.1696562143916096
M69V,R275L,2.1674241630421336,2.34044269653121,0.17301853348907636
M69V,R275Q,2.0870705922963206,2.233026335315668,0.14595574301934722
M69V,N276D,2.1577455697847916,2.2959400765979847,0.13819450681319312
E104K,E104K,2.274526090794944,2.4155797856833656,0.1410536948884218
E104K,R164H,2.2853209948681577,2.4238003977230003,0.13847940285484261
E104K,R164N,2.2413302624250964,2.35739535237033,0.11606508994523379
E104K,R164S,2.218010390588127,2.3494093616198213,0.13139897103169407
E104K,M182T,2.1941700891731712,2.3862312166857302,0.192061127512559
E104K,A237T,2.133347744248061,2.2713788102660812,0.13803106601802018
E104K,G238S,2.1812297265252023,2.319761642062166,0.13853191553696353
E104K,E240K,2.2990986334335357,2.4328954080755296,0.1337967746419939
E104K,R244C,2.0541175957437363,2.2108325001129643,0.15671490436922797
E104K,R244S,2.099577096299797,2.217707489661023,0.1181303933612261
E104K,T265M,2.239971817168107,2.401761774223116,0.16178995705500876
E104K,R275L,2.2634531869221006,2.4289040277161127,0.16545084079401207
E104K,R275Q,2.184167068650252,2.31646185796167,0.13229478931141792
E104K,N276D,2.249633710261471,2.376315886498154,0.12668217623668276
R164H,R164H,2.312933270207442,2.4514788821843583,0.1385456119769164
R164H,M182T,2.237509538815344,2.4229852118299364,0.18547567301459233
R164H,A237T,2.163769759639802,2.2988486753775,0.13507891573769815
R164H,G238S,2.185582605233778,2.325929562416383,0.14034695718260526
R164H,E240K,2.3318850164461895,2.469640932277815,0.1377559158316255
R164H,R244C,2.06124082763678,2.2188934803721128,0.15765265273533258
R164H,R244S,2.1215069460336107,2.2292649020293225,0.10775795599571181
R164H,T265M,2.284634354732806,2.4379927780605484,0.15335842332774252
R164H,R275L,2.312173781483641,2.463713444380929,0.15153966289728826
R164H,R275Q,2.210907062669068,2.3420058609992145,0.1310987983301466
R164H,N276D,2.2812992487629926,2.408318135895309,0.12701888713231657
R164N,R164N,2.2779056508051894,2.3916626764776545,0.11375702567246515
R164N,M182T,2.191343756774537,2.352165167414641,0.16082141064010402
R164N,A237T,2.1463924390226605,2.258778432681181,0.11238599365852053
R164N,G238S,2.182436834571704,2.298693506527734,0.11625667195603029
R164N,E240K,2.2892552003207554,2.3945264357082454,0.10527123538749006
R164N,R244C,2.0627831081044956,2.1789569090172787,0.11617380091278307
R164N,R244S,2.0907548491464336,2.1914506567279903,0.10069580758155672
R164N,T265M,2.242918310460132,2.380191705431398,0.13727339497126634
R164N,R275L,2.284083522749294,2.4112534581565646,0.12716993540727062
R164N,R275Q,2.1794764438629954,2.290686036275597,0.11120959241260175
R164N,N276D,2.244614862412963,2.3473835376758805,0.10276867526291733
R164S,R164S,2.2515611946201948,2.3796509715739322,0.12808977695373747
R164S,M182T,2.1682332292724324,2.350539689408558,0.18230646013612573
R164S,A237T,2.128309528374625,2.251647650589041,0.12333812221441587
R164S,G238S,2.1623085985174364,2.2887111605771047,0.12640256205966827
R164S,E240K,2.263277941921155,2.3833030041066796,0.12002506218552478
R164S,R244C,2.058004121528314,2.1870992692142335,0.12909514768591945
R164S,R244S,2.085040917604788,2.1962995518743527,0.11125863426956473
R164S,T265M,2.21142087835829,2.3589286572880757,0.14750777892978562
R164S,R275L,2.2487656955721147,2.3970908748404467,0.148325179268332
R164S,R275Q,2.1617071262281917,2.283625565466291,0.1219184392380992
R164S,N276D,2.2275990362781917,2.3410912858621202,0.11349224958392856
M182T,M182T,2.209491918173163,2.405506674501795,0.19601475632863163
M182T,A237T,2.076946799188025,2.265816753869112,0.18886995468108703
M182T,G238S,2.1285035203198914,2.314365963914557,0.18586244359466564
M182T,E240K,2.2255809660156625,2.4084909339350498,0.1829099679193873
M182T,R244C,2.002521591035103,2.2048825220728356,0.20236093103773278
M182T,R244S,2.0300669867222902,2.2176549752831454,0.18758798856085512
M182T,T265M,2.1709048874753853,2.392412222737832,0.2215073352624466
M182T,R275L,2.190725849363112,2.40829201357533,0.2175661642122182
M182T,R275Q,2.1189436736921996,2.3117513501059537,0.19280767641375407
M182T,N276D,2.1834640079598504,2.3606330303770764,0.17716902241722599
A237T,A237T,2.151411581681095,2.287316074246052,0.1359044925649573
A237T,G238S,2.0823213080092766,2.2146924979999087,0.13237118999063213
A237T,E240K,2.1618384819331715,2.28981676956806,0.1279782876348885
A237T,R244C,2.030796446434915,2.19163328448888,0.1608368380539651
A237T,R244S,2.0697625320089488,2.198381958617618,0.12861942660866932
A237T,T265M,2.1364969603455726,2.2894461427360797,0.15294918239050714
A237T,R275L,2.1345168976058537,2.2833597385215967,0.14884284091574296
A237T,R275Q,2.098345496941443,2.231353949950397,0.13300845300895414
A237T,N276D,2.133419722923714,2.258044073774547,0.12462435085083268
G238S,G238S,2.2072232948177675,2.3431898156849718,0.1359665208672043
G238S,E240K,2.233029266407876,2.3537957782052046,0.12076651179732867
G238S,R244C,2.055046023090801,2.204293937557689,0.1492479144668879
G238S,R244S,2.084508340671177,2.207803295630188,0.123294954959011
G238S,T265M,2.1862220216697845,2.3374263566985807,0.15120433502879616
G238S,R275L,2.208837395225485,2.369054060384601,0.16021666515911592
G238S,R275Q,2.1388021402853337,2.26451363362645,0.1257114933411163
G238S,N276D,2.186504065921198,2.3093563094858074,0.12285224356460933
E240K,E240K,2.3155888990663436,2.44861240568197,0.13302350661562645
E240K,R244C,2.05737522837928,2.204105316680535,0.146730088301255
E240K,R244S,2.1152113478263175,2.2261551991877635,0.11094385136144602
E240K,T265M,2.2866629291409684,2.434077100897274,0.14741417175630556
E240K,R275L,2.312849607900659,2.4656282475914444,0.1527786396907853
E240K,R275Q,2.2219152741427126,2.3483002227289638,0.12638494858625116
E240K,N276D,2.2787670889851452,2.3998012644399402,0.121034175454795
R244C,R244C,2.0598550700732976,2.20836435277043,0.1485092826971326
R244C,T265M,2.037837642254763,2.208692301281512,0.170854659026749
R244C,R275L,2.0317831232236765,2.214034183108628,0.1822510598849516
R244C,R275Q,2.055851348611409,2.1818267986051785,0.1259754499937693
R244C,N276D,2.055814875882973,2.1903790162891106,0.1345641404061375
R244S,R244S,2.102021778650567,2.2240777161530754,0.12205593750250854
R244S,T265M,2.093045665908056,2.228119469585208,0.13507380367715216
R244S,R275L,2.0593545712990897,2.188455413183939,0.12910084188484916
R244S,R275Q,2.046704417213975,2.1737466915118673,0.12704227429789228
R244S,N276D,2.0626028900632587,2.174468300516282,0.11186541045302345
T265M,T265M,2.269263448947627,2.4280960675732657,0.15883261862563858
T265M,R275L,2.279511210592924,2.4532131687497345,0.17370195815681067
T265M,R275Q,2.149447391497464,2.3070232593503954,0.15757586785293132
T265M,N276D,2.2394174793119244,2.388568635039066,0.14915115572714166
R275L,R275L,2.2935806554102904,2.4530104635012546,0.1594298080909642
R275L,N276D,2.2577081279653175,2.402027593327847,0.1443194653625297
R275Q,R275Q,2.2040976585764818,2.336795426616005,0.13269776803952338
R275Q,N276D,2.203202707871688,2.312639920537982,0.10943721266629414
N276D,N276D,2.2652114720795318,2.3938220233056757,0.12861055122614395
