mutation,mean_abs_shap_full,mean_abs_shap_clean,rank_full,rank_clean
L21P,0.11183997387760597,0.03485723490234477,4,11
Q39K,0.022222165632716683,0.01056928188297106,15,17
M69L,0.0640591950757011,0.05688956334856897,9,7
M69V,0.09936892285247578,0.08854156215832375,6,5
E104K,0.02581269354666273,0.024549449562421947,14,14
R164H,0.013757163244544086,0.020648864425677493,18,15
R164N,0.020593642769139636,0.03418616096323652,16,12
R164S,0.029179821478891532,0.036538158401462434,13,10
M182T,0.09280029046064771,0.04232548651623448,7,9
A237T,0.15927257602562042,0.15710233780552735,3,3
G238S,0.10042547808295371,0.09938597901147911,5,4
E240K,0.014041425497631993,0.009158919844180023,17,18
R244C,0.20220567581385424,0.1894721453681075,2,2
R244S,0.21697124689455297,0.2066423150289486,1,1
T265M,0.03045119408025103,0.01606161483124218,12,16
R275L,0.03642842534749641,0.026998336366463392,11,13
R275Q,0.07314901022687602,0.07344745097419601,8,6
N276D,0.037113492894067554,0.04318645844193759,10,8
