drug,concentration,mut_i,mut_j,biochemical_epistasis
AMP,3.1,WT,L21P,-0.197265625
AMP,3.1,WT,Q39K,-0.140380859375
AMP,3.1,WT,M69L,-0.119140625
AMP,3.1,WT,M69V,-0.115234375
AMP,3.1,WT,E104K,-0.00585174560546875
AMP,3.1,WT,R164H,-0.060516357421875
AMP,3.1,WT,R164N,-0.09954833984375
AMP,3.1,WT,R164S,-0.1287841796875
AMP,3.1,WT,M182T,-0.134521484375
AMP,3.1,WT,A237T,-0.12481689453125
AMP,3.1,WT,G238S,0.0897216796875
AMP,3.1,WT,E240K,-0.136474609375
AMP,3.1,WT,R244C,0.021484375
AMP,3.1,WT,R244S,-0.224609375
AMP,3.1,WT,T265M,-0.12481689453125
AMP,3.1,WT,R275L,-0.083984375
AMP,3.1,WT,R275Q,-0.19140625
AMP,3.1,WT,N276D,-0.1640625
AMP,3.1,L21P,Q39K,-0.0216064453125
AMP,3.1,L21P,M69L,0.009765625
AMP,3.1,L21P,M69V,0.08984375
AMP,3.1,L21P,E104K,0.09954833984375
AMP,3.1,L21P,R164H,0.2225341796875
AMP,3.1,L21P,R164N,0.310302734375
AMP,3.1,L21P,R164S,0.347412109375
AMP,3.1,L21P,M182T,0.220458984375
AMP,3.1,L21P,A237T,0.312255859375
AMP,3.1,L21P,G238S,0.09759521484375
AMP,3.1,L21P,E240K,0.1951904296875
AMP,3.1,L21P,R244C,-0.03125
AMP,3.1,L21P,R244S,0.28125
AMP,3.1,L21P,T265M,0.060546875
AMP,3.1,L21P,R275L,0.060546875
AMP,3.1,L21P,R275Q,0.1953125
AMP,3.1,L21P,N276D,0.2147216796875
AMP,3.1,Q39K,M69L,0.15625
AMP,3.1,Q39K,M69V,0.087890625
AMP,3.1,Q39K,E104K,0.1619873046875
AMP,3.1,Q39K,R164H,0.1697998046875
AMP,3.1,Q39K,R164N,0.2127685546875
AMP,3.1,Q39K,R164S,0.1932373046875
AMP,3.1,Q39K,M182T,0.349365234375
AMP,3.1,Q39K,A237T,0.1444091796875
AMP,3.1,Q39K,G238S,0.039031982421875
AMP,3.1,Q39K,E240K,0.1639404296875
AMP,3.1,Q39K,R244C,-0.005859375
AMP,3.1,Q39K,R244S,0.263671875
AMP,3.1,Q39K,T265M,0.1990966796875
AMP,3.1,Q39K,R275L,0.11328125
AMP,3.1,Q39K,R275Q,0.263671875
AMP,3.1,Q39K,N276D,0.1502685546875
AMP,3.1,M69L,E104K,0.181640625
AMP,3.1,M69L,R164H,0.134765625
AMP,3.1,M69L,R164N,0.2109375
AMP,3.1,M69L,R164S,0.228515625
AMP,3.1,M69L,M182T,0.095703125
AMP,3.1,M69L,A237T,0.08203125
AMP,3.1,M69L,G238S,-0.02734375
AMP,3.1,M69L,E240K,0.212890625
AMP,3.1,M69L,R244C,-0.0390625
AMP,3.1,M69L,R244S,0.29296875
AMP,3.1,M69L,T265M,0.18359375
AMP,3.1,M69L,R275L,0.13671875
AMP,3.1,M69L,R275Q,0.193359375
AMP,3.1,M69L,N276D,0.048828125
AMP,3.1,M69V,E104K,0.01953125
AMP,3.1,M69V,R164H,-0.0078125
AMP,3.1,M69V,R164N,0.09765625
AMP,3.1,M69V,R164S,0.1328125
AMP,3.1,M69V,M182T,0.220703125
AMP,3.1,M69V,A237T,0.171875
AMP,3.1,M69V,G238S,-0.169921875
AMP,3.1,M69V,E240K,0.291015625
AMP,3.1,M69V,R244C,0.099609375
AMP,3.1,M69V,R244S,0.171875
AMP,3.1,M69V,T265M,0.099609375
AMP,3.1,M69V,R275L,0.08984375
AMP,3.1,M69V,R275Q,0.240234375
AMP,3.1,M69V,N276D,0.13671875
AMP,3.1,E104K,R164H,-0.09173583984375
AMP,3.1,E104K,R164N,0.058563232421875
AMP,3.1,E104K,R164S,0.0273284912109375
AMP,3.1,E104K,M182T,-0.062469482421875
AMP,3.1,E104K,A237T,0.0312347412109375
AMP,3.1,E104K,G238S,-0.01561737060546875
AMP,3.1,E104K,E240K,0.1756591796875
AMP,3.1,E104K,R244C,-0.060546875
AMP,3.1,E104K,R244S,0.103515625
AMP,3.1,E104K,T265M,0.046844482421875
AMP,3.1,E104K,R275L,-0.11328125
AMP,3.1,E104K,R275Q,-0.0078125
AMP,3.1,E104K,N276D,0.1502685546875
AMP,3.1,R164H,M182T,0.1541748046875
AMP,3.1,R164H,A237T,0.10150146484375
AMP,3.1,R164H,G238S,-0.01561737060546875
AMP,3.1,R164H,E240K,0.11517333984375
AMP,3.1,R164H,R244C,-0.03515625
AMP,3.1,R164H,R244S,0.240234375
AMP,3.1,R164H,T265M,0.2244873046875
AMP,3.1,R164H,R275L,0.05078125
AMP,3.1,R164H,R275Q,0.25
AMP,3.1,R164H,N276D,0.1737060546875
AMP,3.1,R164N,M182T,0.1697998046875
AMP,3.1,R164N,A237T,0.1932373046875
AMP,3.1,R164N,G238S,-0.1951904296875
AMP,3.1,R164N,E240K,0.09368896484375
AMP,3.1,R164N,R244C,0.00390625
AMP,3.1,R164N,R244S,0.205078125
AMP,3.1,R164N,T265M,0.1444091796875
AMP,3.1,R164N,R275L,0.05859375
AMP,3.1,R164N,R275Q,0.17578125
AMP,3.1,R164N,N276D,0.12103271484375
AMP,3.1,R164S,M182T,0.2088623046875
AMP,3.1,R164S,A237T,0.1307373046875
AMP,3.1,R164S,G238S,-0.050750732421875
AMP,3.1,R164S,E240K,0.259521484375
AMP,3.1,R164S,R244C,0.10546875
AMP,3.1,R164S,R244S,0.41796875
AMP,3.1,R164S,T265M,0.1697998046875
AMP,3.1,R164S,R275L,0.076171875
AMP,3.1,R164S,R275Q,0.16796875
AMP,3.1,R164S,N276D,0.1932373046875
AMP,3.1,M182T,A237T,0.1717529296875
AMP,3.1,M182T,G238S,-0.01561737060546875
AMP,3.1,M182T,E240K,0.0312347412109375
AMP,3.1,M182T,R244C,0.0234375
AMP,3.1,M182T,R244S,0.330078125
AMP,3.1,M182T,T265M,0.1541748046875
AMP,3.1,M182T,R275L,0.08203125
AMP,3.1,M182T,R275Q,0.185546875
AMP,3.1,M182T,N276D,0.11907958984375
AMP,3.1,A237T,G238S,-0.279052734375
AMP,3.1,A237T,E240K,0.2498779296875
AMP,3.1,A237T,R244C,-0.068359375
AMP,3.1,A237T,R244S,0.255859375
AMP,3.1,A237T,T265M,0.302490234375
AMP,3.1,A237T,R275L,0.03515625
AMP,3.1,A237T,R275Q,0.216796875
AMP,3.1,A237T,N276D,0.1287841796875
AMP,3.1,G238S,E240K,0.062469482421875
AMP,3.1,G238S,R244C,-0.078125
AMP,3.1,G238S,R244S,-0.041015625
AMP,3.1,G238S,T265M,-0.050750732421875
AMP,3.1,G238S,R275L,-0.06640625
AMP,3.1,G238S,R275Q,-0.03125
AMP,3.1,G238S,N276D,0.12103271484375
AMP,3.1,E240K,R244C,0.1484375
AMP,3.1,E240K,R244S,0.357421875
AMP,3.1,E240K,T265M,0.257568359375
AMP,3.1,E240K,R275L,0.0625
AMP,3.1,E240K,R275Q,0.18359375
AMP,3.1,E240K,N276D,0.1424560546875
AMP,3.1,R244C,T265M,0.009765625
AMP,3.1,R244C,R275L,-0.072265625
AMP,3.1,R244C,R275Q,0.171875
AMP,3.1,R244C,N276D,0.0625
AMP,3.1,R244S,T265M,0.291015625
AMP,3.1,R244S,R275L,0.267578125
AMP,3.1,R244S,R275Q,0.3671875
AMP,3.1,R244S,N276D,0.353515625
AMP,3.1,T265M,R275L,0.21484375
AMP,3.1,T265M,R275Q,0.26953125
AMP,3.1,T265M,N276D,0.1463623046875
AMP,3.1,R275L,N276D,0.1484375
AMP,3.1,R275Q,N276D,0.2421875
AMP,12.2,WT,L21P,-0.154296875
AMP,12.2,WT,Q39K,0.0019502639770507812
AMP,12.2,WT,M69L,-0.04296875
AMP,12.2,WT,M69V,-0.087890625
AMP,12.2,WT,E104K,0.0682373046875
AMP,12.2,WT,R164H,0.0253753662109375
AMP,12.2,WT,R164N,0.062469482421875
AMP,12.2,WT,R164S,0.0195159912109375
AMP,12.2,WT,M182T,-0.04876708984375
AMP,12.2,WT,A237T,-0.134521484375
AMP,12.2,WT,G238S,0.11114501953125
AMP,12.2,WT,E240K,0.03314208984375
AMP,12.2,WT,R244C,0.0234375
AMP,12.2,WT,R244S,-0.078125
AMP,12.2,WT,T265M,-0.159912109375
AMP,12.2,WT,R275L,0.0234375
AMP,12.2,WT,R275Q,-0.029296875
AMP,12.2,WT,N276D,-0.126953125
AMP,12.2,L21P,Q39K,0.0078125
AMP,12.2,L21P,M69L,-0.095703125
AMP,12.2,L21P,M69V,0.037109375
AMP,12.2,L21P,E104K,0.03125
AMP,12.2,L21P,R164H,0.08978271484375
AMP,12.2,L21P,R164N,0.261474609375
AMP,12.2,L21P,R164S,0.245849609375
AMP,12.2,L21P,M182T,0.2069091796875
AMP,12.2,L21P,A237T,0.329833984375
AMP,12.2,L21P,G238S,-0.017578125
AMP,12.2,L21P,E240K,0.01953125
AMP,12.2,L21P,R244C,0.021484375
AMP,12.2,L21P,R244S,0.095703125
AMP,12.2,L21P,T265M,0.273193359375
AMP,12.2,L21P,R275L,0.033203125
AMP,12.2,L21P,R275Q,-0.09375
AMP,12.2,L21P,N276D,0.1268310546875
AMP,12.2,Q39K,M69L,-0.01171875
AMP,12.2,Q39K,M69V,0.00390625
AMP,12.2,Q39K,E104K,0.037078857421875
AMP,12.2,Q39K,R164H,-0.06634521484375
AMP,12.2,Q39K,R164N,-0.1522216796875
AMP,12.2,Q39K,R164S,-0.0175628662109375
AMP,12.2,Q39K,M182T,0.1346435546875
AMP,12.2,Q39K,A237T,0.056610107421875
AMP,12.2,Q39K,G238S,-0.09368896484375
AMP,12.2,Q39K,E240K,-0.09173583984375
AMP,12.2,Q39K,R244C,-0.04296875
AMP,12.2,Q39K,R244S,0.033203125
AMP,12.2,Q39K,T265M,0.1346435546875
AMP,12.2,Q39K,R275L,-0.09375
AMP,12.2,Q39K,R275Q,-0.0703125
AMP,12.2,Q39K,N276D,0.044891357421875
AMP,12.2,M69L,E104K,-0.013671875
AMP,12.2,M69L,R164H,0.130859375
AMP,12.2,M69L,R164N,0.03515625
AMP,12.2,M69L,R164S,0.048828125
AMP,12.2,M69L,M182T,0.107421875
AMP,12.2,M69L,A237T,-0.005859375
AMP,12.2,M69L,G238S,-0.05078125
AMP,12.2,M69L,E240K,0.03125
AMP,12.2,M69L,R244C,0.087890625
AMP,12.2,M69L,R244S,0.1640625
AMP,12.2,M69L,T265M,0.166015625
AMP,12.2,M69L,R275L,-0.046875
AMP,12.2,M69L,R275Q,-0.103515625
AMP,12.2,M69L,N276D,0.083984375
AMP,12.2,M69V,E104K,-0.087890625
AMP,12.2,M69V,R164H,-0.01953125
AMP,12.2,M69V,R164N,0.0546875
AMP,12.2,M69V,R164S,-0.037109375
AMP,12.2,M69V,M182T,0.16796875
AMP,12.2,M69V,A237T,0.328125
AMP,12.2,M69V,G238S,-0.11328125
AMP,12.2,M69V,E240K,0.173828125
AMP,12.2,M69V,R244C,0.125
AMP,12.2,M69V,R244S,0.072265625
AMP,12.2,M69V,T265M,0.142578125
AMP,12.2,M69V,R275L,0.087890625
AMP,12.2,M69V,R275Q,0.1015625
AMP,12.2,M69V,N276D,-0.04296875
AMP,12.2,E104K,R164H,-0.1424560546875
AMP,12.2,E104K,R164N,-0.08392333984375
AMP,12.2,E104K,R164S,-0.2420654296875
AMP,12.2,E104K,M182T,-0.11712646484375
AMP,12.2,E104K,A237T,0.0
AMP,12.2,E104K,G238S,-0.1541748046875
AMP,12.2,E104K,E240K,0.050750732421875
AMP,12.2,E104K,R244C,-0.0390625
AMP,12.2,E104K,R244S,0.0
AMP,12.2,E104K,T265M,0.1541748046875
AMP,12.2,E104K,R275L,-0.095703125
AMP,12.2,E104K,R275Q,0.025390625
AMP,12.2,E104K,N276D,0.06439208984375
AMP,12.2,R164H,M182T,0.08197021484375
AMP,12.2,R164H,A237T,-0.00975799560546875
AMP,12.2,R164H,G238S,-0.267333984375
AMP,12.2,R164H,E240K,-0.042938232421875
AMP,12.2,R164H,R244C,-0.078125
AMP,12.2,R164H,R244S,-0.001953125
AMP,12.2,R164H,T265M,0.2440185546875
AMP,12.2,R164H,R275L,-0.08203125
AMP,12.2,R164H,R275Q,0.041015625
AMP,12.2,R164H,N276D,0.07415771484375
AMP,12.2,R164N,M182T,-0.035125732421875
AMP,12.2,R164N,A237T,0.2362060546875
AMP,12.2,R164N,G238S,-0.316162109375
AMP,12.2,R164N,E240K,-0.12103271484375
AMP,12.2,R164N,R244C,-0.03125
AMP,12.2,R164N,R244S,0.048828125
AMP,12.2,R164N,T265M,0.10150146484375
AMP,12.2,R164N,R275L,-0.09375
AMP,12.2,R164N,R275Q,0.01171875
AMP,12.2,R164N,N276D,0.052703857421875
AMP,12.2,R164S,M182T,0.0214691162109375
AMP,12.2,R164S,A237T,0.1326904296875
AMP,12.2,R164S,G238S,-0.1912841796875
AMP,12.2,R164S,E240K,0.0195159912109375
AMP,12.2,R164S,R244C,0.021484375
AMP,12.2,R164S,R244S,0.193359375
AMP,12.2,R164S,T265M,0.11907958984375
AMP,12.2,R164S,R275L,-0.0703125
AMP,12.2,R164S,R275Q,-0.04296875
AMP,12.2,R164S,N276D,0.062469482421875
AMP,12.2,M182T,A237T,0.1658935546875
AMP,12.2,M182T,G238S,-0.052703857421875
AMP,12.2,M182T,E240K,-0.2205810546875
AMP,12.2,M182T,R244C,0.080078125
AMP,12.2,M182T,R244S,0.197265625
AMP,12.2,M182T,T265M,0.2322998046875
AMP,12.2,M182T,R275L,0.07421875
AMP,12.2,M182T,R275Q,0.0234375
AMP,12.2,M182T,N276D,0.1365966796875
AMP,12.2,A237T,G238S,-0.1307373046875
AMP,12.2,A237T,E240K,0.1932373046875
AMP,12.2,A237T,R244C,-0.017578125
AMP,12.2,A237T,R244S,0.095703125
AMP,12.2,A237T,T265M,0.359130859375
AMP,12.2,A237T,R275L,0.0
AMP,12.2,A237T,R275Q,0.2265625
AMP,12.2,A237T,N276D,0.1912841796875
AMP,12.2,G238S,E240K,-0.06829833984375
AMP,12.2,G238S,R244C,-0.126953125
AMP,12.2,G238S,R244S,0.017578125
AMP,12.2,G238S,T265M,-0.06634521484375
AMP,12.2,G238S,R275L,-0.087890625
AMP,12.2,G238S,R275Q,-0.16015625
AMP,12.2,G238S,N276D,0.1424560546875
AMP,12.2,E240K,R244C,-0.1015625
AMP,12.2,E240K,R244S,0.091796875
AMP,12.2,E240K,T265M,0.1561279296875
AMP,12.2,E240K,R275L,-0.12109375
AMP,12.2,E240K,R275Q,-0.1171875
AMP,12.2,E240K,N276D,0.06829833984375
AMP,12.2,R244C,T265M,0.1640625
AMP,12.2,R244C,R275L,-0.0390625
AMP,12.2,R244C,R275Q,0.02734375
AMP,12.2,R244C,N276D,0.060546875
AMP,12.2,R244S,T265M,0.265625
AMP,12.2,R244S,R275L,0.10546875
AMP,12.2,R244S,R275Q,0.03515625
AMP,12.2,R244S,N276D,0.23828125
AMP,12.2,T265M,R275L,0.154296875
AMP,12.2,T265M,R275Q,0.1875
AMP,12.2,T265M,N276D,0.1326904296875
AMP,12.2,R275L,N276D,0.138671875
AMP,12.2,R275Q,N276D,0.208984375
AMP,48.8,WT,L21P,-0.271484375
AMP,48.8,WT,Q39K,-0.159912109375
AMP,48.8,WT,M69L,-0.208984375
AMP,48.8,WT,M69V,-0.267578125
AMP,48.8,WT,E104K,-0.0292510986328125
AMP,48.8,WT,R164H,-0.1326904296875
AMP,48.8,WT,R164N,-0.12493896484375
AMP,48.8,WT,R164S,-0.12493896484375
AMP,48.8,WT,M182T,-0.173583984375
AMP,48.8,WT,A237T,-0.142333984375
AMP,48.8,WT,G238S,-0.165771484375
AMP,48.8,WT,E240K,-0.2301025390625
AMP,48.8,WT,R244C,-0.0703125
AMP,48.8,WT,R244S,-0.3046875
AMP,48.8,WT,T265M,-0.2320556640625
AMP,48.8,WT,R275L,-0.05078125
AMP,48.8,WT,R275Q,-0.185546875
AMP,48.8,WT,N276D,-0.23828125
AMP,48.8,L21P,Q39K,0.0389404296875
AMP,48.8,L21P,M69L,0.08203125
AMP,48.8,L21P,M69V,0.2421875
AMP,48.8,L21P,E104K,0.1658935546875
AMP,48.8,L21P,R164H,0.376708984375
AMP,48.8,L21P,R164N,0.380615234375
AMP,48.8,L21P,R164S,0.2440185546875
AMP,48.8,L21P,M182T,0.2166748046875
AMP,48.8,L21P,A237T,0.267333984375
AMP,48.8,L21P,G238S,0.257568359375
AMP,48.8,L21P,E240K,0.314208984375
AMP,48.8,L21P,R244C,0.130859375
AMP,48.8,L21P,R244S,0.3359375
AMP,48.8,L21P,T265M,0.2244873046875
AMP,48.8,L21P,R275L,0.0625
AMP,48.8,L21P,R275Q,0.08203125
AMP,48.8,L21P,N276D,0.1971435546875
AMP,48.8,Q39K,M69L,0.19921875
AMP,48.8,Q39K,M69V,0.10546875
AMP,48.8,Q39K,E104K,0.1756591796875
AMP,48.8,Q39K,R164H,0.1307373046875
AMP,48.8,Q39K,R164N,0.1776123046875
AMP,48.8,Q39K,R164S,0.1737060546875
AMP,48.8,Q39K,M182T,0.286865234375
AMP,48.8,Q39K,A237T,0.1463623046875
AMP,48.8,Q39K,G238S,0.1893310546875
AMP,48.8,Q39K,E240K,0.1365966796875
AMP,48.8,Q39K,R244C,0.091796875
AMP,48.8,Q39K,R244S,0.3046875
AMP,48.8,Q39K,T265M,0.1600341796875
AMP,48.8,Q39K,R275L,0.07421875
AMP,48.8,Q39K,R275Q,0.095703125
AMP,48.8,Q39K,N276D,0.1795654296875
AMP,48.8,M69L,E104K,0.037109375
AMP,48.8,M69L,R164H,0.2265625
AMP,48.8,M69L,R164N,0.255859375
AMP,48.8,M69L,R164S,0.24609375
AMP,48.8,M69L,M182T,0.169921875
AMP,48.8,M69L,A237T,0.140625
AMP,48.8,M69L,G238S,0.158203125
AMP,48.8,M69L,E240K,0.296875
AMP,48.8,M69L,R244C,-0.0625
AMP,48.8,M69L,R244S,0.4140625
AMP,48.8,M69L,T265M,0.353515625
AMP,48.8,M69L,R275L,0.052734375
AMP,48.8,M69L,R275Q,0.13671875
AMP,48.8,M69L,N276D,0.236328125
AMP,48.8,M69V,E104K,0.115234375
AMP,48.8,M69V,R164H,0.140625
AMP,48.8,M69V,R164N,0.33984375
AMP,48.8,M69V,R164S,0.236328125
AMP,48.8,M69V,M182T,0.25390625
AMP,48.8,M69V,A237T,0.328125
AMP,48.8,M69V,G238S,0.0625
AMP,48.8,M69V,E240K,0.51171875
AMP,48.8,M69V,R244C,-0.197265625
AMP,48.8,M69V,R244S,0.431640625
AMP,48.8,M69V,T265M,0.37109375
AMP,48.8,M69V,R275L,0.16796875
AMP,48.8,M69V,R275Q,0.283203125
AMP,48.8,M69V,N276D,0.212890625
AMP,48.8,E104K,R164H,-0.07415771484375
AMP,48.8,E104K,R164N,0.0312347412109375
AMP,48.8,E104K,R164S,-0.06439208984375
AMP,48.8,E104K,M182T,-0.035125732421875
AMP,48.8,E104K,A237T,-0.033172607421875
AMP,48.8,E104K,G238S,0.054656982421875
AMP,48.8,E104K,E240K,0.2049560546875
AMP,48.8,E104K,R244C,-0.056640625
AMP,48.8,E104K,R244S,0.228515625
AMP,48.8,E104K,T265M,0.08392333984375
AMP,48.8,E104K,R275L,-0.08203125
AMP,48.8,E104K,R275Q,0.154296875
AMP,48.8,E104K,N276D,0.1405029296875
AMP,48.8,R164H,M182T,0.1873779296875
AMP,48.8,R164H,A237T,-0.054656982421875
AMP,48.8,R164H,G238S,0.1834716796875
AMP,48.8,R164H,E240K,0.2362060546875
AMP,48.8,R164H,R244C,0.109375
AMP,48.8,R164H,R244S,0.353515625
AMP,48.8,R164H,T265M,0.310302734375
AMP,48.8,R164H,R275L,-0.0078125
AMP,48.8,R164H,R275Q,0.251953125
AMP,48.8,R164H,N276D,0.263427734375
AMP,48.8,R164N,M182T,0.1346435546875
AMP,48.8,R164N,A237T,0.1600341796875
AMP,48.8,R164N,G238S,-0.0234222412109375
AMP,48.8,R164N,E240K,0.1893310546875
AMP,48.8,R164N,R244C,0.10546875
AMP,48.8,R164N,R244S,0.404296875
AMP,48.8,R164N,T265M,0.2030029296875
AMP,48.8,R164N,R275L,0.05859375
AMP,48.8,R164N,R275Q,0.2421875
AMP,48.8,R164N,N276D,0.1776123046875
AMP,48.8,R164S,M182T,0.1287841796875
AMP,48.8,R164S,A237T,0.1639404296875
AMP,48.8,R164S,G238S,0.1326904296875
AMP,48.8,R164S,E240K,0.300537109375
AMP,48.8,R164S,R244C,0.115234375
AMP,48.8,R164S,R244S,0.396484375
AMP,48.8,R164S,T265M,0.2069091796875
AMP,48.8,R164S,R275L,-0.025390625
AMP,48.8,R164S,R275Q,0.15625
AMP,48.8,R164S,N276D,0.273193359375
AMP,48.8,M182T,A237T,0.1600341796875
AMP,48.8,M182T,G238S,0.2479248046875
AMP,48.8,M182T,E240K,0.1522216796875
AMP,48.8,M182T,R244C,0.16015625
AMP,48.8,M182T,R244S,0.408203125
AMP,48.8,M182T,T265M,0.312255859375
AMP,48.8,M182T,R275L,0.16015625
AMP,48.8,M182T,R275Q,0.20703125
AMP,48.8,M182T,N276D,0.255615234375
AMP,48.8,A237T,G238S,-0.0214691162109375
AMP,48.8,A237T,E240K,0.290771484375
AMP,48.8,A237T,R244C,-0.22265625
AMP,48.8,A237T,R244S,0.26953125
AMP,48.8,A237T,T265M,0.322021484375
AMP,48.8,A237T,R275L,-0.01171875
AMP,48.8,A237T,R275Q,0.248046875
AMP,48.8,A237T,N276D,0.0253753662109375
AMP,48.8,G238S,E240K,0.52490234375
AMP,48.8,G238S,R244C,0.11328125
AMP,48.8,G238S,R244S,0.3203125
AMP,48.8,G238S,T265M,0.2088623046875
AMP,48.8,G238S,R275L,0.1328125
AMP,48.8,G238S,R275Q,0.1171875
AMP,48.8,G238S,N276D,0.1951904296875
AMP,48.8,E240K,R244C,0.2890625
AMP,48.8,E240K,R244S,0.447265625
AMP,48.8,E240K,T265M,0.406005859375
AMP,48.8,E240K,R275L,0.09765625
AMP,48.8,E240K,R275Q,0.154296875
AMP,48.8,E240K,N276D,0.322021484375
AMP,48.8,R244C,T265M,0.1640625
AMP,48.8,R244C,R275L,-0.171875
AMP,48.8,R244C,R275Q,0.138671875
AMP,48.8,R244C,N276D,0.01953125
AMP,48.8,R244S,T265M,0.43359375
AMP,48.8,R244S,R275L,0.3046875
AMP,48.8,R244S,R275Q,0.23828125
AMP,48.8,R244S,N276D,0.439453125
AMP,48.8,T265M,R275L,0.171875
AMP,48.8,T265M,R275Q,0.22265625
AMP,48.8,T265M,N276D,0.2049560546875
AMP,48.8,R275L,N276D,0.201171875
AMP,48.8,R275Q,N276D,0.197265625
AMP,195.0,WT,L21P,-0.2421875
AMP,195.0,WT,Q39K,-0.165771484375
AMP,195.0,WT,M69L,-0.203125
AMP,195.0,WT,M69V,-0.345703125
AMP,195.0,WT,E104K,-0.04095458984375
AMP,195.0,WT,R164H,-0.07025146484375
AMP,195.0,WT,R164N,-0.11126708984375
AMP,195.0,WT,R164S,-0.08978271484375
AMP,195.0,WT,M182T,-0.163818359375
AMP,195.0,WT,A237T,-0.183349609375
AMP,195.0,WT,G238S,-0.054595947265625
AMP,195.0,WT,E240K,-0.204833984375
AMP,195.0,WT,R244C,-0.3046875
AMP,195.0,WT,R244S,-0.28125
AMP,195.0,WT,T265M,-0.173583984375
AMP,195.0,WT,R275L,-0.044921875
AMP,195.0,WT,R275Q,-0.1328125
AMP,195.0,WT,N276D,-0.19140625
AMP,195.0,L21P,Q39K,-0.0040283203125
AMP,195.0,L21P,M69L,0.142578125
AMP,195.0,L21P,M69V,0.208984375
AMP,195.0,L21P,E104K,0.2030029296875
AMP,195.0,L21P,R164H,0.314208984375
AMP,195.0,L21P,R164N,0.363037109375
AMP,195.0,L21P,R164S,0.241943359375
AMP,195.0,L21P,M182T,0.310302734375
AMP,195.0,L21P,A237T,0.2459716796875
AMP,195.0,L21P,G238S,0.050750732421875
AMP,195.0,L21P,E240K,0.2498779296875
AMP,195.0,L21P,R244C,-0.130859375
AMP,195.0,L21P,R244S,0.314453125
AMP,195.0,L21P,T265M,0.10540771484375
AMP,195.0,L21P,R275L,-0.01171875
AMP,195.0,L21P,R275Q,-0.1796875
AMP,195.0,L21P,N276D,0.1658935546875
AMP,195.0,Q39K,M69L,0.25
AMP,195.0,Q39K,M69V,0.263671875
AMP,195.0,Q39K,E104K,0.353271484375
AMP,195.0,Q39K,R164H,0.050750732421875
AMP,195.0,Q39K,R164N,0.2166748046875
AMP,195.0,Q39K,R164S,0.1502685546875
AMP,195.0,Q39K,M182T,0.380615234375
AMP,195.0,Q39K,A237T,0.11322021484375
AMP,195.0,Q39K,G238S,0.07220458984375
AMP,195.0,Q39K,E240K,0.251708984375
AMP,195.0,Q39K,R244C,0.259765625
AMP,195.0,Q39K,R244S,0.314453125
AMP,195.0,Q39K,T265M,0.2322998046875
AMP,195.0,Q39K,R275L,0.10546875
AMP,195.0,Q39K,R275Q,0.12890625
AMP,195.0,Q39K,N276D,0.1268310546875
AMP,195.0,M69L,E104K,0.232421875
AMP,195.0,M69L,R164H,0.23046875
AMP,195.0,M69L,R164N,0.3828125
AMP,195.0,M69L,R164S,0.2734375
AMP,195.0,M69L,M182T,0.294921875
AMP,195.0,M69L,A237T,0.197265625
AMP,195.0,M69L,G238S,0.103515625
AMP,195.0,M69L,E240K,0.294921875
AMP,195.0,M69L,R244C,-0.51953125
AMP,195.0,M69L,R244S,0.32421875
AMP,195.0,M69L,T265M,0.228515625
AMP,195.0,M69L,R275L,-0.005859375
AMP,195.0,M69L,R275Q,0.146484375
AMP,195.0,M69L,N276D,0.080078125
AMP,195.0,M69V,E104K,0.28125
AMP,195.0,M69V,R164H,0.142578125
AMP,195.0,M69V,R164N,0.34765625
AMP,195.0,M69V,R164S,0.431640625
AMP,195.0,M69V,M182T,0.361328125
AMP,195.0,M69V,A237T,0.498046875
AMP,195.0,M69V,G238S,-0.19140625
AMP,195.0,M69V,E240K,0.478515625
AMP,195.0,M69V,R244C,-0.52734375
AMP,195.0,M69V,R244S,0.318359375
AMP,195.0,M69V,T265M,0.41796875
AMP,195.0,M69V,R275L,0.28515625
AMP,195.0,M69V,R275Q,0.330078125
AMP,195.0,M69V,N276D,0.181640625
AMP,195.0,E104K,R164H,-0.035125732421875
AMP,195.0,E104K,R164N,0.09759521484375
AMP,195.0,E104K,R164S,-0.10931396484375
AMP,195.0,E104K,M182T,0.0312347412109375
AMP,195.0,E104K,A237T,0.0292816162109375
AMP,195.0,E104K,G238S,0.062469482421875
AMP,195.0,E104K,E240K,0.2420654296875
AMP,195.0,E104K,R244C,-0.333984375
AMP,195.0,E104K,R244S,0.1640625
AMP,195.0,E104K,T265M,0.1463623046875
AMP,195.0,E104K,R275L,-0.029296875
AMP,195.0,E104K,R275Q,0.078125
AMP,195.0,E104K,N276D,0.1834716796875
AMP,195.0,R164H,M182T,0.1346435546875
AMP,195.0,R164H,A237T,-0.08001708984375
AMP,195.0,R164H,G238S,0.1502685546875
AMP,195.0,R164H,E240K,0.1854248046875
AMP,195.0,R164H,R244C,-0.435546875
AMP,195.0,R164H,R244S,0.20703125
AMP,195.0,R164H,T265M,0.1580810546875
AMP,195.0,R164H,R275L,-0.0546875
AMP,195.0,R164H,R275Q,0.236328125
AMP,195.0,R164H,N276D,0.1483154296875
AMP,195.0,R164N,M182T,0.1463623046875
AMP,195.0,R164N,A237T,0.1502685546875
AMP,195.0,R164N,G238S,-0.062469482421875
AMP,195.0,R164N,E240K,0.1776123046875
AMP,195.0,R164N,R244C,-0.634765625
AMP,195.0,R164N,R244S,0.3515625
AMP,195.0,R164N,T265M,0.2049560546875
AMP,195.0,R164N,R275L,0.1171875
AMP,195.0,R164N,R275Q,0.26171875
AMP,195.0,R164N,N276D,0.263427734375
AMP,195.0,R164S,M182T,0.1424560546875
AMP,195.0,R164S,A237T,0.1893310546875
AMP,195.0,R164S,G238S,-0.005855560302734375
AMP,195.0,R164S,E240K,0.290771484375
AMP,195.0,R164S,R244C,-0.4375
AMP,195.0,R164S,R244S,0.32421875
AMP,195.0,R164S,T265M,0.2401123046875
AMP,195.0,R164S,R275L,0.029296875
AMP,195.0,R164S,R275Q,0.08203125
AMP,195.0,R164S,N276D,0.11907958984375
AMP,195.0,M182T,A237T,0.255615234375
AMP,195.0,M182T,G238S,0.1932373046875
AMP,195.0,M182T,E240K,0.1619873046875
AMP,195.0,M182T,R244C,0.0078125
AMP,195.0,M182T,R244S,0.3984375
AMP,195.0,M182T,T265M,0.2401123046875
AMP,195.0,M182T,R275L,0.18359375
AMP,195.0,M182T,R275Q,0.173828125
AMP,195.0,M182T,N276D,0.2381591796875
AMP,195.0,A237T,G238S,-0.462646484375
AMP,195.0,A237T,E240K,0.390380859375
AMP,195.0,A237T,R244C,-0.791015625
AMP,195.0,A237T,R244S,0.310546875
AMP,195.0,A237T,T265M,0.282958984375
AMP,195.0,A237T,R275L,0.025390625
AMP,195.0,A237T,R275Q,0.296875
AMP,195.0,A237T,N276D,0.10540771484375
AMP,195.0,G238S,E240K,0.2479248046875
AMP,195.0,G238S,R244C,-0.388671875
AMP,195.0,G238S,R244S,0.208984375
AMP,195.0,G238S,T265M,0.10736083984375
AMP,195.0,G238S,R275L,0.046875
AMP,195.0,G238S,R275Q,0.005859375
AMP,195.0,G238S,N276D,0.1971435546875
AMP,195.0,E240K,R244C,-0.08984375
AMP,195.0,E240K,R244S,0.412109375
AMP,195.0,E240K,T265M,0.398193359375
AMP,195.0,E240K,R275L,0.083984375
AMP,195.0,E240K,R275Q,0.119140625
AMP,195.0,E240K,N276D,0.308349609375
AMP,195.0,R244C,T265M,0.166015625
AMP,195.0,R244C,R275L,-0.466796875
AMP,195.0,R244C,R275Q,-0.4921875
AMP,195.0,R244C,N276D,-0.7578125
AMP,195.0,R244S,T265M,0.3984375
AMP,195.0,R244S,R275L,-0.48046875
AMP,195.0,R244S,R275Q,-0.6171875
AMP,195.0,R244S,N276D,-0.560546875
AMP,195.0,T265M,R275L,0.212890625
AMP,195.0,T265M,R275Q,0.126953125
AMP,195.0,T265M,N276D,0.1580810546875
AMP,195.0,R275L,N276D,0.07421875
AMP,195.0,R275Q,N276D,0.298828125
AMP,781.0,WT,L21P,-0.171875
AMP,781.0,WT,Q39K,-0.0975341796875
AMP,781.0,WT,M69L,-0.13671875
AMP,781.0,WT,M69V,-0.234375
AMP,781.0,WT,E104K,0.019500732421875
AMP,781.0,WT,R164H,-0.06634521484375
AMP,781.0,WT,R164N,0.0234222412109375
AMP,781.0,WT,R164S,-0.01171112060546875
AMP,781.0,WT,M182T,-0.156005859375
AMP,781.0,WT,A237T,-0.5751953125
AMP,781.0,WT,G238S,-0.132568359375
AMP,781.0,WT,E240K,-0.11700439453125
AMP,781.0,WT,R244C,-1.978515625
AMP,781.0,WT,R244S,-1.087890625
AMP,781.0,WT,T265M,-0.140380859375
AMP,781.0,WT,R275L,0.0390625
AMP,781.0,WT,R275Q,-0.140625
AMP,781.0,WT,N276D,-0.1328125
AMP,781.0,L21P,Q39K,-0.07427978515625
AMP,781.0,L21P,M69L,0.0390625
AMP,781.0,L21P,M69V,0.033203125
AMP,781.0,L21P,E104K,0.1795654296875
AMP,781.0,L21P,R164H,0.08587646484375
AMP,781.0,L21P,R164N,0.2225341796875
AMP,781.0,L21P,R164S,0.10931396484375
AMP,781.0,L21P,M182T,0.1717529296875
AMP,781.0,L21P,A237T,0.51708984375
AMP,781.0,L21P,G238S,0.1365966796875
AMP,781.0,L21P,E240K,0.062469482421875
AMP,781.0,L21P,R244C,0.123046875
AMP,781.0,L21P,R244S,0.162109375
AMP,781.0,L21P,T265M,0.03118896484375
AMP,781.0,L21P,R275L,0.0234375
AMP,781.0,L21P,R275Q,-0.12890625
AMP,781.0,L21P,N276D,0.01947021484375
AMP,781.0,Q39K,M69L,0.0703125
AMP,781.0,Q39K,M69V,0.09765625
AMP,781.0,Q39K,E104K,0.1912841796875
AMP,781.0,Q39K,R164H,0.050750732421875
AMP,781.0,Q39K,R164N,0.062469482421875
AMP,781.0,Q39K,R164S,0.035125732421875
AMP,781.0,Q39K,M182T,0.300537109375
AMP,781.0,Q39K,A237T,0.318115234375
AMP,781.0,Q39K,G238S,0.035125732421875
AMP,781.0,Q39K,E240K,0.058563232421875
AMP,781.0,Q39K,R244C,0.126953125
AMP,781.0,Q39K,R244S,0.625
AMP,781.0,Q39K,T265M,0.1639404296875
AMP,781.0,Q39K,R275L,-0.0625
AMP,781.0,Q39K,R275Q,0.03515625
AMP,781.0,Q39K,N276D,0.0312347412109375
AMP,781.0,M69L,E104K,0.05859375
AMP,781.0,M69L,R164H,0.21875
AMP,781.0,M69L,R164N,0.109375
AMP,781.0,M69L,R164S,-0.0390625
AMP,781.0,M69L,M182T,0.26171875
AMP,781.0,M69L,A237T,-1.3671875
AMP,781.0,M69L,G238S,-0.185546875
AMP,781.0,M69L,E240K,0.10546875
AMP,781.0,M69L,R244C,-0.296875
AMP,781.0,M69L,R244S,-0.642578125
AMP,781.0,M69L,T265M,0.17578125
AMP,781.0,M69L,R275L,-0.11328125
AMP,781.0,M69L,R275Q,-0.123046875
AMP,781.0,M69L,N276D,0.08203125
AMP,781.0,M69V,E104K,0.10546875
AMP,781.0,M69V,R164H,-0.28125
AMP,781.0,M69V,R164N,-0.17578125
AMP,781.0,M69V,R164S,-0.166015625
AMP,781.0,M69V,M182T,0.3515625
AMP,781.0,M69V,A237T,-0.92578125
AMP,781.0,M69V,G238S,-1.650390625
AMP,781.0,M69V,E240K,0.34765625
AMP,781.0,M69V,R244C,0.181640625
AMP,781.0,M69V,R244S,0.01953125
AMP,781.0,M69V,T265M,0.2890625
AMP,781.0,M69V,R275L,-0.05859375
AMP,781.0,M69V,R275Q,-0.728515625
AMP,781.0,M69V,N276D,-0.04296875
AMP,781.0,E104K,R164H,-0.1639404296875
AMP,781.0,E104K,R164N,-0.07415771484375
AMP,781.0,E104K,R164S,-0.308349609375
AMP,781.0,E104K,M182T,-0.0273284912109375
AMP,781.0,E104K,A237T,-0.316162109375
AMP,781.0,E104K,G238S,-0.269287109375
AMP,781.0,E104K,E240K,0.1405029296875
AMP,781.0,E104K,R244C,0.0234375
AMP,781.0,E104K,R244S,-0.3671875
AMP,781.0,E104K,T265M,0.046844482421875
AMP,781.0,E104K,R275L,-0.109375
AMP,781.0,E104K,R275Q,0.12109375
AMP,781.0,E104K,N276D,0.0312347412109375
AMP,781.0,R164H,M182T,0.2342529296875
AMP,781.0,R164H,A237T,-0.54248046875
AMP,781.0,R164H,G238S,-0.72802734375
AMP,781.0,R164H,E240K,0.07415771484375
AMP,781.0,R164H,R244C,0.6953125
AMP,781.0,R164H,R244S,-0.08984375
AMP,781.0,R164H,T265M,0.1873779296875
AMP,781.0,R164H,R275L,-0.0390625
AMP,781.0,R164H,R275Q,0.19140625
AMP,781.0,R164H,N276D,0.11712646484375
AMP,781.0,R164N,M182T,0.054656982421875
AMP,781.0,R164N,A237T,-0.435302734375
AMP,781.0,R164N,G238S,-0.67529296875
AMP,781.0,R164N,E240K,-0.039031982421875
AMP,781.0,R164N,R244C,0.4375
AMP,781.0,R164N,R244S,-0.357421875
AMP,781.0,R164N,T265M,0.0273284912109375
AMP,781.0,R164N,R275L,-0.09765625
AMP,781.0,R164N,R275Q,0.1015625
AMP,781.0,R164N,N276D,-0.01171112060546875
AMP,781.0,R164S,M182T,0.08587646484375
AMP,781.0,R164S,A237T,-0.54833984375
AMP,781.0,R164S,G238S,-0.85107421875
AMP,781.0,R164S,E240K,0.1326904296875
AMP,781.0,R164S,R244C,0.833984375
AMP,781.0,R164S,R244S,-0.25
AMP,781.0,R164S,T265M,0.07415771484375
AMP,781.0,R164S,R275L,-0.09765625
AMP,781.0,R164S,R275Q,-0.10546875
AMP,781.0,R164S,N276D,0.054656982421875
AMP,781.0,M182T,A237T,0.380615234375
AMP,781.0,M182T,G238S,0.10150146484375
AMP,781.0,M182T,E240K,0.0195159912109375
AMP,781.0,M182T,R244C,0.23046875
AMP,781.0,M182T,R244S,-0.224609375
AMP,781.0,M182T,T265M,0.284912109375
AMP,781.0,M182T,R275L,0.1640625
AMP,781.0,M182T,R275Q,0.15625
AMP,781.0,M182T,N276D,0.2381591796875
AMP,781.0,A237T,G238S,-1.86328125
AMP,781.0,A237T,E240K,0.1561279296875
AMP,781.0,A237T,R244C,0.271484375
AMP,781.0,A237T,R244S,0.125
AMP,781.0,A237T,T265M,0.62646484375
AMP,781.0,A237T,R275L,-0.146484375
AMP,781.0,A237T,R275Q,-0.255859375
AMP,781.0,A237T,N276D,-0.343505859375
AMP,781.0,G238S,E240K,0.351318359375
AMP,781.0,G238S,R244C,0.5703125
AMP,781.0,G238S,R244S,-0.57421875
AMP,781.0,G238S,T265M,-0.01561737060546875
AMP,781.0,G238S,R275L,0.0546875
AMP,781.0,G238S,R275Q,-0.08203125
AMP,781.0,G238S,N276D,-0.07025146484375
AMP,781.0,E240K,R244C,0.177734375
AMP,781.0,E240K,R244S,-0.25
AMP,781.0,E240K,T265M,0.308349609375
AMP,781.0,E240K,R275L,-0.04296875
AMP,781.0,E240K,R275Q,0.07421875
AMP,781.0,E240K,N276D,0.1990966796875
AMP,781.0,R244C,T265M,0.42578125
AMP,781.0,R244C,R275L,-0.10546875
AMP,781.0,R244C,R275Q,0.595703125
AMP,781.0,R244C,N276D,0.037109375
AMP,781.0,R244S,T265M,0.6015625
AMP,781.0,R244S,R275L,-0.35546875
AMP,781.0,R244S,R275Q,-0.6875
AMP,781.0,R244S,N276D,-0.7578125
AMP,781.0,T265M,R275L,0.09375
AMP,781.0,T265M,R275Q,0.12890625
AMP,781.0,T265M,N276D,0.09759521484375
AMP,781.0,R275L,N276D,0.02734375
AMP,781.0,R275Q,N276D,0.1015625
AZT,0.44,WT,L21P,-0.177734375
AZT,0.44,WT,Q39K,-0.144287109375
AZT,0.44,WT,M69L,-0.146484375
AZT,0.44,WT,M69V,-0.294921875
AZT,0.44,WT,E104K,0.26904296875
AZT,0.44,WT,R164H,0.67724609375
AZT,0.44,WT,R164N,0.77294921875
AZT,0.44,WT,R164S,0.83544921875
AZT,0.44,WT,M182T,-0.2301025390625
AZT,0.44,WT,A237T,-0.128662109375
AZT,0.44,WT,G238S,-0.2183837890625
AZT,0.44,WT,E240K,-0.03900146484375
AZT,0.44,WT,R244C,-0.32421875
AZT,0.44,WT,R244S,-0.0234375
AZT,0.44,WT,T265M,-0.31396484375
AZT,0.44,WT,R275L,-0.27734375
AZT,0.44,WT,R275Q,-0.2109375
AZT,0.44,WT,N276D,-0.2265625
AZT,0.44,L21P,Q39K,-0.0274658203125
AZT,0.44,L21P,M69L,-0.107421875
AZT,0.44,L21P,M69V,0.349609375
AZT,0.44,L21P,E104K,0.411865234375
AZT,0.44,L21P,R164H,0.029296875
AZT,0.44,L21P,R164N,0.134765625
AZT,0.44,L21P,R164S,-0.03515625
AZT,0.44,L21P,M182T,0.339599609375
AZT,0.44,L21P,A237T,-0.048828125
AZT,0.44,L21P,G238S,0.431396484375
AZT,0.44,L21P,E240K,0.392333984375
AZT,0.44,L21P,R244C,0.337890625
AZT,0.44,L21P,R244S,0.0078125
AZT,0.44,L21P,T265M,0.378662109375
AZT,0.44,L21P,R275L,0.490234375
AZT,0.44,L21P,R275Q,0.056640625
AZT,0.44,L21P,N276D,0.349365234375
AZT,0.44,Q39K,M69L,0.033203125
AZT,0.44,Q39K,M69V,0.14453125
AZT,0.44,Q39K,E104K,0.343505859375
AZT,0.44,Q39K,R164H,0.279052734375
AZT,0.44,Q39K,R164N,0.2225341796875
AZT,0.44,Q39K,R164S,0.1326904296875
AZT,0.44,Q39K,M182T,0.1932373046875
AZT,0.44,Q39K,A237T,0.277099609375
AZT,0.44,Q39K,G238S,0.63623046875
AZT,0.44,Q39K,E240K,0.277099609375
AZT,0.44,Q39K,R244C,0.21484375
AZT,0.44,Q39K,R244S,-0.119140625
AZT,0.44,Q39K,T265M,0.2303466796875
AZT,0.44,Q39K,R275L,-0.013671875
AZT,0.44,Q39K,R275Q,-0.048828125
AZT,0.44,Q39K,N276D,0.1658935546875
AZT,0.44,M69L,E104K,-0.478515625
AZT,0.44,M69L,R164H,-0.53515625
AZT,0.44,M69L,R164N,0.109375
AZT,0.44,M69L,R164S,-0.234375
AZT,0.44,M69L,M182T,0.22265625
AZT,0.44,M69L,A237T,0.083984375
AZT,0.44,M69L,G238S,0.095703125
AZT,0.44,M69L,E240K,-0.162109375
AZT,0.44,M69L,R244C,-0.080078125
AZT,0.44,M69L,R244S,-0.17578125
AZT,0.44,M69L,T265M,0.3203125
AZT,0.44,M69L,R275L,0.30078125
AZT,0.44,M69L,R275Q,0.20703125
AZT,0.44,M69L,N276D,0.115234375
AZT,0.44,M69V,E104K,-0.208984375
AZT,0.44,M69V,R164H,-0.439453125
AZT,0.44,M69V,R164N,-0.18359375
AZT,0.44,M69V,R164S,-0.224609375
AZT,0.44,M69V,M182T,0.0625
AZT,0.44,M69V,A237T,0.142578125
AZT,0.44,M69V,G238S,-0.427734375
AZT,0.44,M69V,E240K,0.1171875
AZT,0.44,M69V,R244C,0.33203125
AZT,0.44,M69V,R244S,0.265625
AZT,0.44,M69V,T265M,0.35546875
AZT,0.44,M69V,R275L,0.251953125
AZT,0.44,M69V,R275Q,0.291015625
AZT,0.44,M69V,N276D,0.5859375
AZT,0.44,E104K,R164H,-0.1502685546875
AZT,0.44,E104K,R164N,-0.1522216796875
AZT,0.44,E104K,R164S,-0.286865234375
AZT,0.44,E104K,M182T,0.257568359375
AZT,0.44,E104K,A237T,-0.2225341796875
AZT,0.44,E104K,G238S,0.69287109375
AZT,0.44,E104K,E240K,0.296630859375
AZT,0.44,E104K,R244C,-0.138671875
AZT,0.44,E104K,R244S,-0.7421875
AZT,0.44,E104K,T265M,0.415771484375
AZT,0.44,E104K,R275L,-0.2890625
AZT,0.44,E104K,R275Q,-0.30078125
AZT,0.44,E104K,N276D,-0.2166748046875
AZT,0.44,R164H,M182T,0.392333984375
AZT,0.44,R164H,A237T,-0.80224609375
AZT,0.44,R164H,G238S,-0.67724609375
AZT,0.44,R164H,E240K,0.1658935546875
AZT,0.44,R164H,R244C,-0.49609375
AZT,0.44,R164H,R244S,-0.9453125
AZT,0.44,R164H,T265M,0.374755859375
AZT,0.44,R164H,R275L,-0.603515625
AZT,0.44,R164H,R275Q,-0.4765625
AZT,0.44,R164H,N276D,-0.284912109375
AZT,0.44,R164N,M182T,0.296630859375
AZT,0.44,R164N,A237T,-0.85693359375
AZT,0.44,R164N,G238S,-0.61865234375
AZT,0.44,R164N,E240K,0.033172607421875
AZT,0.44,R164N,R244C,-0.654296875
AZT,0.44,R164N,R244S,-0.91796875
AZT,0.44,R164N,T265M,0.261474609375
AZT,0.44,R164N,R275L,-0.36328125
AZT,0.44,R164N,R275Q,-0.091796875
AZT,0.44,R164N,N276D,0.255615234375
AZT,0.44,R164S,M182T,0.1365966796875
AZT,0.44,R164S,A237T,-0.81787109375
AZT,0.44,R164S,G238S,-0.90576171875
AZT,0.44,R164S,E240K,-0.039031982421875
AZT,0.44,R164S,R244C,-0.744140625
AZT,0.44,R164S,R244S,-0.900390625
AZT,0.44,R164S,T265M,0.1697998046875
AZT,0.44,R164S,R275L,-0.537109375
AZT,0.44,R164S,R275Q,-0.662109375
AZT,0.44,R164S,N276D,-0.2440185546875
AZT,0.44,M182T,A237T,0.341552734375
AZT,0.44,M182T,G238S,0.76123046875
AZT,0.44,M182T,E240K,0.005855560302734375
AZT,0.44,M182T,R244C,0.259765625
AZT,0.44,M182T,R244S,0.24609375
AZT,0.44,M182T,T265M,0.364990234375
AZT,0.44,M182T,R275L,0.158203125
AZT,0.44,M182T,R275Q,0.142578125
AZT,0.44,M182T,N276D,0.322021484375
AZT,0.44,A237T,G238S,0.08197021484375
AZT,0.44,A237T,E240K,0.2205810546875
AZT,0.44,A237T,R244C,0.421875
AZT,0.44,A237T,R244S,-0.052734375
AZT,0.44,A237T,T265M,0.1639404296875
AZT,0.44,A237T,R275L,0.13671875
AZT,0.44,A237T,R275Q,-0.029296875
AZT,0.44,A237T,N276D,0.10736083984375
AZT,0.44,G238S,E240K,0.99755859375
AZT,0.44,G238S,R244C,0.162109375
AZT,0.44,G238S,R244S,0.017578125
AZT,0.44,G238S,T265M,0.94873046875
AZT,0.44,G238S,R275L,0.6484375
AZT,0.44,G238S,R275Q,0.0859375
AZT,0.44,G238S,N276D,0.333740234375
AZT,0.44,E240K,R244C,0.21484375
AZT,0.44,E240K,R244S,-0.103515625
AZT,0.44,E240K,T265M,0.2205810546875
AZT,0.44,E240K,R275L,0.205078125
AZT,0.44,E240K,R275Q,-0.021484375
AZT,0.44,E240K,N276D,-0.042938232421875
AZT,0.44,R244C,T265M,0.41796875
AZT,0.44,R244C,R275L,0.380859375
AZT,0.44,R244C,R275Q,0.162109375
AZT,0.44,R244C,N276D,0.458984375
AZT,0.44,R244S,T265M,0.21875
AZT,0.44,R244S,R275L,0.267578125
AZT,0.44,R244S,R275Q,0.205078125
AZT,0.44,R244S,N276D,-0.02734375
AZT,0.44,T265M,R275L,0.2109375
AZT,0.44,T265M,R275Q,0.224609375
AZT,0.44,T265M,N276D,0.331787109375
AZT,0.44,R275L,N276D,0.427734375
AZT,0.44,R275Q,N276D,0.09765625
AZT,1.33,WT,L21P,-0.03515625
AZT,1.33,WT,Q39K,-0.0682373046875
AZT,1.33,WT,M69L,0.021484375
AZT,1.33,WT,M69V,-0.359375
AZT,1.33,WT,E104K,-0.126708984375
AZT,1.33,WT,R164H,0.1307373046875
AZT,1.33,WT,R164N,0.76708984375
AZT,1.33,WT,R164S,0.374755859375
AZT,1.33,WT,M182T,-0.2105712890625
AZT,1.33,WT,A237T,-0.138427734375
AZT,1.33,WT,G238S,0.152099609375
AZT,1.33,WT,E240K,0.146240234375
AZT,1.33,WT,R244C,-0.328125
AZT,1.33,WT,R244S,-0.0546875
AZT,1.33,WT,T265M,-0.12481689453125
AZT,1.33,WT,R275L,-0.142578125
AZT,1.33,WT,R275Q,0.03125
AZT,1.33,WT,N276D,-0.1875
AZT,1.33,L21P,Q39K,-0.244140625
AZT,1.33,L21P,M69L,-0.33203125
AZT,1.33,L21P,M69V,0.310546875
AZT,1.33,L21P,E104K,0.239990234375
AZT,1.33,L21P,R164H,0.34765625
AZT,1.33,L21P,R164N,0.24169921875
AZT,1.33,L21P,R164S,0.271240234375
AZT,1.33,L21P,M182T,-0.35888671875
AZT,1.33,L21P,A237T,-0.072265625
AZT,1.33,L21P,G238S,-0.05657958984375
AZT,1.33,L21P,E240K,0.35693359375
AZT,1.33,L21P,R244C,0.2734375
AZT,1.33,L21P,R244S,-0.203125
AZT,1.33,L21P,T265M,-0.06439208984375
AZT,1.33,L21P,R275L,0.150390625
AZT,1.33,L21P,R275Q,-0.373046875
AZT,1.33,L21P,N276D,0.1951904296875
AZT,1.33,Q39K,M69L,-0.001953125
AZT,1.33,Q39K,M69V,0.248046875
AZT,1.33,Q39K,E104K,0.08978271484375
AZT,1.33,Q39K,R164H,0.472412109375
AZT,1.33,Q39K,R164N,0.363037109375
AZT,1.33,Q39K,R164S,0.366943359375
AZT,1.33,Q39K,M182T,-0.0292816162109375
AZT,1.33,Q39K,A237T,0.53271484375
AZT,1.33,Q39K,G238S,0.12103271484375
AZT,1.33,Q39K,E240K,-0.08978271484375
AZT,1.33,Q39K,R244C,0.3203125
AZT,1.33,Q39K,R244S,-0.083984375
AZT,1.33,Q39K,T265M,0.10931396484375
AZT,1.33,Q39K,R275L,0.041015625
AZT,1.33,Q39K,R275Q,-0.263671875
AZT,1.33,Q39K,N276D,0.1268310546875
AZT,1.33,M69L,E104K,0.03515625
AZT,1.33,M69L,R164H,-0.41015625
AZT,1.33,M69L,R164N,-0.4296875
AZT,1.33,M69L,R164S,-0.455078125
AZT,1.33,M69L,M182T,0.052734375
AZT,1.33,M69L,A237T,0.234375
AZT,1.33,M69L,G238S,-0.359375
AZT,1.33,M69L,E240K,-0.173828125
AZT,1.33,M69L,R244C,0.107421875
AZT,1.33,M69L,R244S,-0.23828125
AZT,1.33,M69L,T265M,0.275390625
AZT,1.33,M69L,R275L,0.125
AZT,1.33,M69L,R275Q,-0.14453125
AZT,1.33,M69L,N276D,-0.013671875
AZT,1.33,M69V,E104K,0.55078125
AZT,1.33,M69V,R164H,-0.111328125
AZT,1.33,M69V,R164N,0.0
AZT,1.33,M69V,R164S,0.484375
AZT,1.33,M69V,M182T,0.41796875
AZT,1.33,M69V,A237T,0.3984375
AZT,1.33,M69V,G238S,-0.267578125
AZT,1.33,M69V,E240K,0.271484375
AZT,1.33,M69V,R244C,0.41796875
AZT,1.33,M69V,R244S,0.388671875
AZT,1.33,M69V,T265M,0.337890625
AZT,1.33,M69V,R275L,0.31640625
AZT,1.33,M69V,R275Q,0.30859375
AZT,1.33,M69V,N276D,0.87109375
AZT,1.33,E104K,R164H,1.1318359375
AZT,1.33,E104K,R164N,0.59912109375
AZT,1.33,E104K,R164S,0.98388671875
AZT,1.33,E104K,M182T,0.06439208984375
AZT,1.33,E104K,A237T,0.007808685302734375
AZT,1.33,E104K,G238S,1.0029296875
AZT,1.33,E104K,E240K,0.2420654296875
AZT,1.33,E104K,R244C,0.201171875
AZT,1.33,E104K,R244S,-0.01953125
AZT,1.33,E104K,T265M,0.320068359375
AZT,1.33,E104K,R275L,0.009765625
AZT,1.33,E104K,R275Q,0.08203125
AZT,1.33,E104K,N276D,0.437255859375
AZT,1.33,R164H,M182T,0.52685546875
AZT,1.33,R164H,A237T,0.1541748046875
AZT,1.33,R164H,G238S,-0.2283935546875
AZT,1.33,R164H,E240K,0.83935546875
AZT,1.33,R164H,R244C,-0.013671875
AZT,1.33,R164H,R244S,0.01171875
AZT,1.33,R164H,T265M,0.1990966796875
AZT,1.33,R164H,R275L,0.087890625
AZT,1.33,R164H,R275Q,-0.26953125
AZT,1.33,R164H,N276D,-0.0253753662109375
AZT,1.33,R164N,M182T,0.394287109375
AZT,1.33,R164N,A237T,-0.486083984375
AZT,1.33,R164N,G238S,-1.0556640625
AZT,1.33,R164N,E240K,0.1990966796875
AZT,1.33,R164N,R244C,-0.51953125
AZT,1.33,R164N,R244S,-0.86328125
AZT,1.33,R164N,T265M,0.2498779296875
AZT,1.33,R164N,R275L,-0.888671875
AZT,1.33,R164N,R275Q,-0.640625
AZT,1.33,R164N,N276D,-0.478271484375
AZT,1.33,R164S,M182T,0.353271484375
AZT,1.33,R164S,A237T,-0.316162109375
AZT,1.33,R164S,G238S,-0.58154296875
AZT,1.33,R164S,E240K,0.55615234375
AZT,1.33,R164S,R244C,-0.021484375
AZT,1.33,R164S,R244S,-0.302734375
AZT,1.33,R164S,T265M,0.07611083984375
AZT,1.33,R164S,R275L,-0.236328125
AZT,1.33,R164S,R275Q,-0.369140625
AZT,1.33,R164S,N276D,-0.357177734375
AZT,1.33,M182T,A237T,0.54052734375
AZT,1.33,M182T,G238S,-0.07806396484375
AZT,1.33,M182T,E240K,0.2205810546875
AZT,1.33,M182T,R244C,0.529296875
AZT,1.33,M182T,R244S,0.271484375
AZT,1.33,M182T,T265M,0.329833984375
AZT,1.33,M182T,R275L,0.3203125
AZT,1.33,M182T,R275Q,-0.107421875
AZT,1.33,M182T,N276D,0.292724609375
AZT,1.33,A237T,G238S,-0.281005859375
AZT,1.33,A237T,E240K,0.2225341796875
AZT,1.33,A237T,R244C,0.548828125
AZT,1.33,A237T,R244S,-0.12890625
AZT,1.33,A237T,T265M,-0.039031982421875
AZT,1.33,A237T,R275L,0.0078125
AZT,1.33,A237T,R275Q,-0.30078125
AZT,1.33,A237T,N276D,0.251708984375
AZT,1.33,G238S,E240K,0.81787109375
AZT,1.33,G238S,R244C,0.029296875
AZT,1.33,G238S,R244S,-0.373046875
AZT,1.33,G238S,T265M,-0.1580810546875
AZT,1.33,G238S,R275L,0.02734375
AZT,1.33,G238S,R275Q,-0.474609375
AZT,1.33,G238S,N276D,0.0234222412109375
AZT,1.33,E240K,R244C,0.12109375
AZT,1.33,E240K,R244S,-0.22265625
AZT,1.33,E240K,T265M,-0.08587646484375
AZT,1.33,E240K,R275L,-0.10546875
AZT,1.33,E240K,R275Q,-0.25390625
AZT,1.33,E240K,N276D,-0.033172607421875
AZT,1.33,R244C,T265M,0.419921875
AZT,1.33,R244C,R275L,0.05078125
AZT,1.33,R244C,R275Q,-0.046875
AZT,1.33,R244C,N276D,0.638671875
AZT,1.33,R244S,T265M,-0.00390625
AZT,1.33,R244S,R275L,0.248046875
AZT,1.33,R244S,R275Q,0.0859375
AZT,1.33,R244S,N276D,0.2578125
AZT,1.33,T265M,R275L,-0.091796875
AZT,1.33,T265M,R275Q,-0.048828125
AZT,1.33,T265M,N276D,0.2244873046875
AZT,1.33,R275L,N276D,0.314453125
AZT,1.33,R275Q,N276D,-0.169921875
AZT,4.0,WT,L21P,-0.013671875
AZT,4.0,WT,Q39K,0.1014404296875
AZT,4.0,WT,M69L,0.3046875
AZT,4.0,WT,M69V,0.26171875
AZT,4.0,WT,E104K,0.136474609375
AZT,4.0,WT,R164H,0.1932373046875
AZT,4.0,WT,R164N,0.09173583984375
AZT,4.0,WT,R164S,0.01366424560546875
AZT,4.0,WT,M182T,0.444580078125
AZT,4.0,WT,A237T,-0.0858154296875
AZT,4.0,WT,G238S,0.25341796875
AZT,4.0,WT,E240K,0.489501953125
AZT,4.0,WT,R244C,0.05859375
AZT,4.0,WT,R244S,0.376953125
AZT,4.0,WT,T265M,0.163818359375
AZT,4.0,WT,R275L,0.109375
AZT,4.0,WT,R275Q,0.591796875
AZT,4.0,WT,N276D,0.0703125
AZT,4.0,L21P,Q39K,-0.11907958984375
AZT,4.0,L21P,M69L,-0.181640625
AZT,4.0,L21P,M69V,-0.1953125
AZT,4.0,L21P,E104K,0.43115234375
AZT,4.0,L21P,R164H,-0.06640625
AZT,4.0,L21P,R164N,0.390380859375
AZT,4.0,L21P,R164S,0.1385498046875
AZT,4.0,L21P,M182T,-0.2069091796875
AZT,4.0,L21P,A237T,0.322021484375
AZT,4.0,L21P,G238S,-0.189208984375
AZT,4.0,L21P,E240K,0.5771484375
AZT,4.0,L21P,R244C,0.283203125
AZT,4.0,L21P,R244S,-0.369140625
AZT,4.0,L21P,T265M,0.080078125
AZT,4.0,L21P,R275L,0.076171875
AZT,4.0,L21P,R275Q,-0.462890625
AZT,4.0,L21P,N276D,-0.220458984375
AZT,4.0,Q39K,M69L,-0.009765625
AZT,4.0,Q39K,M69V,-0.048828125
AZT,4.0,Q39K,E104K,-0.2264404296875
AZT,4.0,Q39K,R164H,0.53662109375
AZT,4.0,Q39K,R164N,0.63037109375
AZT,4.0,Q39K,R164S,0.2108154296875
AZT,4.0,Q39K,M182T,-0.363037109375
AZT,4.0,Q39K,A237T,0.61279296875
AZT,4.0,Q39K,G238S,0.06439208984375
AZT,4.0,Q39K,E240K,-0.2420654296875
AZT,4.0,Q39K,R244C,-0.23046875
AZT,4.0,Q39K,R244S,-0.25390625
AZT,4.0,Q39K,T265M,0.1268310546875
AZT,4.0,Q39K,R275L,-0.140625
AZT,4.0,Q39K,R275Q,-0.69140625
AZT,4.0,Q39K,N276D,0.0214691162109375
AZT,4.0,M69L,E104K,-0.40234375
AZT,4.0,M69L,R164H,-0.48828125
AZT,4.0,M69L,R164N,-0.283203125
AZT,4.0,M69L,R164S,-0.01953125
AZT,4.0,M69L,M182T,-0.376953125
AZT,4.0,M69L,A237T,0.025390625
AZT,4.0,M69L,G238S,-0.5390625
AZT,4.0,M69L,E240K,-0.630859375
AZT,4.0,M69L,R244C,-0.279296875
AZT,4.0,M69L,R244S,-0.701171875
AZT,4.0,M69L,T265M,-0.310546875
AZT,4.0,M69L,R275L,-0.2421875
AZT,4.0,M69L,R275Q,-0.7734375
AZT,4.0,M69L,N276D,-0.27734375
AZT,4.0,M69V,E104K,-0.1875
AZT,4.0,M69V,R164H,-0.375
AZT,4.0,M69V,R164N,0.24609375
AZT,4.0,M69V,R164S,0.27734375
AZT,4.0,M69V,M182T,-0.677734375
AZT,4.0,M69V,A237T,-0.224609375
AZT,4.0,M69V,G238S,-0.73828125
AZT,4.0,M69V,E240K,-0.599609375
AZT,4.0,M69V,R244C,-0.13671875
AZT,4.0,M69V,R244S,-0.359375
AZT,4.0,M69V,T265M,-0.388671875
AZT,4.0,M69V,R275L,-0.58203125
AZT,4.0,M69V,R275Q,-0.455078125
AZT,4.0,M69V,N276D,0.08203125
AZT,4.0,E104K,R164H,1.3994140625
AZT,4.0,E104K,R164N,1.5947265625
AZT,4.0,E104K,R164S,1.6259765625
AZT,4.0,E104K,M182T,-0.406005859375
AZT,4.0,E104K,A237T,0.277099609375
AZT,4.0,E104K,G238S,0.67529296875
AZT,4.0,E104K,E240K,-0.251708984375
AZT,4.0,E104K,R244C,-0.189453125
AZT,4.0,E104K,R244S,-0.55859375
AZT,4.0,E104K,T265M,0.09173583984375
AZT,4.0,E104K,R275L,0.048828125
AZT,4.0,E104K,R275Q,-0.80078125
AZT,4.0,E104K,N276D,0.304443359375
AZT,4.0,R164H,M182T,-0.484130859375
AZT,4.0,R164H,A237T,0.290771484375
AZT,4.0,R164H,G238S,-0.10540771484375
AZT,4.0,R164H,E240K,1.0498046875
AZT,4.0,R164H,R244C,-0.291015625
AZT,4.0,R164H,R244S,-0.263671875
AZT,4.0,R164H,T265M,0.10150146484375
AZT,4.0,R164H,R275L,0.01171875
AZT,4.0,R164H,R275Q,-0.408203125
AZT,4.0,R164H,N276D,-0.1268310546875
AZT,4.0,R164N,M182T,0.07220458984375
AZT,4.0,R164N,A237T,0.482177734375
AZT,4.0,R164N,G238S,-0.259521484375
AZT,4.0,R164N,E240K,1.1435546875
AZT,4.0,R164N,R244C,-0.224609375
AZT,4.0,R164N,R244S,-0.568359375
AZT,4.0,R164N,T265M,0.306396484375
AZT,4.0,R164N,R275L,-0.23828125
AZT,4.0,R164N,R275Q,-0.240234375
AZT,4.0,R164N,N276D,-0.1678466796875
AZT,4.0,R164S,M182T,-0.1795654296875
AZT,4.0,R164S,A237T,0.445068359375
AZT,4.0,R164S,G238S,-0.09954833984375
AZT,4.0,R164S,E240K,1.1826171875
AZT,4.0,R164S,R244C,0.572265625
AZT,4.0,R164S,R244S,-0.142578125
AZT,4.0,R164S,T265M,0.08001708984375
AZT,4.0,R164S,R275L,0.236328125
AZT,4.0,R164S,R275Q,-0.48828125
AZT,4.0,R164S,N276D,0.07025146484375
AZT,4.0,M182T,A237T,0.1600341796875
AZT,4.0,M182T,G238S,-0.67138671875
AZT,4.0,M182T,E240K,-0.93115234375
AZT,4.0,M182T,R244C,-0.376953125
AZT,4.0,M182T,R244S,-0.595703125
AZT,4.0,M182T,T265M,-0.322021484375
AZT,4.0,M182T,R275L,-0.55859375
AZT,4.0,M182T,R275Q,-0.849609375
AZT,4.0,M182T,N276D,-0.2459716796875
AZT,4.0,A237T,G238S,0.1326904296875
AZT,4.0,A237T,E240K,0.417724609375
AZT,4.0,A237T,R244C,0.396484375
AZT,4.0,A237T,R244S,-0.205078125
AZT,4.0,A237T,T265M,0.07415771484375
AZT,4.0,A237T,R275L,0.181640625
AZT,4.0,A237T,R275Q,-0.537109375
AZT,4.0,A237T,N276D,0.1580810546875
AZT,4.0,G238S,E240K,0.92724609375
AZT,4.0,G238S,R244C,-0.22265625
AZT,4.0,G238S,R244S,-0.599609375
AZT,4.0,G238S,T265M,-0.462646484375
AZT,4.0,G238S,R275L,-0.1328125
AZT,4.0,G238S,R275Q,-0.6953125
AZT,4.0,G238S,N276D,0.271240234375
AZT,4.0,E240K,R244C,-0.291015625
AZT,4.0,E240K,R244S,-0.40234375
AZT,4.0,E240K,T265M,-0.57763671875
AZT,4.0,E240K,R275L,-0.388671875
AZT,4.0,E240K,R275Q,-0.986328125
AZT,4.0,E240K,N276D,-0.460693359375
AZT,4.0,R244C,T265M,0.0
AZT,4.0,R244C,R275L,-0.078125
AZT,4.0,R244C,R275Q,-0.640625
AZT,4.0,R244C,N276D,0.044921875
AZT,4.0,R244S,T265M,-0.4453125
AZT,4.0,R244S,R275L,-0.1875
AZT,4.0,R244S,R275Q,-0.599609375
AZT,4.0,R244S,N276D,-0.15625
AZT,4.0,T265M,R275L,-0.0546875
AZT,4.0,T265M,R275Q,-0.375
AZT,4.0,T265M,N276D,-0.2088623046875
AZT,4.0,R275L,N276D,0.228515625
AZT,4.0,R275Q,N276D,-0.349609375
AZT,12.0,WT,L21P,-0.24609375
AZT,12.0,WT,Q39K,0.0701904296875
AZT,12.0,WT,M69L,0.232421875
AZT,12.0,WT,M69V,0.193359375
AZT,12.0,WT,E104K,0.189208984375
AZT,12.0,WT,R164H,0.52099609375
AZT,12.0,WT,R164N,-0.1541748046875
AZT,12.0,WT,R164S,0.1697998046875
AZT,12.0,WT,M182T,0.31982421875
AZT,12.0,WT,A237T,0.0955810546875
AZT,12.0,WT,G238S,0.1033935546875
AZT,12.0,WT,E240K,0.10528564453125
AZT,12.0,WT,R244C,0.0859375
AZT,12.0,WT,R244S,0.2578125
AZT,12.0,WT,T265M,0.0682373046875
AZT,12.0,WT,R275L,0.1328125
AZT,12.0,WT,R275Q,0.830078125
AZT,12.0,WT,N276D,0.25
AZT,12.0,L21P,Q39K,-0.02532958984375
AZT,12.0,L21P,M69L,-0.123046875
AZT,12.0,L21P,M69V,0.314453125
AZT,12.0,L21P,E104K,1.1240234375
AZT,12.0,L21P,R164H,-0.68798828125
AZT,12.0,L21P,R164N,0.46826171875
AZT,12.0,L21P,R164S,0.41943359375
AZT,12.0,L21P,M182T,0.583984375
AZT,12.0,L21P,A237T,-0.1502685546875
AZT,12.0,L21P,G238S,-0.08392333984375
AZT,12.0,L21P,E240K,1.3857421875
AZT,12.0,L21P,R244C,-0.025390625
AZT,12.0,L21P,R244S,0.205078125
AZT,12.0,L21P,T265M,0.08001708984375
AZT,12.0,L21P,R275L,0.298828125
AZT,12.0,L21P,R275Q,-0.6875
AZT,12.0,L21P,N276D,0.2069091796875
AZT,12.0,Q39K,M69L,0.04296875
AZT,12.0,Q39K,M69V,0.171875
AZT,12.0,Q39K,E104K,-0.10736083984375
AZT,12.0,Q39K,R164H,-0.08392333984375
AZT,12.0,Q39K,R164N,0.68310546875
AZT,12.0,Q39K,R164S,-0.09173583984375
AZT,12.0,Q39K,M182T,-0.284912109375
AZT,12.0,Q39K,A237T,0.07220458984375
AZT,12.0,Q39K,G238S,-0.033172607421875
AZT,12.0,Q39K,E240K,-0.007808685302734375
AZT,12.0,Q39K,R244C,-0.14453125
AZT,12.0,Q39K,R244S,0.125
AZT,12.0,Q39K,T265M,0.325927734375
AZT,12.0,Q39K,R275L,-0.080078125
AZT,12.0,Q39K,R275Q,-0.80859375
AZT,12.0,Q39K,N276D,-0.288818359375
AZT,12.0,M69L,E104K,-0.443359375
AZT,12.0,M69L,R164H,-0.74609375
AZT,12.0,M69L,R164N,0.009765625
AZT,12.0,M69L,R164S,0.04296875
AZT,12.0,M69L,M182T,-0.048828125
AZT,12.0,M69L,A237T,-0.08984375
AZT,12.0,M69L,G238S,-0.173828125
AZT,12.0,M69L,E240K,-0.15625
AZT,12.0,M69L,R244C,-0.365234375
AZT,12.0,M69L,R244S,-0.177734375
AZT,12.0,M69L,T265M,-0.453125
AZT,12.0,M69L,R275L,-0.208984375
AZT,12.0,M69L,R275Q,-0.796875
AZT,12.0,M69L,N276D,-0.478515625
AZT,12.0,M69V,E104K,-0.08984375
AZT,12.0,M69V,R164H,-0.9765625
AZT,12.0,M69V,R164N,0.5234375
AZT,12.0,M69V,R164S,-0.08203125
AZT,12.0,M69V,M182T,-0.34765625
AZT,12.0,M69V,A237T,-0.1796875
AZT,12.0,M69V,G238S,-0.7666015625
AZT,12.0,M69V,E240K,-0.09375
AZT,12.0,M69V,R244C,0.017578125
AZT,12.0,M69V,R244S,-0.51953125
AZT,12.0,M69V,T265M,-0.11328125
AZT,12.0,M69V,R275L,-0.326171875
AZT,12.0,M69V,R275Q,-0.953125
AZT,12.0,M69V,N276D,-0.02734375
AZT,12.0,E104K,R164H,1.3388671875
AZT,12.0,E104K,R164N,2.095703125
AZT,12.0,E104K,R164S,1.7255859375
AZT,12.0,E104K,M182T,-0.486083984375
AZT,12.0,E104K,A237T,-0.1463623046875
AZT,12.0,E104K,G238S,-0.12298583984375
AZT,12.0,E104K,E240K,-0.1737060546875
AZT,12.0,E104K,R244C,-0.517578125
AZT,12.0,E104K,R244S,-0.39453125
AZT,12.0,E104K,T265M,-0.1971435546875
AZT,12.0,E104K,R275L,-0.212890625
AZT,12.0,E104K,R275Q,-1.119140625
AZT,12.0,E104K,N276D,-0.1697998046875
AZT,12.0,R164H,M182T,-0.62841796875
AZT,12.0,R164H,A237T,-0.2362060546875
AZT,12.0,R164H,G238S,0.300537109375
AZT,12.0,R164H,E240K,1.3681640625
AZT,12.0,R164H,R244C,-0.5859375
AZT,12.0,R164H,R244S,-0.423828125
AZT,12.0,R164H,T265M,-0.2264404296875
AZT,12.0,R164H,R275L,-0.490234375
AZT,12.0,R164H,R275Q,-1.279296875
AZT,12.0,R164H,N276D,-0.380615234375
AZT,12.0,R164N,M182T,0.1893310546875
AZT,12.0,R164N,A237T,0.052703857421875
AZT,12.0,R164N,G238S,0.253662109375
AZT,12.0,R164N,E240K,2.12890625
AZT,12.0,R164N,R244C,0.173828125
AZT,12.0,R164N,R244S,0.068359375
AZT,12.0,R164N,T265M,0.1483154296875
AZT,12.0,R164N,R275L,-0.046875
AZT,12.0,R164N,R275Q,-0.55859375
AZT,12.0,R164N,N276D,-0.288818359375
AZT,12.0,R164S,M182T,-0.61865234375
AZT,12.0,R164S,A237T,0.1385498046875
AZT,12.0,R164S,G238S,-0.08978271484375
AZT,12.0,R164S,E240K,1.7392578125
AZT,12.0,R164S,R244C,0.73828125
AZT,12.0,R164S,R244S,-0.33203125
AZT,12.0,R164S,T265M,-0.2420654296875
AZT,12.0,R164S,R275L,0.0234375
AZT,12.0,R164S,R275Q,-0.916015625
AZT,12.0,R164S,N276D,-0.2440185546875
AZT,12.0,M182T,A237T,-0.50732421875
AZT,12.0,M182T,G238S,-0.441162109375
AZT,12.0,M182T,E240K,-0.353271484375
AZT,12.0,M182T,R244C,-0.400390625
AZT,12.0,M182T,R244S,-0.544921875
AZT,12.0,M182T,T265M,-0.2498779296875
AZT,12.0,M182T,R275L,-0.2890625
AZT,12.0,M182T,R275Q,-1.140625
AZT,12.0,M182T,N276D,-0.347412109375
AZT,12.0,A237T,G238S,-0.11126708984375
AZT,12.0,A237T,E240K,1.0244140625
AZT,12.0,A237T,R244C,0.044921875
AZT,12.0,A237T,R244S,-0.3203125
AZT,12.0,A237T,T265M,0.08587646484375
AZT,12.0,A237T,R275L,-0.2734375
AZT,12.0,A237T,R275Q,-0.90234375
AZT,12.0,A237T,N276D,-0.333740234375
AZT,12.0,G238S,E240K,1.7470703125
AZT,12.0,G238S,R244C,0.01953125
AZT,12.0,G238S,R244S,-0.470703125
AZT,12.0,G238S,T265M,-0.046844482421875
AZT,12.0,G238S,R275L,-0.091796875
AZT,12.0,G238S,R275Q,-0.751953125
AZT,12.0,G238S,N276D,0.378662109375
AZT,12.0,E240K,R244C,-0.298828125
AZT,12.0,E240K,R244S,0.08203125
AZT,12.0,E240K,T265M,-0.08001708984375
AZT,12.0,E240K,R275L,-0.068359375
AZT,12.0,E240K,R275Q,-0.728515625
AZT,12.0,E240K,N276D,-0.308349609375
AZT,12.0,R244C,T265M,-0.033203125
AZT,12.0,R244C,R275L,-0.1328125
AZT,12.0,R244C,R275Q,-1.001953125
AZT,12.0,R244C,N276D,-0.091796875
AZT,12.0,R244S,T265M,-0.337890625
AZT,12.0,R244S,R275L,-0.306640625
AZT,12.0,R244S,R275Q,-1.0625
AZT,12.0,R244S,N276D,-0.44140625
AZT,12.0,T265M,R275L,-0.02734375
AZT,12.0,T265M,R275Q,-0.564453125
AZT,12.0,T265M,N276D,-0.2342529296875
AZT,12.0,R275L,N276D,-0.16015625
AZT,12.0,R275Q,N276D,-0.9609375
AZT,36.0,WT,L21P,0.072265625
AZT,36.0,WT,Q39K,-0.03900146484375
AZT,36.0,WT,M69L,0.083984375
AZT,36.0,WT,M69V,0.6015625
AZT,36.0,WT,E104K,-0.0740966796875
AZT,36.0,WT,R164H,0.10345458984375
AZT,36.0,WT,R164N,0.11322021484375
AZT,36.0,WT,R164S,0.288818359375
AZT,36.0,WT,M182T,0.0780029296875
AZT,36.0,WT,A237T,0.007801055908203125
AZT,36.0,WT,G238S,-0.058502197265625
AZT,36.0,WT,E240K,0.0916748046875
AZT,36.0,WT,R244C,0.158203125
AZT,36.0,WT,R244S,0.521484375
AZT,36.0,WT,T265M,0.134521484375
AZT,36.0,WT,R275L,-0.02734375
AZT,36.0,WT,R275Q,0.396484375
AZT,36.0,WT,N276D,0.150390625
AZT,36.0,L21P,Q39K,0.37890625
AZT,36.0,L21P,M69L,-0.208984375
AZT,36.0,L21P,M69V,-0.365234375
AZT,36.0,L21P,E104K,1.4345703125
AZT,36.0,L21P,R164H,-0.2186279296875
AZT,36.0,L21P,R164N,0.04290771484375
AZT,36.0,L21P,R164S,-0.320068359375
AZT,36.0,L21P,M182T,-0.1502685546875
AZT,36.0,L21P,A237T,-0.1444091796875
AZT,36.0,L21P,G238S,0.1229248046875
AZT,36.0,L21P,E240K,1.7958984375
AZT,36.0,L21P,R244C,-0.20703125
AZT,36.0,L21P,R244S,-0.40625
AZT,36.0,L21P,T265M,-0.1522216796875
AZT,36.0,L21P,R275L,-0.083984375
AZT,36.0,L21P,R275Q,-0.5078125
AZT,36.0,L21P,N276D,-0.339599609375
AZT,36.0,Q39K,M69L,0.478515625
AZT,36.0,Q39K,M69V,-0.404296875
AZT,36.0,Q39K,E104K,-0.07220458984375
AZT,36.0,Q39K,R164H,0.351318359375
AZT,36.0,Q39K,R164N,0.447021484375
AZT,36.0,Q39K,R164S,-0.322021484375
AZT,36.0,Q39K,M182T,0.1405029296875
AZT,36.0,Q39K,A237T,0.398193359375
AZT,36.0,Q39K,G238S,0.044891357421875
AZT,36.0,Q39K,E240K,0.0039043426513671875
AZT,36.0,Q39K,R244C,-0.0625
AZT,36.0,Q39K,R244S,-0.486328125
AZT,36.0,Q39K,T265M,0.55419921875
AZT,36.0,Q39K,R275L,0.021484375
AZT,36.0,Q39K,R275Q,-0.3203125
AZT,36.0,Q39K,N276D,0.01171112060546875
AZT,36.0,M69L,E104K,-0.080078125
AZT,36.0,M69L,R164H,-0.13671875
AZT,36.0,M69L,R164N,-0.333984375
AZT,36.0,M69L,R164S,-0.470703125
AZT,36.0,M69L,M182T,0.267578125
AZT,36.0,M69L,A237T,-0.001953125
AZT,36.0,M69L,G238S,0.072265625
AZT,36.0,M69L,E240K,-0.0546875
AZT,36.0,M69L,R244C,-0.349609375
AZT,36.0,M69L,R244S,-0.38671875
AZT,36.0,M69L,T265M,-0.033203125
AZT,36.0,M69L,R275L,0.0234375
AZT,36.0,M69L,R275Q,-0.49609375
AZT,36.0,M69L,N276D,-0.28125
AZT,36.0,M69V,E104K,-0.265625
AZT,36.0,M69V,R164H,-0.25
AZT,36.0,M69V,R164N,-0.427734375
AZT,36.0,M69V,R164S,-0.595703125
AZT,36.0,M69V,M182T,-0.64453125
AZT,36.0,M69V,A237T,-0.8525390625
AZT,36.0,M69V,G238S,-0.556640625
AZT,36.0,M69V,E240K,-0.5703125
AZT,36.0,M69V,R244C,-0.904296875
AZT,36.0,M69V,R244S,-0.822265625
AZT,36.0,M69V,T265M,-0.78125
AZT,36.0,M69V,R275L,-0.693359375
AZT,36.0,M69V,R275Q,-0.84375
AZT,36.0,M69V,N276D,-0.5234375
AZT,36.0,E104K,R164H,2.0703125
AZT,36.0,E104K,R164N,2.677734375
AZT,36.0,E104K,R164S,1.9521484375
AZT,36.0,E104K,M182T,0.035125732421875
AZT,36.0,E104K,A237T,0.337646484375
AZT,36.0,E104K,G238S,0.53076171875
AZT,36.0,E104K,E240K,0.08197021484375
AZT,36.0,E104K,R244C,0.4296875
AZT,36.0,E104K,R244S,-0.58203125
AZT,36.0,E104K,T265M,-0.01561737060546875
AZT,36.0,E104K,R275L,0.603515625
AZT,36.0,E104K,R275Q,-0.5
AZT,36.0,E104K,N276D,0.62060546875
AZT,36.0,R164H,M182T,0.294677734375
AZT,36.0,R164H,A237T,0.06439208984375
AZT,36.0,R164H,G238S,0.75146484375
AZT,36.0,R164H,E240K,1.9482421875
AZT,36.0,R164H,R244C,-0.078125
AZT,36.0,R164H,R244S,-0.82421875
AZT,36.0,R164H,T265M,0.040985107421875
AZT,36.0,R164H,R275L,-0.279296875
AZT,36.0,R164H,R275Q,-0.0234375
AZT,36.0,R164H,N276D,-0.1776123046875
AZT,36.0,R164N,M182T,0.08197021484375
AZT,36.0,R164N,A237T,-0.11712646484375
AZT,36.0,R164N,G238S,-0.2205810546875
AZT,36.0,R164N,E240K,2.34765625
AZT,36.0,R164N,R244C,-0.265625
AZT,36.0,R164N,R244S,-0.3125
AZT,36.0,R164N,T265M,-0.1697998046875
AZT,36.0,R164N,R275L,-0.140625
AZT,36.0,R164N,R275Q,-0.3984375
AZT,36.0,R164N,N276D,-0.476318359375
AZT,36.0,R164S,M182T,-0.363037109375
AZT,36.0,R164S,A237T,-0.417724609375
AZT,36.0,R164S,G238S,-0.2420654296875
AZT,36.0,R164S,E240K,1.9853515625
AZT,36.0,R164S,R244C,0.60546875
AZT,36.0,R164S,R244S,-0.83203125
AZT,36.0,R164S,T265M,-0.281005859375
AZT,36.0,R164S,R275L,-0.259765625
AZT,36.0,R164S,R275Q,-0.580078125
AZT,36.0,R164S,N276D,-0.347412109375
AZT,36.0,M182T,A237T,1.0087890625
AZT,36.0,M182T,G238S,0.033172607421875
AZT,36.0,M182T,E240K,-0.2479248046875
AZT,36.0,M182T,R244C,0.060546875
AZT,36.0,M182T,R244S,-0.521484375
AZT,36.0,M182T,T265M,0.2147216796875
AZT,36.0,M182T,R275L,0.720703125
AZT,36.0,M182T,R275Q,-0.666015625
AZT,36.0,M182T,N276D,0.10736083984375
AZT,36.0,A237T,G238S,0.2127685546875
AZT,36.0,A237T,E240K,1.0107421875
AZT,36.0,A237T,R244C,-0.03125
AZT,36.0,A237T,R244S,-0.30859375
AZT,36.0,A237T,T265M,0.349365234375
AZT,36.0,A237T,R275L,0.056640625
AZT,36.0,A237T,R275Q,-0.53515625
AZT,36.0,A237T,N276D,0.062469482421875
AZT,36.0,G238S,E240K,1.6806640625
AZT,36.0,G238S,R244C,-0.103515625
AZT,36.0,G238S,R244S,-0.400390625
AZT,36.0,G238S,T265M,-0.11907958984375
AZT,36.0,G238S,R275L,-0.06640625
AZT,36.0,G238S,R275Q,-0.396484375
AZT,36.0,G238S,N276D,0.2205810546875
AZT,36.0,E240K,R244C,-0.201171875
AZT,36.0,E240K,R244S,-0.322265625
AZT,36.0,E240K,T265M,-0.2030029296875
AZT,36.0,E240K,R275L,0.16015625
AZT,36.0,E240K,R275Q,-0.41796875
AZT,36.0,E240K,N276D,-0.341552734375
AZT,36.0,R244C,T265M,0.0703125
AZT,36.0,R244C,R275L,-0.205078125
AZT,36.0,R244C,R275Q,-0.27734375
AZT,36.0,R244C,N276D,-0.302734375
AZT,36.0,R244S,T265M,-0.298828125
AZT,36.0,R244S,R275L,0.181640625
AZT,36.0,R244S,R275Q,-1.06640625
AZT,36.0,R244S,N276D,-0.294921875
AZT,36.0,T265M,R275L,-0.29296875
AZT,36.0,T265M,R275Q,-0.427734375
AZT,36.0,T265M,N276D,-0.08782958984375
AZT,36.0,R275L,N276D,-0.09375
AZT,36.0,R275Q,N276D,-0.55859375
AZT,108.0,WT,L21P,0.169921875
AZT,108.0,WT,Q39K,-0.0292510986328125
AZT,108.0,WT,M69L,-0.076171875
AZT,108.0,WT,M69V,0.076171875
AZT,108.0,WT,E104K,0.03314208984375
AZT,108.0,WT,R164H,0.1717529296875
AZT,108.0,WT,R164N,0.1639404296875
AZT,108.0,WT,R164S,0.382568359375
AZT,108.0,WT,M182T,0.2359619140625
AZT,108.0,WT,A237T,0.0721435546875
AZT,108.0,WT,G238S,0.021453857421875
AZT,108.0,WT,E240K,0.159912109375
AZT,108.0,WT,R244C,0.052734375
AZT,108.0,WT,R244S,0.296875
AZT,108.0,WT,T265M,-0.019500732421875
AZT,108.0,WT,R275L,0.015625
AZT,108.0,WT,R275Q,-0.013671875
AZT,108.0,WT,N276D,0.048828125
AZT,108.0,L21P,Q39K,-0.296875
AZT,108.0,L21P,M69L,-0.16796875
AZT,108.0,L21P,M69V,-0.03515625
AZT,108.0,L21P,E104K,1.3271484375
AZT,108.0,L21P,R164H,-0.53173828125
AZT,108.0,L21P,R164N,-0.392333984375
AZT,108.0,L21P,R164S,-0.429443359375
AZT,108.0,L21P,M182T,-0.441162109375
AZT,108.0,L21P,A237T,-0.220458984375
AZT,108.0,L21P,G238S,-0.271240234375
AZT,108.0,L21P,E240K,2.33203125
AZT,108.0,L21P,R244C,-0.150390625
AZT,108.0,L21P,R244S,-0.384765625
AZT,108.0,L21P,T265M,-0.06243896484375
AZT,108.0,L21P,R275L,0.171875
AZT,108.0,L21P,R275Q,-0.220703125
AZT,108.0,L21P,N276D,-0.395263671875
AZT,108.0,Q39K,M69L,0.173828125
AZT,108.0,Q39K,M69V,-0.06640625
AZT,108.0,Q39K,E104K,0.040985107421875
AZT,108.0,Q39K,R164H,-0.07220458984375
AZT,108.0,Q39K,R164N,-0.09954833984375
AZT,108.0,Q39K,R164S,-0.2205810546875
AZT,108.0,Q39K,M182T,-0.2166748046875
AZT,108.0,Q39K,A237T,0.1326904296875
AZT,108.0,Q39K,G238S,-0.035125732421875
AZT,108.0,Q39K,E240K,-0.10931396484375
AZT,108.0,Q39K,R244C,-0.0859375
AZT,108.0,Q39K,R244S,-0.302734375
AZT,108.0,Q39K,T265M,0.2030029296875
AZT,108.0,Q39K,R275L,-0.123046875
AZT,108.0,Q39K,R275Q,0.126953125
AZT,108.0,Q39K,N276D,-0.1278076171875
AZT,108.0,M69L,E104K,0.33984375
AZT,108.0,M69L,R164H,-0.115234375
AZT,108.0,M69L,R164N,-0.083984375
AZT,108.0,M69L,R164S,-0.259765625
AZT,108.0,M69L,M182T,-0.12890625
AZT,108.0,M69L,A237T,0.10546875
AZT,108.0,M69L,G238S,0.181640625
AZT,108.0,M69L,E240K,-0.03515625
AZT,108.0,M69L,R244C,-0.08203125
AZT,108.0,M69L,R244S,-0.23046875
AZT,108.0,M69L,T265M,0.083984375
AZT,108.0,M69L,R275L,0.16015625
AZT,108.0,M69L,R275Q,0.416015625
AZT,108.0,M69L,N276D,0.12109375
AZT,108.0,M69V,E104K,-0.013671875
AZT,108.0,M69V,R164H,-0.09375
AZT,108.0,M69V,R164N,-0.140625
AZT,108.0,M69V,R164S,-0.27734375
AZT,108.0,M69V,M182T,-0.4677734375
AZT,108.0,M69V,A237T,0.05859375
AZT,108.0,M69V,G238S,-0.30859375
AZT,108.0,M69V,E240K,-0.01953125
AZT,108.0,M69V,R244C,-0.0546875
AZT,108.0,M69V,R244S,-0.2421875
AZT,108.0,M69V,T265M,-0.09765625
AZT,108.0,M69V,R275L,-0.02734375
AZT,108.0,M69V,R275Q,0.025390625
AZT,108.0,M69V,N276D,0.029296875
AZT,108.0,E104K,R164H,-0.054656982421875
AZT,108.0,E104K,R164N,1.7626953125
AZT,108.0,E104K,R164S,-0.1951904296875
AZT,108.0,E104K,M182T,-0.267333984375
AZT,108.0,E104K,A237T,0.0019521713256835938
AZT,108.0,E104K,G238S,-0.1385498046875
AZT,108.0,E104K,E240K,-0.2049560546875
AZT,108.0,E104K,R244C,-0.103515625
AZT,108.0,E104K,R244S,-0.267578125
AZT,108.0,E104K,T265M,0.0019521713256835938
AZT,108.0,E104K,R275L,0.095703125
AZT,108.0,E104K,R275Q,-0.04296875
AZT,108.0,E104K,N276D,-0.1287841796875
AZT,108.0,R164H,M182T,-0.322021484375
AZT,108.0,R164H,A237T,-0.1678466796875
AZT,108.0,R164H,G238S,-0.432373046875
AZT,108.0,R164H,E240K,-0.2049560546875
AZT,108.0,R164H,R244C,0.373046875
AZT,108.0,R164H,R244S,-0.455078125
AZT,108.0,R164H,T265M,-0.005855560302734375
AZT,108.0,R164H,R275L,-0.404296875
AZT,108.0,R164H,R275Q,0.1328125
AZT,108.0,R164H,N276D,-0.12493896484375
AZT,108.0,R164N,M182T,-0.294677734375
AZT,108.0,R164N,A237T,-0.0273284912109375
AZT,108.0,R164N,G238S,0.007808685302734375
AZT,108.0,R164N,E240K,2.080078125
AZT,108.0,R164N,R244C,-0.224609375
AZT,108.0,R164N,R244S,-0.3828125
AZT,108.0,R164N,T265M,-0.1658935546875
AZT,108.0,R164N,R275L,-0.32421875
AZT,108.0,R164N,R275Q,0.009765625
AZT,108.0,R164N,N276D,-0.1678466796875
AZT,108.0,R164S,M182T,-0.62255859375
AZT,108.0,R164S,A237T,-0.07220458984375
AZT,108.0,R164S,G238S,-0.2498779296875
AZT,108.0,R164S,E240K,0.72412109375
AZT,108.0,R164S,R244C,-0.3515625
AZT,108.0,R164S,R244S,-0.703125
AZT,108.0,R164S,T265M,-0.374755859375
AZT,108.0,R164S,R275L,-0.3671875
AZT,108.0,R164S,R275Q,-0.375
AZT,108.0,R164S,N276D,-0.448974609375
AZT,108.0,M182T,A237T,-0.2362060546875
AZT,108.0,M182T,G238S,-0.10150146484375
AZT,108.0,M182T,E240K,-0.476318359375
AZT,108.0,M182T,R244C,-0.3046875
AZT,108.0,M182T,R244S,-0.419921875
AZT,108.0,M182T,T265M,-0.1795654296875
AZT,108.0,M182T,R275L,0.076171875
AZT,108.0,M182T,R275Q,-0.17578125
AZT,108.0,M182T,N276D,-0.09954833984375
AZT,108.0,A237T,G238S,-0.316162109375
AZT,108.0,A237T,E240K,-0.1365966796875
AZT,108.0,A237T,R244C,0.18359375
AZT,108.0,A237T,R244S,-0.27734375
AZT,108.0,A237T,T265M,0.445068359375
AZT,108.0,A237T,R275L,-0.029296875
AZT,108.0,A237T,R275Q,-0.171875
AZT,108.0,A237T,N276D,-0.0175628662109375
AZT,108.0,G238S,E240K,0.00975799560546875
AZT,108.0,G238S,R244C,-0.166015625
AZT,108.0,G238S,R244S,-0.232421875
AZT,108.0,G238S,T265M,-0.311279296875
AZT,108.0,G238S,R275L,0.119140625
AZT,108.0,G238S,R275Q,-0.009765625
AZT,108.0,G238S,N276D,-0.0273284912109375
AZT,108.0,E240K,R244C,-0.056640625
AZT,108.0,E240K,R244S,-0.34375
AZT,108.0,E240K,T265M,-0.11712646484375
AZT,108.0,E240K,R275L,-0.2109375
AZT,108.0,E240K,R275Q,-0.0078125
AZT,108.0,E240K,N276D,-0.1697998046875
AZT,108.0,R244C,T265M,0.091796875
AZT,108.0,R244C,R275L,0.041015625
AZT,108.0,R244C,R275Q,0.033203125
AZT,108.0,R244C,N276D,0.009765625
AZT,108.0,R244S,T265M,-0.25
AZT,108.0,R244S,R275L,-0.26171875
AZT,108.0,R244S,R275Q,-0.109375
AZT,108.0,R244S,N276D,-0.3046875
AZT,108.0,T265M,R275L,-0.154296875
AZT,108.0,T265M,R275Q,0.11328125
AZT,108.0,T265M,N276D,-0.060516357421875
AZT,108.0,R275L,N276D,0.802734375
AZT,108.0,R275Q,N276D,0.0859375
AZT,324.0,WT,L21P,0.0576171875
AZT,324.0,WT,Q39K,0.0965576171875
AZT,324.0,WT,M69L,0.2666015625
AZT,324.0,WT,M69V,0.0322265625
AZT,324.0,WT,E104K,0.180419921875
AZT,324.0,WT,R164H,0.319091796875
AZT,324.0,WT,R164N,0.10638427734375
AZT,324.0,WT,R164S,0.2274169921875
AZT,324.0,WT,M182T,0.155029296875
AZT,324.0,WT,A237T,0.143310546875
AZT,324.0,WT,G238S,0.0770263671875
AZT,324.0,WT,E240K,0.147216796875
AZT,324.0,WT,R244C,-0.01953125
AZT,324.0,WT,R244S,0.2119140625
AZT,324.0,WT,T265M,0.04290771484375
AZT,324.0,WT,R275L,0.2119140625
AZT,324.0,WT,R275Q,0.03125
AZT,324.0,WT,N276D,0.0029296875
AZT,324.0,L21P,Q39K,-0.13671875
AZT,324.0,L21P,M69L,-0.4287109375
AZT,324.0,L21P,M69V,-0.0625
AZT,324.0,L21P,E104K,-0.1434326171875
AZT,324.0,L21P,R164H,-0.311279296875
AZT,324.0,L21P,R164N,-0.12493896484375
AZT,324.0,L21P,R164S,-0.12200927734375
AZT,324.0,L21P,M182T,-0.1649169921875
AZT,324.0,L21P,A237T,-0.1375732421875
AZT,324.0,L21P,G238S,0.05364990234375
AZT,324.0,L21P,E240K,1.45703125
AZT,324.0,L21P,R244C,0.013671875
AZT,324.0,L21P,R244S,-0.1552734375
AZT,324.0,L21P,T265M,0.080078125
AZT,324.0,L21P,R275L,-0.0537109375
AZT,324.0,L21P,R275Q,-0.087890625
AZT,324.0,L21P,N276D,0.07513427734375
AZT,324.0,Q39K,M69L,-0.26953125
AZT,324.0,Q39K,M69V,-0.0830078125
AZT,324.0,Q39K,E104K,-0.08099365234375
AZT,324.0,Q39K,R164H,-0.1356201171875
AZT,324.0,Q39K,R164N,-0.10638427734375
AZT,324.0,Q39K,R164S,-0.0165863037109375
AZT,324.0,Q39K,M182T,-0.1903076171875
AZT,324.0,Q39K,A237T,0.0302581787109375
AZT,324.0,Q39K,G238S,-0.047821044921875
AZT,324.0,Q39K,E240K,-0.322998046875
AZT,324.0,Q39K,R244C,-0.140625
AZT,324.0,Q39K,R244S,-0.328125
AZT,324.0,Q39K,T265M,0.07220458984375
AZT,324.0,Q39K,R275L,-0.455078125
AZT,324.0,Q39K,R275Q,-0.1318359375
AZT,324.0,Q39K,N276D,-0.08978271484375
AZT,324.0,M69L,E104K,-0.40234375
AZT,324.0,M69L,R164H,-0.6142578125
AZT,324.0,M69L,R164N,-0.33203125
AZT,324.0,M69L,R164S,-0.3681640625
AZT,324.0,M69L,M182T,-0.3076171875
AZT,324.0,M69L,A237T,-0.37890625
AZT,324.0,M69L,G238S,-0.1611328125
AZT,324.0,M69L,E240K,-0.3447265625
AZT,324.0,M69L,R244C,-0.259765625
AZT,324.0,M69L,R244S,-0.4072265625
AZT,324.0,M69L,T265M,-0.126953125
AZT,324.0,M69L,R275L,-0.447265625
AZT,324.0,M69L,R275Q,-0.37890625
AZT,324.0,M69L,N276D,-0.1318359375
AZT,324.0,M69V,E104K,-0.1005859375
AZT,324.0,M69V,R164H,-0.1201171875
AZT,324.0,M69V,R164N,0.1103515625
AZT,324.0,M69V,R164S,-0.1767578125
AZT,324.0,M69V,M182T,-0.1005859375
AZT,324.0,M69V,A237T,-0.1923828125
AZT,324.0,M69V,G238S,-0.298828125
AZT,324.0,M69V,E240K,-0.0263671875
AZT,324.0,M69V,R244C,0.001953125
AZT,324.0,M69V,R244S,-0.2412109375
AZT,324.0,M69V,T265M,-0.140625
AZT,324.0,M69V,R275L,-0.1826171875
AZT,324.0,M69V,R275Q,0.015625
AZT,324.0,M69V,N276D,0.0322265625
AZT,324.0,E104K,R164H,-0.297607421875
AZT,324.0,E104K,R164N,-0.041961669921875
AZT,324.0,E104K,R164S,-0.2371826171875
AZT,324.0,E104K,M182T,-0.1707763671875
AZT,324.0,E104K,A237T,-0.266357421875
AZT,324.0,E104K,G238S,-0.1278076171875
AZT,324.0,E104K,E240K,-0.2391357421875
AZT,324.0,E104K,R244C,-0.09375
AZT,324.0,E104K,R244S,-0.3291015625
AZT,324.0,E104K,T265M,-0.1619873046875
AZT,324.0,E104K,R275L,-0.1943359375
AZT,324.0,E104K,R275Q,-0.2529296875
AZT,324.0,E104K,N276D,-0.0224456787109375
AZT,324.0,R164H,M182T,-0.2352294921875
AZT,324.0,R164H,A237T,-0.410888671875
AZT,324.0,R164H,G238S,-0.53369140625
AZT,324.0,R164H,E240K,-0.473388671875
AZT,324.0,R164H,R244C,-0.2724609375
AZT,324.0,R164H,R244S,-0.5546875
AZT,324.0,R164H,T265M,-0.2108154296875
AZT,324.0,R164H,R275L,-0.3740234375
AZT,324.0,R164H,R275Q,-0.107421875
AZT,324.0,R164H,N276D,-0.10443115234375
AZT,324.0,R164N,M182T,-0.1707763671875
AZT,324.0,R164N,A237T,-0.2098388671875
AZT,324.0,R164N,G238S,-0.296630859375
AZT,324.0,R164N,E240K,-0.08099365234375
AZT,324.0,R164N,R244C,-0.01953125
AZT,324.0,R164N,R244S,-0.0947265625
AZT,324.0,R164N,T265M,-0.01171112060546875
AZT,324.0,R164N,R275L,-0.2197265625
AZT,324.0,R164N,R275Q,0.013671875
AZT,324.0,R164N,N276D,0.036102294921875
AZT,324.0,R164S,M182T,-0.341552734375
AZT,324.0,R164S,A237T,-0.2371826171875
AZT,324.0,R164S,G238S,-0.2059326171875
AZT,324.0,R164S,E240K,-0.317138671875
AZT,324.0,R164S,R244C,-0.208984375
AZT,324.0,R164S,R244S,-0.4248046875
AZT,324.0,R164S,T265M,-0.1697998046875
AZT,324.0,R164S,R275L,-0.2939453125
AZT,324.0,R164S,R275Q,-0.08203125
AZT,324.0,R164S,N276D,-0.12396240234375
AZT,324.0,M182T,A237T,-0.057586669921875
AZT,324.0,M182T,G238S,-0.08294677734375
AZT,324.0,M182T,E240K,-0.2371826171875
AZT,324.0,M182T,R244C,-0.1123046875
AZT,324.0,M182T,R244S,-0.36328125
AZT,324.0,M182T,T265M,-0.11907958984375
AZT,324.0,M182T,R275L,-0.0400390625
AZT,324.0,M182T,R275Q,-0.171875
AZT,324.0,M182T,N276D,0.059539794921875
AZT,324.0,A237T,G238S,-0.50341796875
AZT,324.0,A237T,E240K,-0.2401123046875
AZT,324.0,A237T,R244C,-0.099609375
AZT,324.0,A237T,R244S,-0.4189453125
AZT,324.0,A237T,T265M,0.0292816162109375
AZT,324.0,A237T,R275L,-0.2939453125
AZT,324.0,A237T,R275Q,-0.181640625
AZT,324.0,A237T,N276D,0.0029277801513671875
AZT,324.0,G238S,E240K,-0.2010498046875
AZT,324.0,G238S,R244C,-0.0673828125
AZT,324.0,G238S,R244S,-0.1494140625
AZT,324.0,G238S,T265M,-0.1424560546875
AZT,324.0,G238S,R275L,0.0302734375
AZT,324.0,G238S,R275Q,-0.12890625
AZT,324.0,G238S,N276D,-0.041961669921875
AZT,324.0,E240K,R244C,-0.095703125
AZT,324.0,E240K,R244S,-0.1669921875
AZT,324.0,E240K,T265M,-0.058563232421875
AZT,324.0,E240K,R275L,-0.384765625
AZT,324.0,E240K,R275Q,-0.044921875
AZT,324.0,E240K,N276D,-0.06341552734375
AZT,324.0,R244C,T265M,0.0009765625
AZT,324.0,R244C,R275L,0.029296875
AZT,324.0,R244C,R275Q,-0.1923828125
AZT,324.0,R244C,N276D,0.04296875
AZT,324.0,R244S,T265M,-0.2568359375
AZT,324.0,R244S,R275L,-0.2998046875
AZT,324.0,R244S,R275Q,-0.14453125
AZT,324.0,R244S,N276D,-0.0810546875
AZT,324.0,T265M,R275L,-0.267578125
AZT,324.0,T265M,R275Q,-0.0595703125
AZT,324.0,T265M,N276D,-0.10150146484375
AZT,324.0,R275L,N276D,-0.1455078125
AZT,324.0,R275Q,N276D,0.03125
