drug,concentration,model,feature_set,train_fraction_of_pool,n_train,n_test,seed,rmsd,r2,runtime_s
AMP,781.0,Linear (additive),bare,0.0003,16,2765,1001,1.3408438602072337,-2.776056423374157,0.010400249855592847
AMP,781.0,Lasso (additive),bare,0.0003,16,2765,1001,0.7555545026168377,-0.19898474030181323,0.0222421670332551
AMP,781.0,Decision tree,bare,0.0003,16,2765,1001,1.1751131389308564,-1.9002899921012393,0.0013735000975430012
AMP,781.0,LightGBM,bare,0.0003,16,2765,1001,0.7611379541273126,-0.21677090605917648,0.01757154194638133
AMP,781.0,Linear (+ pairwise),pw,0.0003,16,2765,1001,0.7542101956118298,-0.19472199104103538,0.0007975001353770494
AMP,781.0,Lasso (+ pairwise),pw,0.0003,16,2765,1001,0.7611379483742581,-0.21677088766527186,0.01453595794737339
AMP,781.0,Linear (additive),bare,0.0003,16,2765,1002,2.185223115334043,-9.029369490904225,0.00029200012795627117
AMP,781.0,Lasso (additive),bare,0.0003,16,2765,1002,0.6900345133043125,-0.00005454121139769619,0.013799416134133935
AMP,781.0,Decision tree,bare,0.0003,16,2765,1002,0.9502253846798722,-0.896423446113902,0.00040070805698633194
AMP,781.0,LightGBM,bare,0.0003,16,2765,1002,0.6900345133919822,-0.000054541465513757714,0.0051423329859972
AMP,781.0,Linear (+ pairwise),pw,0.0003,16,2765,1002,0.6901601581663316,-0.0004187640207176102,0.0003652498126029968
AMP,781.0,Lasso (+ pairwise),pw,0.0003,16,2765,1002,0.6900345133043125,-0.00005454121139769619,0.014595333021134138
AMP,781.0,Linear (additive),bare,0.0003,16,2765,1003,0.9636826867447333,-0.9505189455105689,0.00026916712522506714
AMP,781.0,Lasso (additive),bare,0.0003,16,2765,1003,0.8231755063767698,-0.42320328894509074,0.014539832947775722
AMP,781.0,Decision tree,bare,0.0003,16,2765,1003,1.100624382044402,-1.5442531369939996,0.00034662499092519283
AMP,781.0,LightGBM,bare,0.0003,16,2765,1003,0.7041830766107925,-0.04148549770286558,0.005134999984875321
AMP,781.0,Linear (+ pairwise),pw,0.0003,16,2765,1003,0.8117844919498448,-0.38408754512958243,0.0003480419982224703
AMP,781.0,Lasso (+ pairwise),pw,0.0003,16,2765,1003,0.8827291380289642,-0.6365790394823476,0.016425292007625103
AMP,781.0,Linear (additive),bare,0.001,53,2765,1001,0.6795941246522369,0.029978655031487222,0.00032291701063513756
AMP,781.0,Lasso (additive),bare,0.001,53,2765,1001,0.707320183141084,-0.05078571748621852,0.013183416100218892
AMP,781.0,Decision tree,bare,0.001,53,2765,1001,1.0357350890586614,-1.2530946644618512,0.0004927502013742924
AMP,781.0,LightGBM,bare,0.001,53,2765,1001,0.7595270790059847,-0.21162599947571015,0.024426083080470562
AMP,781.0,Linear (+ pairwise),pw,0.001,53,2765,1001,0.8121336948907613,-0.38527857896136664,0.003298874944448471
AMP,781.0,Lasso (+ pairwise),pw,0.001,53,2765,1001,0.707320183141084,-0.05078571748621852,0.03845266602002084
AMP,781.0,Linear (additive),bare,0.001,53,2765,1002,0.7123047007659777,-0.06564777025497448,0.0002808328717947006
AMP,781.0,Lasso (additive),bare,0.001,53,2765,1002,0.6813394188860107,0.024989952228916423,0.01443708292208612
AMP,781.0,Decision tree,bare,0.001,53,2765,1002,0.7773871213351972,-0.2692779714518956,0.0005065831355750561
AMP,781.0,LightGBM,bare,0.001,53,2765,1002,0.7646649003645211,-0.22807353115228923,0.021873916033655405
AMP,781.0,Linear (+ pairwise),pw,0.001,53,2765,1002,0.7753964852844333,-0.26278587651561525,0.000573375029489398
AMP,781.0,Lasso (+ pairwise),pw,0.001,53,2765,1002,0.6624421651763814,0.07832460088799231,0.035780749982222915
AMP,781.0,Linear (additive),bare,0.001,53,2765,1003,0.8645701428740298,-0.569938090844188,0.0002703331410884857
AMP,781.0,Lasso (additive),bare,0.001,53,2765,1003,0.6829571598694744,0.02035441751488809,0.0140025420114398
AMP,781.0,Decision tree,bare,0.001,53,2765,1003,0.8337535491215204,-0.46001544810261263,0.0004297909326851368
AMP,781.0,LightGBM,bare,0.001,53,2765,1003,0.6864592325901538,0.010281790745082398,0.02574808383360505
AMP,781.0,Linear (+ pairwise),pw,0.001,53,2765,1003,0.8500247053073302,-0.5175575033944015,0.0005940420087426901
AMP,781.0,Lasso (+ pairwise),pw,0.001,53,2765,1003,0.637924719163907,0.1452857947900804,0.03758775000460446
AMP,781.0,Linear (additive),bare,0.003,158,2765,1001,0.609864719279791,0.21882366198690173,0.0003113329876214266
AMP,781.0,Lasso (additive),bare,0.003,158,2765,1001,0.611587560350622,0.21440385015211494,0.014633625047281384
AMP,781.0,Decision tree,bare,0.003,158,2765,1001,0.7799837078264942,-0.27777127975026006,0.000615208875387907
AMP,781.0,LightGBM,bare,0.003,158,2765,1001,0.5966307344675177,0.25235866744623914,0.06307958299294114
AMP,781.0,Linear (+ pairwise),pw,0.003,158,2765,1001,1.903749864198332,-6.612053472945485,0.0035767918452620506
AMP,781.0,Lasso (+ pairwise),pw,0.003,158,2765,1001,0.6201140709761296,0.19234621677683217,0.6271419171243906
AMP,781.0,Linear (additive),bare,0.003,158,2765,1002,0.607658377663678,0.22446564825998283,0.0003304160200059414
AMP,781.0,Lasso (additive),bare,0.003,158,2765,1002,0.5987346825064268,0.2470764319815455,0.012192582944408059
AMP,781.0,Decision tree,bare,0.003,158,2765,1002,0.8264242281913943,-0.43445900587355357,0.0006567079108208418
AMP,781.0,LightGBM,bare,0.003,158,2765,1002,0.5569708559949007,0.3484511215445024,0.06504945806227624
AMP,781.0,Linear (+ pairwise),pw,0.003,158,2765,1002,2.7057256035418145,-14.376219224491775,0.0014065839350223541
AMP,781.0,Lasso (+ pairwise),pw,0.003,158,2765,1002,0.6048570613890996,0.23159962158799663,0.5936019159853458
AMP,781.0,Linear (additive),bare,0.003,158,2765,1003,0.5821818565133694,0.28813212755605344,0.00033516716212034225
AMP,781.0,Lasso (additive),bare,0.003,158,2765,1003,0.57605309314496,0.303041232745915,0.012658708030357957
AMP,781.0,Decision tree,bare,0.003,158,2765,1003,0.7923644602363736,-0.3186575803604972,0.0006675838958472013
AMP,781.0,LightGBM,bare,0.003,158,2765,1003,0.5523395064959239,0.3592416492796099,0.06464533391408622
AMP,781.0,Linear (+ pairwise),pw,0.003,158,2765,1003,2.3156966908539953,-10.262775042417687,0.0014117499813437462
AMP,781.0,Lasso (+ pairwise),pw,0.003,158,2765,1003,0.5865463050672012,0.27741878609472015,0.43157316697761416
AMP,781.0,Linear (additive),bare,0.01,525,2765,1001,0.5697222675851875,0.3182762126451253,0.00036516692489385605
AMP,781.0,Lasso (additive),bare,0.01,525,2765,1001,0.5677616279160689,0.32296030125058584,0.012734540970996022
AMP,781.0,Decision tree,bare,0.01,525,2765,1001,0.7613077102182189,-0.21731371779324338,0.001130125019699335
AMP,781.0,LightGBM,bare,0.01,525,2765,1001,0.5359591364304608,0.39668320248313604,0.21048745792359114
AMP,781.0,Linear (+ pairwise),pw,0.01,525,2765,1001,0.5784081768035035,0.2973308164967161,0.002646292094141245
AMP,781.0,Lasso (+ pairwise),pw,0.01,525,2765,1001,0.5458686775354971,0.3741670725473122,0.05454895808361471
AMP,781.0,Linear (additive),bare,0.01,525,2765,1002,0.5680016414526247,0.32238776153830373,0.0003616251051425934
AMP,781.0,Lasso (additive),bare,0.01,525,2765,1002,0.5669144730915544,0.3249792103054846,0.013541124993935227
AMP,781.0,Decision tree,bare,0.01,525,2765,1002,0.7312961598695409,-0.12322987360190552,0.0011867498978972435
AMP,781.0,LightGBM,bare,0.01,525,2765,1002,0.5445765024700343,0.3771264969684004,0.21740395901724696
AMP,781.0,Linear (+ pairwise),pw,0.01,525,2765,1002,0.5770505885071969,0.3006254309286056,0.002722374862059951
AMP,781.0,Lasso (+ pairwise),pw,0.01,525,2765,1002,0.5450305847859401,0.37608732704645487,0.05415170779451728
AMP,781.0,Linear (additive),bare,0.01,525,2765,1003,0.569846926517654,0.31797784882185165,0.0003529160749167204
AMP,781.0,Lasso (additive),bare,0.01,525,2765,1003,0.5679441073224875,0.32252502824102125,0.013899416895583272
AMP,781.0,Decision tree,bare,0.01,525,2765,1003,0.806938150541857,-0.36761091067242924,0.0011314589064568281
AMP,781.0,LightGBM,bare,0.01,525,2765,1003,0.551380767789542,0.3614641470863448,0.2044346248731017
AMP,781.0,Linear (+ pairwise),pw,0.01,525,2765,1003,0.5866572426415648,0.2771454266439811,0.002510499907657504
AMP,781.0,Lasso (+ pairwise),pw,0.01,525,2765,1003,0.5524637346304633,0.35895338756661876,0.05298587493598461
AMP,781.0,Linear (additive),bare,0.03,1576,2765,1001,0.5606844349927829,0.3397338092420952,0.0004874579608440399
AMP,781.0,Lasso (additive),bare,0.03,1576,2765,1001,0.5605976487358076,0.339938193715582,0.014116584090515971
AMP,781.0,Decision tree,bare,0.03,1576,2765,1001,0.7118485255129217,-0.06428327980810833,0.002723083132877946
AMP,781.0,LightGBM,bare,0.03,1576,2765,1001,0.5062464091769275,0.461722816589895,0.34533966588787735
AMP,781.0,Linear (+ pairwise),pw,0.03,1576,2765,1001,0.5069532867366925,0.4602185621381064,0.004369458183646202
AMP,781.0,Lasso (+ pairwise),pw,0.03,1576,2765,1001,0.5056422321253057,0.4630068579296732,0.04517850000411272
AMP,781.0,Linear (additive),bare,0.03,1576,2765,1002,0.5609701369643968,0.33906074823956966,0.0004706669133156538
AMP,781.0,Lasso (additive),bare,0.03,1576,2765,1002,0.5609232589977274,0.33917120757275565,0.01461974997073412
AMP,781.0,Decision tree,bare,0.03,1576,2765,1002,0.7282902677686857,-0.11401508740338695,0.002640791004523635
AMP,781.0,LightGBM,bare,0.03,1576,2765,1002,0.5056192130544356,0.463055749422682,0.3729455419816077
AMP,781.0,Linear (+ pairwise),pw,0.03,1576,2765,1002,0.5054462019918783,0.4634231460693603,0.004452666966244578
AMP,781.0,Lasso (+ pairwise),pw,0.03,1576,2765,1002,0.5008137566857801,0.4732135937662235,0.04623966594226658
AMP,781.0,Linear (additive),bare,0.03,1576,2765,1003,0.5615429138608271,0.33771035905605706,0.0004747500643134117
AMP,781.0,Lasso (additive),bare,0.03,1576,2765,1003,0.5615117091185172,0.33778396341594774,0.01271783304400742
AMP,781.0,Decision tree,bare,0.03,1576,2765,1003,0.7336209526997426,-0.13038272775025428,0.0026940000243484974
AMP,781.0,LightGBM,bare,0.03,1576,2765,1003,0.5056066534640258,0.4630824245011915,0.35834100004285574
AMP,781.0,Linear (+ pairwise),pw,0.03,1576,2765,1003,0.5111867452357277,0.45116572140029454,0.004357291851192713
AMP,781.0,Lasso (+ pairwise),pw,0.03,1576,2765,1003,0.50636367421984,0.4614734186428262,0.053967125015333295
AMP,781.0,Linear (additive),bare,0.1,5253,2765,1001,0.5578273117439366,0.3464458036239316,0.0009800831321626902
AMP,781.0,Lasso (additive),bare,0.1,5253,2765,1001,0.5578259936300676,0.34644889224227093,0.015465750126168132
AMP,781.0,Decision tree,bare,0.1,5253,2765,1001,0.7010057186277858,-0.032108088105490484,0.008111084112897515
AMP,781.0,LightGBM,bare,0.1,5253,2765,1001,0.47907277299549417,0.5179578236380831,0.41369824996218085
AMP,781.0,Linear (+ pairwise),pw,0.1,5253,2765,1001,0.4883899823157427,0.49902557641331424,0.012092291144654155
AMP,781.0,Lasso (+ pairwise),pw,0.1,5253,2765,1001,0.48783005555916353,0.5001736269305364,0.1604522920679301
AMP,781.0,Linear (additive),bare,0.1,5253,2765,1002,0.5588241766614356,0.34410784930606375,0.0009200000204145908
AMP,781.0,Lasso (additive),bare,0.1,5253,2765,1002,0.5588487676858892,0.3440501230462867,0.014512334018945694
AMP,781.0,Decision tree,bare,0.1,5253,2765,1002,0.7016305122350327,-0.033948706211260005,0.007770291995257139
AMP,781.0,LightGBM,bare,0.1,5253,2765,1002,0.4810121217748622,0.5140471856224069,0.3947696660179645
AMP,781.0,Linear (+ pairwise),pw,0.1,5253,2765,1002,0.48881018777653984,0.49816313960116754,0.011992417043074965
AMP,781.0,Lasso (+ pairwise),pw,0.1,5253,2765,1002,0.4882079276283841,0.49939899825403644,0.14213154185563326
AMP,781.0,Linear (additive),bare,0.1,5253,2765,1003,0.5585176518880843,0.3448271884552585,0.0009782500565052032
AMP,781.0,Lasso (additive),bare,0.1,5253,2765,1003,0.5585216747907618,0.3448177502362836,0.028481875080615282
AMP,781.0,Decision tree,bare,0.1,5253,2765,1003,0.6919305301424017,-0.005557817380091867,0.007975917076691985
AMP,781.0,LightGBM,bare,0.1,5253,2765,1003,0.47227382801753065,0.5315429085460328,0.40479258308187127
AMP,781.0,Linear (+ pairwise),pw,0.1,5253,2765,1003,0.4870025723619289,0.501867852766681,0.011812249897047877
AMP,781.0,Lasso (+ pairwise),pw,0.1,5253,2765,1003,0.486340469718178,0.5032213996724857,0.16966616618447006
AMP,781.0,Linear (additive),bare,0.3,15759,2765,1001,0.5577116438996772,0.3467168099583937,0.0019382499158382416
AMP,781.0,Lasso (additive),bare,0.3,15759,2765,1001,0.557704516498985,0.34673350740898257,0.015754542080685496
AMP,781.0,Decision tree,bare,0.3,15759,2765,1001,0.6890782826657708,0.002715233862296218,0.022496874909847975
AMP,781.0,LightGBM,bare,0.3,15759,2765,1001,0.4674464471706364,0.5410706995007766,0.5179879171773791
AMP,781.0,Linear (+ pairwise),pw,0.3,15759,2765,1001,0.4838741475088508,0.5082471358504046,0.03436266700737178
AMP,781.0,Lasso (+ pairwise),pw,0.3,15759,2765,1001,0.48382993534185487,0.5083369958546667,0.36396754113957286
AMP,781.0,Linear (additive),bare,0.3,15759,2765,1002,0.5578872602439051,0.34630532395157,0.002019417006522417
AMP,781.0,Lasso (additive),bare,0.3,15759,2765,1002,0.5579019499536094,0.34627089867559246,0.016171124996617436
AMP,781.0,Decision tree,bare,0.3,15759,2765,1002,0.6799157450538259,0.02906030548808236,0.021590791875496507
AMP,781.0,LightGBM,bare,0.3,15759,2765,1002,0.46888228596405945,0.5382470154979029,0.45398800005204976
AMP,781.0,Linear (+ pairwise),pw,0.3,15759,2765,1002,0.48408210536617086,0.5078243571266257,0.03373570810072124
AMP,781.0,Lasso (+ pairwise),pw,0.3,15759,2765,1002,0.48403469293544443,0.507920762676647,0.3957530839834362
AMP,781.0,Linear (additive),bare,0.3,15759,2765,1003,0.5573264920452548,0.3476188042189352,0.002131332876160741
AMP,781.0,Lasso (additive),bare,0.3,15759,2765,1003,0.5573309443404809,0.3476083808662791,0.017072000075131655
AMP,781.0,Decision tree,bare,0.3,15759,2765,1003,0.6926924919903472,-0.007773700425139474,0.022182124899700284
AMP,781.0,LightGBM,bare,0.3,15759,2765,1003,0.46418696598109643,0.5474485685047419,0.500119874952361
AMP,781.0,Linear (+ pairwise),pw,0.3,15759,2765,1003,0.48210831318809083,0.5118297600429214,0.030896916054189205
AMP,781.0,Lasso (+ pairwise),pw,0.3,15759,2765,1003,0.4819603826539838,0.512129295243027,0.381490166997537
AMP,781.0,Linear (additive),bare,0.5,26266,2765,1001,0.5573030340990928,0.34767372068575464,0.0031827089842408895
AMP,781.0,Lasso (additive),bare,0.5,26266,2765,1001,0.5572985442183863,0.3476842315037423,0.028819457860663533
AMP,781.0,Decision tree,bare,0.5,26266,2765,1001,0.6918186156406092,-0.005232561024744564,0.03601870802231133
AMP,781.0,LightGBM,bare,0.5,26266,2765,1001,0.46517164579492515,0.545526537353445,0.5249992918688804
AMP,781.0,Linear (+ pairwise),pw,0.5,26266,2765,1001,0.4823598349900014,0.5113202584045096,0.04983274987898767
AMP,781.0,Lasso (+ pairwise),pw,0.5,26266,2765,1001,0.4824530539044436,0.5111313596052044,0.5459402080159634
AMP,781.0,Linear (additive),bare,0.5,26266,2765,1002,0.5574668326657803,0.34729021008078775,0.0032464999239891768
AMP,781.0,Lasso (additive),bare,0.5,26266,2765,1002,0.55746707216026,0.34728964925665995,0.017924333922564983
AMP,781.0,Decision tree,bare,0.5,26266,2765,1002,0.6795678109488468,0.030053771513133598,0.0355380829423666
AMP,781.0,LightGBM,bare,0.5,26266,2765,1002,0.46509620709685007,0.5456739328646927,0.5367348748259246
AMP,781.0,Linear (+ pairwise),pw,0.5,26266,2765,1002,0.48257842272824286,0.510877254675753,0.045671874890103936
AMP,781.0,Lasso (+ pairwise),pw,0.5,26266,2765,1002,0.48255414305987565,0.5109264712952274,0.5881444162223488
AMP,781.0,Linear (additive),bare,0.5,26266,2765,1003,0.5570810604938391,0.34819325986076155,0.0031492498237639666
AMP,781.0,Lasso (additive),bare,0.5,26266,2765,1003,0.5570818191412595,0.34819148456494264,0.028943917015567422
AMP,781.0,Decision tree,bare,0.5,26266,2765,1003,0.7047171799565493,-0.04306597261513323,0.036231165984645486
AMP,781.0,LightGBM,bare,0.5,26266,2765,1003,0.4630131982080265,0.5497343659392488,0.5317585000302643
AMP,781.0,Linear (+ pairwise),pw,0.5,26266,2765,1003,0.48200346641823205,0.512042067136026,0.044241667026653886
AMP,781.0,Lasso (+ pairwise),pw,0.5,26266,2765,1003,0.4820176818716543,0.5120132845813861,0.53296570898965
AMP,781.0,Linear (additive),bare,0.7,36772,2765,1001,0.5571840473246136,0.3479522403033153,0.004508540965616703
AMP,781.0,Lasso (additive),bare,0.7,36772,2765,1001,0.5571821081374427,0.34795677898476585,0.032061791978776455
AMP,781.0,Decision tree,bare,0.7,36772,2765,1001,0.6980158874247003,-0.023322857792391405,0.051942416932433844
AMP,781.0,LightGBM,bare,0.7,36772,2765,1001,0.46282238643008183,0.550105406260135,0.5331965838558972
AMP,781.0,Linear (+ pairwise),pw,0.7,36772,2765,1001,0.4824701155540306,0.5110967819282495,0.05520754191093147
AMP,781.0,Lasso (+ pairwise),pw,0.7,36772,2765,1001,0.4824896377245651,0.5110572161819419,0.6543260829057544
AMP,781.0,Linear (additive),bare,0.7,36772,2765,1002,0.5571928003759384,0.34793175352748473,0.004640124971047044
AMP,781.0,Lasso (additive),bare,0.7,36772,2765,1002,0.5571908893751609,0.347936226308857,0.02873000013642013
AMP,781.0,Decision tree,bare,0.7,36772,2765,1002,0.6882688260898377,0.0050568678713075466,0.049448249861598015
AMP,781.0,LightGBM,bare,0.7,36772,2765,1002,0.46370907072960105,0.5483799210263129,0.5285849580541253
AMP,781.0,Linear (+ pairwise),pw,0.7,36772,2765,1002,0.4820177360740184,0.5120131748342289,0.0638496249448508
AMP,781.0,Lasso (+ pairwise),pw,0.7,36772,2765,1002,0.4820238560569339,0.5120007832155458,0.6441692910157144
AMP,781.0,Linear (additive),bare,0.7,36772,2765,1003,0.5570064535240895,0.3483678343450015,0.004101875005289912
AMP,781.0,Lasso (additive),bare,0.7,36772,2765,1003,0.5570102897407329,0.348358858467786,0.029751540860161185
AMP,781.0,Decision tree,bare,0.7,36772,2765,1003,0.7024684277685005,-0.03641974756053412,0.04965937486849725
AMP,781.0,LightGBM,bare,0.7,36772,2765,1003,0.46315141170837903,0.5494655093358967,0.5489363342057914
AMP,781.0,Linear (+ pairwise),pw,0.7,36772,2765,1003,0.48228286109161334,0.5114762107900122,0.055899957893416286
AMP,781.0,Lasso (+ pairwise),pw,0.7,36772,2765,1003,0.4823171509606531,0.5114067411338767,0.6185820829123259
AMP,781.0,Linear (additive),bare,0.9,47278,2765,1001,0.5570715040308963,0.34821562254358174,0.005397209199145436
AMP,781.0,Lasso (additive),bare,0.9,47278,2765,1001,0.5570726185573197,0.3482130145062563,0.032756750006228685
AMP,781.0,Decision tree,bare,0.9,47278,2765,1001,0.7047792823537973,-0.04324981871233291,0.06591137498617172
AMP,781.0,LightGBM,bare,0.9,47278,2765,1001,0.463975229353973,0.547861332612402,0.5445776251144707
AMP,781.0,Linear (+ pairwise),pw,0.9,47278,2765,1001,0.48210471577716346,0.5118370453037457,0.07944329222664237
AMP,781.0,Lasso (+ pairwise),pw,0.9,47278,2765,1001,0.4821267055491889,0.511792512087011,1.0029787921812385
AMP,781.0,Linear (additive),bare,0.9,47278,2765,1002,0.5571914496505996,0.34793491496113926,0.005450166994705796
AMP,781.0,Lasso (additive),bare,0.9,47278,2765,1002,0.5571886229659625,0.3479415309193852,0.031527332961559296
AMP,781.0,Decision tree,bare,0.9,47278,2765,1002,0.7020098364089996,-0.03506698071770331,0.061917582992464304
AMP,781.0,LightGBM,bare,0.9,47278,2765,1002,0.4625929088197538,0.5505514311058344,0.5619430840015411
AMP,781.0,Linear (+ pairwise),pw,0.9,47278,2765,1002,0.4819770107338175,0.5120956306794608,0.07685079099610448
AMP,781.0,Lasso (+ pairwise),pw,0.9,47278,2765,1002,0.48196317425387225,0.5121236435596177,0.9559129581321031
AMP,781.0,Linear (additive),bare,0.9,47278,2765,1003,0.5570630607154003,0.34823538007700183,0.005471665877848864
AMP,781.0,Lasso (additive),bare,0.9,47278,2765,1003,0.5570643115136472,0.3482324532020511,0.03260775003582239
AMP,781.0,Decision tree,bare,0.9,47278,2765,1003,0.6919148606308637,-0.0055122740177957485,0.06332508311606944
AMP,781.0,LightGBM,bare,0.9,47278,2765,1003,0.46312028810682493,0.5495260587997403,0.5427565001882613
AMP,781.0,Linear (+ pairwise),pw,0.9,47278,2765,1003,0.4819598852917133,0.512130302165442,0.07817712496034801
AMP,781.0,Lasso (+ pairwise),pw,0.9,47278,2765,1003,0.48198703065463083,0.5120753441767731,0.9434719169512391
AMP,781.0,Linear (additive),bare,0.99,52006,2765,1001,0.5570771342129014,0.3482024476344696,0.005614916095510125
AMP,781.0,Lasso (additive),bare,0.99,52006,2765,1001,0.5570770316749328,0.34820268757966444,0.03402995807118714
AMP,781.0,Decision tree,bare,0.99,52006,2765,1001,0.7098380770045721,-0.05828013409620336,0.07049554213881493
AMP,781.0,LightGBM,bare,0.99,52006,2765,1001,0.46274361206301173,0.5502585412288612,0.5481709579471499
AMP,781.0,Linear (+ pairwise),pw,0.99,52006,2765,1001,0.48188343810095946,0.5122850590697996,0.08843195880763233
AMP,781.0,Lasso (+ pairwise),pw,0.99,52006,2765,1001,0.48191834881973605,0.512214390129748,1.002154041081667
AMP,781.0,Linear (additive),bare,0.99,52006,2765,1002,0.5570905035861126,0.34817116209512033,0.005580042023211718
AMP,781.0,Lasso (additive),bare,0.99,52006,2765,1002,0.5570890928169038,0.3481744634577665,0.03304912499152124
AMP,781.0,Decision tree,bare,0.99,52006,2765,1002,0.7004165188102314,-0.0303738302597909,0.07092599989846349
AMP,781.0,LightGBM,bare,0.99,52006,2765,1002,0.46180738740160565,0.5520765375873234,0.5633132921066135
AMP,781.0,Linear (+ pairwise),pw,0.99,52006,2765,1002,0.48194382786018497,0.512162810280766,0.09134095790795982
AMP,781.0,Lasso (+ pairwise),pw,0.99,52006,2765,1002,0.4819746758337802,0.512100357897338,1.0234599579125643
AMP,781.0,Linear (additive),bare,0.99,52006,2765,1003,0.557068657476194,0.3482222835740988,0.0056136250495910645
AMP,781.0,Lasso (additive),bare,0.99,52006,2765,1003,0.5570682203799128,0.3482233063905882,0.03384075011126697
AMP,781.0,Decision tree,bare,0.99,52006,2765,1003,0.7016980773507581,-0.03414784871256393,0.06714508286677301
AMP,781.0,LightGBM,bare,0.99,52006,2765,1003,0.46225325230425246,0.5512111995011751,0.56990204192698
AMP,781.0,Linear (+ pairwise),pw,0.99,52006,2765,1003,0.4819806472688012,0.5120882681374238,0.08672325010411441
AMP,781.0,Lasso (+ pairwise),pw,0.99,52006,2765,1003,0.482006054373834,0.5120368272697429,1.0158601249568164
AZT,36.0,Linear (additive),bare,0.0003,16,2765,1001,1.017848602126905,-6.277559681231262,0.00042033405043184757
AZT,36.0,Lasso (additive),bare,0.0003,16,2765,1001,0.37734406771822776,-0.000217526153764247,0.012834709137678146
AZT,36.0,Decision tree,bare,0.0003,16,2765,1001,0.5872498260826032,-1.4225078902613166,0.0003565419465303421
AZT,36.0,LightGBM,bare,0.0003,16,2765,1001,0.37734406768451667,-0.00021752597504964832,0.0055834169033914804
AZT,36.0,Linear (+ pairwise),pw,0.0003,16,2765,1001,0.41406534209122753,-0.20436234439422019,0.00037533300928771496
AZT,36.0,Lasso (+ pairwise),pw,0.0003,16,2765,1001,0.37734406771822776,-0.000217526153764247,0.012373666977509856
AZT,36.0,Linear (additive),bare,0.0003,16,2765,1002,1.0666862594586697,-6.992687038835356,0.00026641692966222763
AZT,36.0,Lasso (additive),bare,0.0003,16,2765,1002,0.37788129054173863,-0.0030675626769804953,0.013645625207573175
AZT,36.0,Decision tree,bare,0.0003,16,2765,1002,0.5401375024978674,-1.0494063172868535,0.0003717090003192425
AZT,36.0,LightGBM,bare,0.0003,16,2765,1002,0.37788128960068557,-0.0030675576810212934,0.005405459087342024
AZT,36.0,Linear (+ pairwise),pw,0.0003,16,2765,1002,0.411508308508871,-0.18953335134074267,0.0003603328950703144
AZT,36.0,Lasso (+ pairwise),pw,0.0003,16,2765,1002,0.3795052720573954,-0.011707649049469637,0.014560458017513156
AZT,36.0,Linear (additive),bare,0.0003,16,2765,1003,0.7878240375134774,-3.359913386287049,0.00028483406640589237
AZT,36.0,Lasso (additive),bare,0.0003,16,2765,1003,0.3788327383890104,-0.008125066036896333,0.014254749985411763
AZT,36.0,Decision tree,bare,0.0003,16,2765,1003,0.48212987627245885,-0.6328545295325374,0.0004322498571127653
AZT,36.0,LightGBM,bare,0.0003,16,2765,1003,0.3788327369484584,-0.008125058369889748,0.005042707780376077
AZT,36.0,Linear (+ pairwise),pw,0.0003,16,2765,1003,0.40824698554542627,-0.17075327103376048,0.0003609168343245983
AZT,36.0,Lasso (+ pairwise),pw,0.0003,16,2765,1003,0.3788327383890104,-0.008125066036896333,0.013729959027841687
AZT,36.0,Linear (additive),bare,0.001,53,2765,1001,0.41688533550606227,-0.22082283393214208,0.0002772498410195112
AZT,36.0,Lasso (additive),bare,0.001,53,2765,1001,0.3776946685675719,-0.002077049364191952,0.014494417002424598
AZT,36.0,Decision tree,bare,0.001,53,2765,1001,0.4555847804048423,-0.45800099772660396,0.00045849988237023354
AZT,36.0,LightGBM,bare,0.001,53,2765,1001,0.3901204294895371,-0.06909621976173996,0.025610958226025105
AZT,36.0,Linear (+ pairwise),pw,0.001,53,2765,1001,0.4343616197201696,-0.3253247075669785,0.0005462497938424349
AZT,36.0,Lasso (+ pairwise),pw,0.001,53,2765,1001,0.3858131669847616,-0.04561907361296935,0.02519229194149375
AZT,36.0,Linear (additive),bare,0.001,53,2765,1002,0.46027705649870737,-0.48818889944857835,0.0002804999239742756
AZT,36.0,Lasso (additive),bare,0.001,53,2765,1002,0.3990664873315952,-0.11869043075052521,0.014579999959096313
AZT,36.0,Decision tree,bare,0.001,53,2765,1002,0.6140253021912926,-1.6484509958922948,0.0004615001380443573
AZT,36.0,LightGBM,bare,0.001,53,2765,1002,0.4114798706457928,-0.1893689482557286,0.024572292109951377
AZT,36.0,Linear (+ pairwise),pw,0.001,53,2765,1002,0.5595844538497238,-1.1996353359599148,0.0005652089603245258
AZT,36.0,Lasso (+ pairwise),pw,0.001,53,2765,1002,0.385630699089115,-0.04463026964556116,0.04979162500239909
AZT,36.0,Linear (additive),bare,0.001,53,2765,1003,0.45460434014808687,-0.45173237429495394,0.0002963331062346697
AZT,36.0,Lasso (additive),bare,0.001,53,2765,1003,0.3779142978287854,-0.003242802816064261,0.013493834063410759
AZT,36.0,Decision tree,bare,0.001,53,2765,1003,0.7000029659950289,-2.442065789762571,0.00045541697181761265
AZT,36.0,LightGBM,bare,0.001,53,2765,1003,0.3938141821170649,-0.08943697402913142,0.026537124998867512
AZT,36.0,Linear (+ pairwise),pw,0.001,53,2765,1003,0.6008516282309403,-1.5360271073864382,0.0005626659840345383
AZT,36.0,Lasso (+ pairwise),pw,0.001,53,2765,1003,0.3779142978287854,-0.003242802816064261,0.06123141711577773
AZT,36.0,Linear (additive),bare,0.003,158,2765,1001,0.37011656051980024,0.037731117755096744,0.00032400013878941536
AZT,36.0,Lasso (additive),bare,0.003,158,2765,1001,0.37732553346901826,-0.00011927192267346953,0.01418579206801951
AZT,36.0,Decision tree,bare,0.003,158,2765,1001,0.4920746688802578,-0.7009103522774986,0.000694874906912446
AZT,36.0,LightGBM,bare,0.003,158,2765,1001,0.37160079496576204,0.02999789795511254,0.08162716589868069
AZT,36.0,Linear (+ pairwise),pw,0.003,158,2765,1001,1.2096464271867535,-9.278655268263192,0.0014012500178068876
AZT,36.0,Lasso (+ pairwise),pw,0.003,158,2765,1001,0.37732553346901826,-0.00011927192267346953,0.8567283749580383
AZT,36.0,Linear (additive),bare,0.003,158,2765,1002,0.37938943425471444,-0.011090128746746197,0.00032124994322657585
AZT,36.0,Lasso (additive),bare,0.003,158,2765,1002,0.37798024974887373,-0.003592996301836626,0.013604499865323305
AZT,36.0,Decision tree,bare,0.003,158,2765,1002,0.5577320464901918,-1.185096416968126,0.0007042500656098127
AZT,36.0,LightGBM,bare,0.003,158,2765,1002,0.39136230972980185,-0.07591361564001464,0.068992167012766
AZT,36.0,Linear (+ pairwise),pw,0.003,158,2765,1002,1.8595314764020745,-23.289941830586496,0.001516041811555624
AZT,36.0,Lasso (+ pairwise),pw,0.003,158,2765,1002,0.37798024974887373,-0.003592996301836626,0.9109255829825997
AZT,36.0,Linear (additive),bare,0.003,158,2765,1003,0.37825405213374313,-0.005047493891000565,0.0003044579643756151
AZT,36.0,Lasso (additive),bare,0.003,158,2765,1003,0.37507614077167795,0.01176943006312825,0.012209624983370304
AZT,36.0,Decision tree,bare,0.003,158,2765,1003,0.553717500240024,-1.1537530515981391,0.0007474580779671669
AZT,36.0,LightGBM,bare,0.003,158,2765,1003,0.3887026987924181,-0.06133996635556138,0.07430724985897541
AZT,36.0,Linear (+ pairwise),pw,0.003,158,2765,1003,1.7279453459113352,-19.9739104905617,0.0016132500022649765
AZT,36.0,Lasso (+ pairwise),pw,0.003,158,2765,1003,0.3743135733580353,0.015783688948023733,0.5005605828482658
AZT,36.0,Linear (additive),bare,0.01,525,2765,1001,0.3651175964960481,0.0635492661612469,0.00036041694693267345
AZT,36.0,Lasso (additive),bare,0.01,525,2765,1001,0.3739793995521345,0.017540250927641776,0.012380999978631735
AZT,36.0,Decision tree,bare,0.01,525,2765,1001,0.502307674716973,-0.7723889514594249,0.0012676669284701347
AZT,36.0,LightGBM,bare,0.01,525,2765,1001,0.36433452580680303,0.06756178576444605,0.23581008310429752
AZT,36.0,Linear (+ pairwise),pw,0.01,525,2765,1001,0.3956961467500224,-0.09987428637518514,0.0024992090184241533
AZT,36.0,Lasso (+ pairwise),pw,0.01,525,2765,1001,0.3746752459733603,0.013880813476669585,0.051271459087729454
AZT,36.0,Linear (additive),bare,0.01,525,2765,1002,0.37322628507980576,0.021493194066116494,0.00033258390612900257
AZT,36.0,Lasso (additive),bare,0.01,525,2765,1002,0.37308622732239277,0.022227449717206915,0.012594375060871243
AZT,36.0,Decision tree,bare,0.01,525,2765,1002,0.5565720642385223,-1.176016654576956,0.0012337500229477882
AZT,36.0,LightGBM,bare,0.01,525,2765,1002,0.3696552671491606,0.04012826332625208,0.24130154098384082
AZT,36.0,Linear (+ pairwise),pw,0.01,525,2765,1002,0.41996839810475617,-0.23894671933244127,0.0025615831837058067
AZT,36.0,Lasso (+ pairwise),pw,0.01,525,2765,1002,0.3636654554677674,0.07098333309545057,0.06633770908229053
AZT,36.0,Linear (additive),bare,0.01,525,2765,1003,0.3610051845890051,0.08452543050056793,0.0003499998711049557
AZT,36.0,Lasso (additive),bare,0.01,525,2765,1003,0.3614554403723048,0.08224039533064831,0.014662541914731264
AZT,36.0,Decision tree,bare,0.01,525,2765,1003,0.5291377175474561,-0.9667848119168969,0.0011882500257343054
AZT,36.0,LightGBM,bare,0.01,525,2765,1003,0.3662871345501776,0.05754041385942277,0.21339116687886417
AZT,36.0,Linear (+ pairwise),pw,0.01,525,2765,1003,0.3895631688755694,-0.06604413806757359,0.002579374937340617
AZT,36.0,Lasso (+ pairwise),pw,0.01,525,2765,1003,0.3595723590479722,0.09177802580645489,0.05177508294582367
AZT,36.0,Linear (additive),bare,0.03,1576,2765,1001,0.36030557880405145,0.08807025885854525,0.00045254197902977467
AZT,36.0,Lasso (additive),bare,0.03,1576,2765,1001,0.3601146825088401,0.08903631602177109,0.014770000008866191
AZT,36.0,Decision tree,bare,0.03,1576,2765,1001,0.4515273368016979,-0.4321466927815707,0.0025829998776316643
AZT,36.0,LightGBM,bare,0.03,1576,2765,1001,0.3332310172226342,0.2199719069279854,0.3767191250808537
AZT,36.0,Linear (+ pairwise),pw,0.03,1576,2765,1001,0.3525265506173451,0.12702246125080863,0.004345250083133578
AZT,36.0,Lasso (+ pairwise),pw,0.03,1576,2765,1001,0.34691134981583605,0.1546113278795459,0.04342125006951392
AZT,36.0,Linear (additive),bare,0.03,1576,2765,1002,0.3597953197252232,0.09065135094980314,0.0005002499092370272
AZT,36.0,Lasso (additive),bare,0.03,1576,2765,1002,0.3596457036014007,0.09140747491613022,0.01485308283008635
AZT,36.0,Decision tree,bare,0.03,1576,2765,1002,0.4934724823193545,-0.7105874700187138,0.0027409589383751154
AZT,36.0,LightGBM,bare,0.03,1576,2765,1002,0.3364952321527972,0.204615292699741,0.3811150840483606
AZT,36.0,Linear (+ pairwise),pw,0.03,1576,2765,1002,0.3526007733380913,0.1266548203507306,0.00438466714695096
AZT,36.0,Lasso (+ pairwise),pw,0.03,1576,2765,1002,0.34642000620750085,0.1570043436414309,0.04632608382962644
AZT,36.0,Linear (additive),bare,0.03,1576,2765,1003,0.362690112147148,0.07595985810040984,0.0005429999437183142
AZT,36.0,Lasso (additive),bare,0.03,1576,2765,1003,0.3626548264747913,0.07613964679897711,0.012722667073830962
AZT,36.0,Decision tree,bare,0.03,1576,2765,1003,0.5004360018399413,-0.7592051915505487,0.002771875122562051
AZT,36.0,LightGBM,bare,0.03,1576,2765,1003,0.33662445890197296,0.20400426046580233,0.36225550016388297
AZT,36.0,Linear (+ pairwise),pw,0.03,1576,2765,1003,0.35837813812848457,0.09780082774812549,0.0043650001753121614
AZT,36.0,Lasso (+ pairwise),pw,0.03,1576,2765,1003,0.35353163350566397,0.12203750011086789,0.04370362521149218
AZT,36.0,Linear (additive),bare,0.1,5253,2765,1001,0.3595128913619567,0.09207841259447502,0.0009478330612182617
AZT,36.0,Lasso (additive),bare,0.1,5253,2765,1001,0.3594658996873561,0.09231574465395487,0.013503167079761624
AZT,36.0,Decision tree,bare,0.1,5253,2765,1001,0.44905796500512174,-0.41652490459743974,0.008052125107496977
AZT,36.0,LightGBM,bare,0.1,5253,2765,1001,0.31480556390532216,0.3038477908951627,0.4000859160441905
AZT,36.0,Linear (+ pairwise),pw,0.1,5253,2765,1001,0.33899642061966645,0.19274706661795737,0.012177750002592802
AZT,36.0,Lasso (+ pairwise),pw,0.1,5253,2765,1001,0.3375544780905203,0.1995998630844914,0.13796904194168746
AZT,36.0,Linear (additive),bare,0.1,5253,2765,1002,0.36031437001275646,0.08802575739670548,0.0009128749370574951
AZT,36.0,Lasso (additive),bare,0.1,5253,2765,1002,0.3602466873602726,0.08836834178175068,0.013851790921762586
AZT,36.0,Decision tree,bare,0.1,5253,2765,1002,0.4765688972306637,-0.5954044420392299,0.007500208914279938
AZT,36.0,LightGBM,bare,0.1,5253,2765,1002,0.3147102686997632,0.30426919340225134,0.3816295829601586
AZT,36.0,Linear (+ pairwise),pw,0.1,5253,2765,1002,0.3425419757344884,0.17577268446675764,0.011963624972850084
AZT,36.0,Lasso (+ pairwise),pw,0.1,5253,2765,1002,0.34143467921701626,0.18109284355958577,0.10452633281238377
AZT,36.0,Linear (additive),bare,0.1,5253,2765,1003,0.36006093196165306,0.08930823574417224,0.0009306250140070915
AZT,36.0,Lasso (additive),bare,0.1,5253,2765,1003,0.36003750576326926,0.0894267343094256,0.02610962511971593
AZT,36.0,Decision tree,bare,0.1,5253,2765,1003,0.49814308134010377,-0.7431213099090346,0.007787750102579594
AZT,36.0,LightGBM,bare,0.1,5253,2765,1003,0.31590760764095943,0.2989652022417517,0.4046926670707762
AZT,36.0,Linear (+ pairwise),pw,0.1,5253,2765,1003,0.33882071760355925,0.19358365372794573,0.012263459153473377
AZT,36.0,Lasso (+ pairwise),pw,0.1,5253,2765,1003,0.33831951387870063,0.1959676870107847,0.11789791705086827
AZT,36.0,Linear (additive),bare,0.3,15759,2765,1001,0.3588855868821523,0.09524406479947367,0.002017499879002571
AZT,36.0,Lasso (additive),bare,0.3,15759,2765,1001,0.35887983026605436,0.09527308959734881,0.016503249993547797
AZT,36.0,Decision tree,bare,0.3,15759,2765,1001,0.41986949899193365,-0.23836326446089307,0.022364999866113067
AZT,36.0,LightGBM,bare,0.3,15759,2765,1001,0.2982822324138792,0.37500840606561625,0.4147126250900328
AZT,36.0,Linear (+ pairwise),pw,0.3,15759,2765,1001,0.33597224302819356,0.20708578411139889,0.03176954202353954
AZT,36.0,Lasso (+ pairwise),pw,0.3,15759,2765,1001,0.33565671268050734,0.2085744250357573,0.26890679192729294
AZT,36.0,Linear (additive),bare,0.3,15759,2765,1002,0.35910755735305216,0.09412453693513878,0.0019986252300441265
AZT,36.0,Lasso (additive),bare,0.3,15759,2765,1002,0.3591020411501966,0.09415236678352124,0.01716470904648304
AZT,36.0,Decision tree,bare,0.3,15759,2765,1002,0.4513600960910884,-0.4310859867974153,0.02261199988424778
AZT,36.0,LightGBM,bare,0.3,15759,2765,1002,0.30110822479293786,0.36310968682148637,0.4717154169920832
AZT,36.0,Linear (+ pairwise),pw,0.3,15759,2765,1002,0.3369960757686175,0.2022458099902047,0.031346374889835715
AZT,36.0,Lasso (+ pairwise),pw,0.3,15759,2765,1002,0.3367873893236945,0.20323353032809965,0.3224352498073131
AZT,36.0,Linear (additive),bare,0.3,15759,2765,1003,0.35969095467028284,0.09117882005339661,0.002167333150282502
AZT,36.0,Lasso (additive),bare,0.3,15759,2765,1003,0.35968115810106766,0.09122832481981935,0.02779558300971985
AZT,36.0,Decision tree,bare,0.3,15759,2765,1003,0.4367529063510751,-0.3399574692057443,0.022140041925013065
AZT,36.0,LightGBM,bare,0.3,15759,2765,1003,0.3002607853315688,0.36668957230281307,0.4202251669485122
AZT,36.0,Linear (+ pairwise),pw,0.3,15759,2765,1003,0.3370636612367647,0.20192579441237501,0.030844583874568343
AZT,36.0,Lasso (+ pairwise),pw,0.3,15759,2765,1003,0.3367878399688813,0.2032313980676521,0.29901208402588964
AZT,36.0,Linear (additive),bare,0.5,26266,2765,1001,0.35901397068534124,0.09459663403961627,0.003361582988873124
AZT,36.0,Lasso (additive),bare,0.5,26266,2765,1001,0.3590100727624393,0.09461629440742969,0.03057454200461507
AZT,36.0,Decision tree,bare,0.5,26266,2765,1001,0.4282462822768206,-0.2882691574439371,0.03651270782575011
AZT,36.0,LightGBM,bare,0.5,26266,2765,1001,0.2947115557257196,0.38988214240770214,0.5023245420306921
AZT,36.0,Linear (+ pairwise),pw,0.5,26266,2765,1001,0.3353276314005461,0.21012550779804984,0.04699208401143551
AZT,36.0,Lasso (+ pairwise),pw,0.5,26266,2765,1001,0.33516965965025375,0.21086954707869898,0.4225175001192838
AZT,36.0,Linear (additive),bare,0.5,26266,2765,1002,0.3590694987814773,0.09431653790267969,0.0034410839434713125
AZT,36.0,Lasso (additive),bare,0.5,26266,2765,1002,0.3590655019881507,0.09433670006896511,0.03148312494158745
AZT,36.0,Decision tree,bare,0.5,26266,2765,1002,0.4280368195782319,-0.28700923597997985,0.036468083038926125
AZT,36.0,LightGBM,bare,0.5,26266,2765,1002,0.2946335115914877,0.3902052367303458,0.49481541593559086
AZT,36.0,Linear (+ pairwise),pw,0.5,26266,2765,1002,0.3358065061053263,0.2078678888897585,0.04207658302038908
AZT,36.0,Lasso (+ pairwise),pw,0.5,26266,2765,1002,0.335698073722081,0.20837936739684015,0.496362583944574
AZT,36.0,Linear (additive),bare,0.5,26266,2765,1003,0.3594019869666459,0.09263848688382137,0.003412083024159074
AZT,36.0,Lasso (additive),bare,0.5,26266,2765,1003,0.3593968679458996,0.09266433409390984,0.02928712498396635
AZT,36.0,Decision tree,bare,0.5,26266,2765,1003,0.42187600847905293,-0.2502275456533034,0.03720137500204146
AZT,36.0,LightGBM,bare,0.5,26266,2765,1003,0.2948198295857395,0.389433758562154,0.4826497088652104
AZT,36.0,Linear (+ pairwise),pw,0.5,26266,2765,1003,0.33603800015238616,0.2067753723908088,0.04620991600677371
AZT,36.0,Lasso (+ pairwise),pw,0.5,26266,2765,1003,0.3359102940902802,0.20737816341347248,0.4845275410916656
AZT,36.0,Linear (additive),bare,0.7,36772,2765,1001,0.35920336313938006,0.09364111804676334,0.004260499961674213
AZT,36.0,Lasso (additive),bare,0.7,36772,2765,1001,0.359198215027398,0.09366709777892712,0.029742666985839605
AZT,36.0,Decision tree,bare,0.7,36772,2765,1001,0.4284517292902765,-0.28950552328559964,0.049717457965016365
AZT,36.0,LightGBM,bare,0.7,36772,2765,1001,0.29399424201866325,0.39284852285104455,0.5072765408549458
AZT,36.0,Linear (+ pairwise),pw,0.7,36772,2765,1001,0.33539642215535304,0.20980139710262347,0.05467504193075001
AZT,36.0,Lasso (+ pairwise),pw,0.7,36772,2765,1001,0.3352306303622163,0.21058241952788836,0.5383043331094086
AZT,36.0,Linear (additive),bare,0.7,36772,2765,1002,0.3591025561239037,0.09414976870278258,0.0042715000454336405
AZT,36.0,Lasso (additive),bare,0.7,36772,2765,1002,0.35909896529393515,0.09416788463005266,0.03080412489362061
AZT,36.0,Decision tree,bare,0.7,36772,2765,1002,0.4332253723120494,-0.3183999377140674,0.04953991691581905
AZT,36.0,LightGBM,bare,0.7,36772,2765,1002,0.2938818260289811,0.39331275292920076,0.5062740419525653
AZT,36.0,Linear (+ pairwise),pw,0.7,36772,2765,1002,0.33579266159617377,0.20793320301558826,0.06197554199025035
AZT,36.0,Lasso (+ pairwise),pw,0.7,36772,2765,1002,0.33570930659435644,0.20832638930179415,0.5937126248609275
AZT,36.0,Linear (additive),bare,0.7,36772,2765,1003,0.35928410789820076,0.09323359427462297,0.0042708751279860735
AZT,36.0,Lasso (additive),bare,0.7,36772,2765,1003,0.35927964696799364,0.09325611125463618,0.03200158290565014
AZT,36.0,Decision tree,bare,0.7,36772,2765,1003,0.429933296285671,-0.29843904781344266,0.051419083029031754
AZT,36.0,LightGBM,bare,0.7,36772,2765,1003,0.29331513499342854,0.3956502417821297,0.5257804170250893
AZT,36.0,Linear (+ pairwise),pw,0.7,36772,2765,1003,0.3356201273890634,0.20874694032447894,0.057917875004932284
AZT,36.0,Lasso (+ pairwise),pw,0.7,36772,2765,1003,0.3355147991781673,0.2092435028651516,0.5742701250128448
AZT,36.0,Linear (additive),bare,0.9,47278,2765,1001,0.3590779812406867,0.09427374666704103,0.005462167086079717
AZT,36.0,Lasso (additive),bare,0.9,47278,2765,1001,0.35907529812658745,0.09428728221044913,0.03328433306887746
AZT,36.0,Decision tree,bare,0.9,47278,2765,1001,0.42405442153659273,-0.26317231408900055,0.0655175419524312
AZT,36.0,LightGBM,bare,0.9,47278,2765,1001,0.2920303150029312,0.4009331606198385,0.5251720841042697
AZT,36.0,Linear (+ pairwise),pw,0.9,47278,2765,1001,0.3350331890038152,0.21151203493693793,0.07771254214458168
AZT,36.0,Lasso (+ pairwise),pw,0.9,47278,2765,1001,0.33495238296035873,0.21189233701600085,0.8975477500353009
AZT,36.0,Linear (additive),bare,0.9,47278,2765,1002,0.3590292526855225,0.0945195525329553,0.0055574579164385796
AZT,36.0,Lasso (additive),bare,0.9,47278,2765,1002,0.35902648468544274,0.09453351440525648,0.03228445793502033
AZT,36.0,Decision tree,bare,0.9,47278,2765,1002,0.4247980968759783,-0.26760671575131245,0.06232216698117554
AZT,36.0,LightGBM,bare,0.9,47278,2765,1002,0.2916123967046559,0.4026465570591735,0.5372723748441786
AZT,36.0,Linear (+ pairwise),pw,0.9,47278,2765,1002,0.3352751657044647,0.2103726575655921,0.0820082079153508
AZT,36.0,Lasso (+ pairwise),pw,0.9,47278,2765,1002,0.33519272168327624,0.21076094787737887,0.8829844160936773
AZT,36.0,Linear (additive),bare,0.9,47278,2765,1003,0.35916400850077285,0.09383971013091874,0.005253457929939032
AZT,36.0,Lasso (additive),bare,0.9,47278,2765,1003,0.35916081780323317,0.09385581013256894,0.02916408283635974
AZT,36.0,Decision tree,bare,0.9,47278,2765,1003,0.429749272022475,-0.297327744485673,0.06608870788477361
AZT,36.0,LightGBM,bare,0.9,47278,2765,1003,0.2908665278793999,0.40569839928937956,0.5247457919176668
AZT,36.0,Linear (+ pairwise),pw,0.9,47278,2765,1003,0.33520941115130115,0.2106823524485817,0.07928004185669124
AZT,36.0,Lasso (+ pairwise),pw,0.9,47278,2765,1003,0.335122475899371,0.21109171225864043,0.8746597501449287
AZT,36.0,Linear (additive),bare,0.99,52006,2765,1001,0.3591038798194528,0.09414309054297088,0.005682291928678751
AZT,36.0,Lasso (additive),bare,0.99,52006,2765,1001,0.35910084886975024,0.09415838191294856,0.035227208863943815
AZT,36.0,Decision tree,bare,0.99,52006,2765,1001,0.42528879871885195,-0.2705369370248192,0.07114433287642896
AZT,36.0,LightGBM,bare,0.99,52006,2765,1001,0.29060219033790624,0.40677810303657425,0.5224162091035396
AZT,36.0,Linear (+ pairwise),pw,0.99,52006,2765,1001,0.3350623784330489,0.2113746365118564,0.08469008305110037
AZT,36.0,Lasso (+ pairwise),pw,0.99,52006,2765,1001,0.3349928205402439,0.21170203480036953,0.963360041147098
AZT,36.0,Linear (additive),bare,0.99,52006,2765,1002,0.3591275512625146,0.09402366188625977,0.0055162080097943544
AZT,36.0,Lasso (additive),bare,0.99,52006,2765,1002,0.3591245380198203,0.09403886492551317,0.03244658303447068
AZT,36.0,Decision tree,bare,0.99,52006,2765,1002,0.43278800323727734,-0.31573926118662254,0.06854733312502503
AZT,36.0,LightGBM,bare,0.99,52006,2765,1002,0.29045039845125276,0.4073976630863484,0.5193779170513153
AZT,36.0,Linear (+ pairwise),pw,0.99,52006,2765,1002,0.3351962419134771,0.21074437044263006,0.08864020789042115
AZT,36.0,Lasso (+ pairwise),pw,0.99,52006,2765,1002,0.3351198666314204,0.21110399711116756,0.9537896658293903
AZT,36.0,Linear (additive),bare,0.99,52006,2765,1003,0.3591214448533467,0.09405447108017329,0.005627790931612253
AZT,36.0,Lasso (additive),bare,0.99,52006,2765,1003,0.35911821034240626,0.09407079022552367,0.032184582902118564
AZT,36.0,Decision tree,bare,0.99,52006,2765,1003,0.4287879224620765,-0.2915299895602448,0.06994308298453689
AZT,36.0,LightGBM,bare,0.99,52006,2765,1003,0.2908121518748815,0.40592058178751456,0.5202086670324206
AZT,36.0,Linear (+ pairwise),pw,0.99,52006,2765,1003,0.33518301025371605,0.21080667994691682,0.08969020820222795
AZT,36.0,Lasso (+ pairwise),pw,0.99,52006,2765,1003,0.3350982766912903,0.21120564234632588,0.9412839158903807
