genotype,category,label,position,rank
.............,WT,WT (TEM-1),,
XXXXXXXXXXXXX,dead,TEM-1$^{dead}$,,
P............,single,L21P,21,
.K...........,single,Q39K,39,
..L..........,single,M69L,69,
..V..........,single,M69V,69,
...K.........,single,E104K,104,
....H........,single,R164H,164,
....N........,single,R164N,164,
....S........,single,R164S,164,
.....T.......,single,M182T,182,
......T......,single,A237T,237,
.......S.....,single,G238S,238,
........K....,single,E240K,240,
.........C...,single,R244C,244,
.........S...,single,R244S,244,
..........M..,single,T265M,265,
...........L.,single,R275L,275,
...........Q.,single,R275Q,275,
............D,single,N276D,276,
.K.K...S.....,clinical,TEM-3,,
....S.T.K....,clinical,TEM-5,,
...KH........,clinical,TEM-6,,
.K..S........,clinical,TEM-7,,
.K.KS..S.....,clinical,TEM-8,,
....S...K....,clinical,TEM-10,,
.K..H........,clinical,TEM-11,,
.K........M..,clinical,TEM-13,,
...K...S.....,clinical,TEM-15,,
.K.KH........,clinical,TEM-16,,
.K.K.........,clinical,TEM-18,,
.....T.S.....,clinical,TEM-20,,
.K.KS.T.K....,clinical,TEM-24,,
...KS........,clinical,TEM-26,,
....H...K.M..,clinical,TEM-27,,
....H...K....,clinical,TEM-28,,
..V........L.,clinical,TEM-38,,
...KHT.......,clinical,TEM-43,,
.K.......S...,clinical,TEM-44,,
..L........Q.,clinical,TEM-45,,
.K.KS...K....,clinical,TEM-46,,
.......SK.M..,clinical,TEM-47,,
...K.T.S.....,clinical,TEM-52,,
.K..H...K....,clinical,TEM-61,,
.K.......C...,clinical,TEM-65,,
.......SK.ML.,clinical,TEM-68,,
.......SK....,clinical,TEM-71,,
.K...T.SK....,clinical,TEM-72,,
..L......S...,clinical,TEM-77,,
..V........Q.,clinical,TEM-82,,
.....T.SK....,clinical,TEM-93,,
...K.T.......,clinical,TEM-106,,
...KHT.S.....,clinical,TEM-107,,
..LKH........,clinical,TEM-109,,
.K.K.T.S.....,clinical,TEM-113,,
.K..S.T.K....,clinical,TEM-114,,
....H.....M..,clinical,TEM-118,,
.K.KS.T.KS...,clinical,TEM-121,,
.K.KS........,clinical,TEM-129,,
.K.KH..S.....,clinical,TEM-134,,
..L.S........,clinical,TEM-154,,
.K..S...K....,clinical,TEM-155,,
.KV..........,clinical,TEM-160,,
....ST.......,clinical,TEM-165,,
..L.....K....,clinical,TEM-189,,
.K......K....,clinical,TEM-203,,
..L.ST.......,clinical,TEM-223,,
....N..S...T.,top_composite_amp,....N..S...T.,,1
.K.K....K..L.,top_composite_amp,.K.K....K..L.,,2
....H...K.M.D,top_composite_amp,....H...K.M.D,,3
.K..S..SK....,top_composite_amp,.K..S..SK....,,4
T..K........D,top_composite_amp,T..K........D,,5
.K.KST.....L.,top_composite_amp,.K.KST.....L.,,6
.K.KST..K..L.,top_composite_amp,.K.KST..K..L.,,7
.K..H..SK.MT.,top_composite_amp,.K..H..SK.MT.,,8
..VK.T..K...D,top_composite_amp,..VK.T..K...D,,9
.K...T.......,top_composite_amp,.K...T.......,,10
...K.T.....Q.,top_composite_amp,...K.T.....Q.,,11
PK.K....K....,top_composite_amp,PK.K....K....,,12
.K.K...S..ML.,top_composite_amp,.K.K...S..ML.,,13
.K.KNT....M.D,top_composite_amp,.K.KNT....M.D,,14
....HT..K....,top_composite_amp,....HT..K....,,15
.K.KS......L.,top_composite_amp,.K.KS......L.,,16
P......SK....,top_composite_amp,P......SK....,,17
.K.K.T..K.ML.,top_composite_amp,.K.K.T..K.ML.,,18
P.......K.ML.,top_composite_amp,P.......K.ML.,,19
...K.T..K.M.D,top_composite_amp,...K.T..K.M.D,,20
.K.KNT..K.M..,top_composite_azt,.K.KNT..K.M..,,1
.K.KN...K.M..,top_composite_azt,.K.KN...K.M..,,2
P..KN...K.M..,top_composite_azt,P..KN...K.M..,,3
...KNT..K.M..,top_composite_azt,...KNT..K.M..,,4
...KNT..K....,top_composite_azt,...KNT..K....,,5
.K.KNT..K....,top_composite_azt,.K.KNT..K....,,6
.K.KN...K....,top_composite_azt,.K.KN...K....,,7
...KN...K.M..,top_composite_azt,...KN...K.M..,,8
.KLKNT..K....,top_composite_azt,.KLKNT..K....,,9
P..KN...K....,top_composite_azt,P..KN...K....,,10
PK.KN...K....,top_composite_azt,PK.KN...K....,,11
.K.KST..K....,top_composite_azt,.K.KST..K....,,12
...KN...K....,top_composite_azt,...KN...K....,,13
.K.KS...K.M..,top_composite_azt,.K.KS...K.M..,,14
.KLKN...K....,top_composite_azt,.KLKN...K....,,15
PK.KN...K.M..,top_composite_azt,PK.KN...K.M..,,16
P.LKN...K....,top_composite_azt,P.LKN...K....,,17
.K.KN...K.M.D,top_composite_azt,.K.KN...K.M.D,,18
..LKNT..K....,top_composite_azt,..LKNT..K....,,19
.K.KST..K.M..,top_composite_azt,.K.KST..K.M..,,20
